tile_name,lon_center,lat_center
8602837_3328677.tif,8601499.996078495,3330014.3694799384
8602837_3328677.tif,8601805.744191594,3330014.3694799384
8602837_3328677.tif,8602111.49230469,3330014.3694799384
8602837_3328677.tif,8602417.24041779,3330014.3694799384
8602837_3328677.tif,8602722.988530887,3330014.3694799384
8602837_3328677.tif,8603028.736643985,3330014.3694799384
8602837_3328677.tif,8603334.484757084,3330014.3694799384
8602837_3328677.tif,8603640.23287018,3330014.3694799384
8602837_3328677.tif,8603945.98098328,3330014.3694799384
8602837_3328677.tif,8604175.292068101,3330014.3694799384
8602837_3328677.tif,8601499.996078495,3329708.6213668403
8602837_3328677.tif,8601805.744191594,3329708.6213668403
8602837_3328677.tif,8602111.49230469,3329708.6213668403
8602837_3328677.tif,8602417.24041779,3329708.6213668403
8602837_3328677.tif,8602722.988530887,3329708.6213668403
8602837_3328677.tif,8603028.736643985,3329708.6213668403
8602837_3328677.tif,8603334.484757084,3329708.6213668403
8602837_3328677.tif,8603640.23287018,3329708.6213668403
8602837_3328677.tif,8603945.98098328,3329708.6213668403
8602837_3328677.tif,8604175.292068101,3329708.6213668403
8602837_3328677.tif,8601499.996078495,3329402.8732537422
8602837_3328677.tif,8601805.744191594,3329402.8732537422
8602837_3328677.tif,8602111.49230469,3329402.8732537422
8602837_3328677.tif,8602417.24041779,3329402.8732537422
8602837_3328677.tif,8602722.988530887,3329402.8732537422
8602837_3328677.tif,8603028.736643985,3329402.8732537422
8602837_3328677.tif,8603334.484757084,3329402.8732537422
8602837_3328677.tif,8603640.23287018,3329402.8732537422
8602837_3328677.tif,8603945.98098328,3329402.8732537422
8602837_3328677.tif,8604175.292068101,3329402.8732537422
8602837_3328677.tif,8601499.996078495,3329097.1251406446
8602837_3328677.tif,8601805.744191594,3329097.1251406446
8602837_3328677.tif,8602111.49230469,3329097.1251406446
8602837_3328677.tif,8602417.24041779,3329097.1251406446
8602837_3328677.tif,8602722.988530887,3329097.1251406446
8602837_3328677.tif,8603028.736643985,3329097.1251406446
8602837_3328677.tif,8603334.484757084,3329097.1251406446
8602837_3328677.tif,8603640.23287018,3329097.1251406446
8602837_3328677.tif,8603945.98098328,3329097.1251406446
8602837_3328677.tif,8604175.292068101,3329097.1251406446
8602837_3328677.tif,8601499.996078495,3328791.377027547
8602837_3328677.tif,8601805.744191594,3328791.377027547
8602837_3328677.tif,8602111.49230469,3328791.377027547
8602837_3328677.tif,8602417.24041779,3328791.377027547
8602837_3328677.tif,8602722.988530887,3328791.377027547
8602837_3328677.tif,8603028.736643985,3328791.377027547
8602837_3328677.tif,8603334.484757084,3328791.377027547
8602837_3328677.tif,8603640.23287018,3328791.377027547
8602837_3328677.tif,8603945.98098328,3328791.377027547
8602837_3328677.tif,8604175.292068101,3328791.377027547
8602837_3328677.tif,8601499.996078495,3328485.628914449
8602837_3328677.tif,8601805.744191594,3328485.628914449
8602837_3328677.tif,8602111.49230469,3328485.628914449
8602837_3328677.tif,8602417.24041779,3328485.628914449
8602837_3328677.tif,8602722.988530887,3328485.628914449
8602837_3328677.tif,8603028.736643985,3328485.628914449
8602837_3328677.tif,8603334.484757084,3328485.628914449
8602837_3328677.tif,8603640.23287018,3328485.628914449
8602837_3328677.tif,8603945.98098328,3328485.628914449
8602837_3328677.tif,8604175.292068101,3328485.628914449
8602837_3328677.tif,8601499.996078495,3328179.880801351
8602837_3328677.tif,8601805.744191594,3328179.880801351
8602837_3328677.tif,8602111.49230469,3328179.880801351
8602837_3328677.tif,8602417.24041779,3328179.880801351
8602837_3328677.tif,8602722.988530887,3328179.880801351
8602837_3328677.tif,8603028.736643985,3328179.880801351
8602837_3328677.tif,8603334.484757084,3328179.880801351
8602837_3328677.tif,8603640.23287018,3328179.880801351
8602837_3328677.tif,8603945.98098328,3328179.880801351
8602837_3328677.tif,8604175.292068101,3328179.880801351
8602837_3328677.tif,8601499.996078495,3327874.132688253
8602837_3328677.tif,8601805.744191594,3327874.132688253
8602837_3328677.tif,8602111.49230469,3327874.132688253
8602837_3328677.tif,8602417.24041779,3327874.132688253
8602837_3328677.tif,8602722.988530887,3327874.132688253
8602837_3328677.tif,8603028.736643985,3327874.132688253
8602837_3328677.tif,8603334.484757084,3327874.132688253
8602837_3328677.tif,8603640.23287018,3327874.132688253
8602837_3328677.tif,8603945.98098328,3327874.132688253
8602837_3328677.tif,8604175.292068101,3327874.132688253
8602837_3328677.tif,8601499.996078495,3327568.3845751556
8602837_3328677.tif,8601805.744191594,3327568.3845751556
8602837_3328677.tif,8602111.49230469,3327568.3845751556
8602837_3328677.tif,8602417.24041779,3327568.3845751556
8602837_3328677.tif,8602722.988530887,3327568.3845751556
8602837_3328677.tif,8603028.736643985,3327568.3845751556
8602837_3328677.tif,8603334.484757084,3327568.3845751556
8602837_3328677.tif,8603640.23287018,3327568.3845751556
8602837_3328677.tif,8603945.98098328,3327568.3845751556
8602837_3328677.tif,8604175.292068101,3327568.3845751556
8602837_3328677.tif,8601499.996078495,3327339.073490332
8602837_3328677.tif,8601805.744191594,3327339.073490332
8602837_3328677.tif,8602111.49230469,3327339.073490332
8602837_3328677.tif,8602417.24041779,3327339.073490332
8602837_3328677.tif,8602722.988530887,3327339.073490332
8602837_3328677.tif,8603028.736643985,3327339.073490332
8602837_3328677.tif,8603334.484757084,3327339.073490332
8602837_3328677.tif,8603640.23287018,3327339.073490332
8602837_3328677.tif,8603945.98098328,3327339.073490332
8602837_3328677.tif,8604175.292068101,3327339.073490332
8602837_3331429.tif,8601499.996078495,3332766.102497818
8602837_3331429.tif,8601805.744191594,3332766.102497818
8602837_3331429.tif,8602111.49230469,3332766.102497818
8602837_3331429.tif,8602417.24041779,3332766.102497818
8602837_3331429.tif,8602722.988530887,3332766.102497818
8602837_3331429.tif,8603028.736643985,3332766.102497818
8602837_3331429.tif,8603334.484757084,3332766.102497818
8602837_3331429.tif,8603640.23287018,3332766.102497818
8602837_3331429.tif,8603945.98098328,3332766.102497818
8602837_3331429.tif,8604175.292068101,3332766.102497818
8602837_3331429.tif,8601499.996078495,3332460.3543847203
8602837_3331429.tif,8601805.744191594,3332460.3543847203
8602837_3331429.tif,8602111.49230469,3332460.3543847203
8602837_3331429.tif,8602417.24041779,3332460.3543847203
8602837_3331429.tif,8602722.988530887,3332460.3543847203
8602837_3331429.tif,8603028.736643985,3332460.3543847203
8602837_3331429.tif,8603334.484757084,3332460.3543847203
8602837_3331429.tif,8603640.23287018,3332460.3543847203
8602837_3331429.tif,8603945.98098328,3332460.3543847203
8602837_3331429.tif,8604175.292068101,3332460.3543847203
8602837_3331429.tif,8601499.996078495,3332154.6062716227
8602837_3331429.tif,8601805.744191594,3332154.6062716227
8602837_3331429.tif,8602111.49230469,3332154.6062716227
8602837_3331429.tif,8602417.24041779,3332154.6062716227
8602837_3331429.tif,8602722.988530887,3332154.6062716227
8602837_3331429.tif,8603028.736643985,3332154.6062716227
8602837_3331429.tif,8603334.484757084,3332154.6062716227
8602837_3331429.tif,8603640.23287018,3332154.6062716227
8602837_3331429.tif,8603945.98098328,3332154.6062716227
8602837_3331429.tif,8604175.292068101,3332154.6062716227
8602837_3331429.tif,8601499.996078495,3331848.858158524
8602837_3331429.tif,8601805.744191594,3331848.858158524
8602837_3331429.tif,8602111.49230469,3331848.858158524
8602837_3331429.tif,8602417.24041779,3331848.858158524
8602837_3331429.tif,8602722.988530887,3331848.858158524
8602837_3331429.tif,8603028.736643985,3331848.858158524
8602837_3331429.tif,8603334.484757084,3331848.858158524
8602837_3331429.tif,8603640.23287018,3331848.858158524
8602837_3331429.tif,8603945.98098328,3331848.858158524
8602837_3331429.tif,8604175.292068101,3331848.858158524
8602837_3331429.tif,8601499.996078495,3331543.1100454265
8602837_3331429.tif,8601805.744191594,3331543.1100454265
8602837_3331429.tif,8602111.49230469,3331543.1100454265
8602837_3331429.tif,8602417.24041779,3331543.1100454265
8602837_3331429.tif,8602722.988530887,3331543.1100454265
8602837_3331429.tif,8603028.736643985,3331543.1100454265
8602837_3331429.tif,8603334.484757084,3331543.1100454265
8602837_3331429.tif,8603640.23287018,3331543.1100454265
8602837_3331429.tif,8603945.98098328,3331543.1100454265
8602837_3331429.tif,8604175.292068101,3331543.1100454265
8602837_3331429.tif,8601499.996078495,3331237.361932329
8602837_3331429.tif,8601805.744191594,3331237.361932329
8602837_3331429.tif,8602111.49230469,3331237.361932329
8602837_3331429.tif,8602417.24041779,3331237.361932329
8602837_3331429.tif,8602722.988530887,3331237.361932329
8602837_3331429.tif,8603028.736643985,3331237.361932329
8602837_3331429.tif,8603334.484757084,3331237.361932329
8602837_3331429.tif,8603640.23287018,3331237.361932329
8602837_3331429.tif,8603945.98098328,3331237.361932329
8602837_3331429.tif,8604175.292068101,3331237.361932329
8602837_3331429.tif,8601499.996078495,3330931.6138192303
8602837_3331429.tif,8601805.744191594,3330931.6138192303
8602837_3331429.tif,8602111.49230469,3330931.6138192303
8602837_3331429.tif,8602417.24041779,3330931.6138192303
8602837_3331429.tif,8602722.988530887,3330931.6138192303
8602837_3331429.tif,8603028.736643985,3330931.6138192303
8602837_3331429.tif,8603334.484757084,3330931.6138192303
8602837_3331429.tif,8603640.23287018,3330931.6138192303
8602837_3331429.tif,8603945.98098328,3330931.6138192303
8602837_3331429.tif,8604175.292068101,3330931.6138192303
8602837_3331429.tif,8601499.996078495,3330625.8657061327
8602837_3331429.tif,8601805.744191594,3330625.8657061327
8602837_3331429.tif,8602111.49230469,3330625.8657061327
8602837_3331429.tif,8602417.24041779,3330625.8657061327
8602837_3331429.tif,8602722.988530887,3330625.8657061327
8602837_3331429.tif,8603028.736643985,3330625.8657061327
8602837_3331429.tif,8603334.484757084,3330625.8657061327
8602837_3331429.tif,8603640.23287018,3330625.8657061327
8602837_3331429.tif,8603945.98098328,3330625.8657061327
8602837_3331429.tif,8604175.292068101,3330625.8657061327
8602837_3331429.tif,8601499.996078495,3330320.117593035
8602837_3331429.tif,8601805.744191594,3330320.117593035
8602837_3331429.tif,8602111.49230469,3330320.117593035
8602837_3331429.tif,8602417.24041779,3330320.117593035
8602837_3331429.tif,8602722.988530887,3330320.117593035
8602837_3331429.tif,8603028.736643985,3330320.117593035
8602837_3331429.tif,8603334.484757084,3330320.117593035
8602837_3331429.tif,8603640.23287018,3330320.117593035
8602837_3331429.tif,8603945.98098328,3330320.117593035
8602837_3331429.tif,8604175.292068101,3330320.117593035
8602837_3331429.tif,8601499.996078495,3330090.8065082114
8602837_3331429.tif,8601805.744191594,3330090.8065082114
8602837_3331429.tif,8602111.49230469,3330090.8065082114
8602837_3331429.tif,8602417.24041779,3330090.8065082114
8602837_3331429.tif,8602722.988530887,3330090.8065082114
8602837_3331429.tif,8603028.736643985,3330090.8065082114
8602837_3331429.tif,8603334.484757084,3330090.8065082114
8602837_3331429.tif,8603640.23287018,3330090.8065082114
8602837_3331429.tif,8603945.98098328,3330090.8065082114
8602837_3331429.tif,8604175.292068101,3330090.8065082114
8602837_3334180.tif,8601499.996078495,3335517.8355157003
8602837_3334180.tif,8601805.744191594,3335517.8355157003
8602837_3334180.tif,8602111.49230469,3335517.8355157003
8602837_3334180.tif,8602417.24041779,3335517.8355157003
8602837_3334180.tif,8602722.988530887,3335517.8355157003
8602837_3334180.tif,8603028.736643985,3335517.8355157003
8602837_3334180.tif,8603334.484757084,3335517.8355157003
8602837_3334180.tif,8603640.23287018,3335517.8355157003
8602837_3334180.tif,8603945.98098328,3335517.8355157003
8602837_3334180.tif,8604175.292068101,3335517.8355157003
8602837_3334180.tif,8601499.996078495,3335212.0874026027
8602837_3334180.tif,8601805.744191594,3335212.0874026027
8602837_3334180.tif,8602111.49230469,3335212.0874026027
8602837_3334180.tif,8602417.24041779,3335212.0874026027
8602837_3334180.tif,8602722.988530887,3335212.0874026027
8602837_3334180.tif,8603028.736643985,3335212.0874026027
8602837_3334180.tif,8603334.484757084,3335212.0874026027
8602837_3334180.tif,8603640.23287018,3335212.0874026027
8602837_3334180.tif,8603945.98098328,3335212.0874026027
8602837_3334180.tif,8604175.292068101,3335212.0874026027
8602837_3334180.tif,8601499.996078495,3334906.339289505
8602837_3334180.tif,8601805.744191594,3334906.339289505
8602837_3334180.tif,8602111.49230469,3334906.339289505
8602837_3334180.tif,8602417.24041779,3334906.339289505
8602837_3334180.tif,8602722.988530887,3334906.339289505
8602837_3334180.tif,8603028.736643985,3334906.339289505
8602837_3334180.tif,8603334.484757084,3334906.339289505
8602837_3334180.tif,8603640.23287018,3334906.339289505
8602837_3334180.tif,8603945.98098328,3334906.339289505
8602837_3334180.tif,8604175.292068101,3334906.339289505
8602837_3334180.tif,8601499.996078495,3334600.591176407
8602837_3334180.tif,8601805.744191594,3334600.591176407
8602837_3334180.tif,8602111.49230469,3334600.591176407
8602837_3334180.tif,8602417.24041779,3334600.591176407
8602837_3334180.tif,8602722.988530887,3334600.591176407
8602837_3334180.tif,8603028.736643985,3334600.591176407
8602837_3334180.tif,8603334.484757084,3334600.591176407
8602837_3334180.tif,8603640.23287018,3334600.591176407
8602837_3334180.tif,8603945.98098328,3334600.591176407
8602837_3334180.tif,8604175.292068101,3334600.591176407
8602837_3334180.tif,8601499.996078495,3334294.843063309
8602837_3334180.tif,8601805.744191594,3334294.843063309
8602837_3334180.tif,8602111.49230469,3334294.843063309
8602837_3334180.tif,8602417.24041779,3334294.843063309
8602837_3334180.tif,8602722.988530887,3334294.843063309
8602837_3334180.tif,8603028.736643985,3334294.843063309
8602837_3334180.tif,8603334.484757084,3334294.843063309
8602837_3334180.tif,8603640.23287018,3334294.843063309
8602837_3334180.tif,8603945.98098328,3334294.843063309
8602837_3334180.tif,8604175.292068101,3334294.843063309
8602837_3334180.tif,8601499.996078495,3333989.0949502112
8602837_3334180.tif,8601805.744191594,3333989.0949502112
8602837_3334180.tif,8602111.49230469,3333989.0949502112
8602837_3334180.tif,8602417.24041779,3333989.0949502112
8602837_3334180.tif,8602722.988530887,3333989.0949502112
8602837_3334180.tif,8603028.736643985,3333989.0949502112
8602837_3334180.tif,8603334.484757084,3333989.0949502112
8602837_3334180.tif,8603640.23287018,3333989.0949502112
8602837_3334180.tif,8603945.98098328,3333989.0949502112
8602837_3334180.tif,8604175.292068101,3333989.0949502112
8602837_3334180.tif,8601499.996078495,3333683.3468371136
8602837_3334180.tif,8601805.744191594,3333683.3468371136
8602837_3334180.tif,8602111.49230469,3333683.3468371136
8602837_3334180.tif,8602417.24041779,3333683.3468371136
8602837_3334180.tif,8602722.988530887,3333683.3468371136
8602837_3334180.tif,8603028.736643985,3333683.3468371136
8602837_3334180.tif,8603334.484757084,3333683.3468371136
8602837_3334180.tif,8603640.23287018,3333683.3468371136
8602837_3334180.tif,8603945.98098328,3333683.3468371136
8602837_3334180.tif,8604175.292068101,3333683.3468371136
8602837_3334180.tif,8601499.996078495,3333377.5987240155
8602837_3334180.tif,8601805.744191594,3333377.5987240155
8602837_3334180.tif,8602111.49230469,3333377.5987240155
8602837_3334180.tif,8602417.24041779,3333377.5987240155
8602837_3334180.tif,8602722.988530887,3333377.5987240155
8602837_3334180.tif,8603028.736643985,3333377.5987240155
8602837_3334180.tif,8603334.484757084,3333377.5987240155
8602837_3334180.tif,8603640.23287018,3333377.5987240155
8602837_3334180.tif,8603945.98098328,3333377.5987240155
8602837_3334180.tif,8604175.292068101,3333377.5987240155
8602837_3334180.tif,8601499.996078495,3333071.8506109174
8602837_3334180.tif,8601805.744191594,3333071.8506109174
8602837_3334180.tif,8602111.49230469,3333071.8506109174
8602837_3334180.tif,8602417.24041779,3333071.8506109174
8602837_3334180.tif,8602722.988530887,3333071.8506109174
8602837_3334180.tif,8603028.736643985,3333071.8506109174
8602837_3334180.tif,8603334.484757084,3333071.8506109174
8602837_3334180.tif,8603640.23287018,3333071.8506109174
8602837_3334180.tif,8603945.98098328,3333071.8506109174
8602837_3334180.tif,8604175.292068101,3333071.8506109174
8602837_3334180.tif,8601499.996078495,3332842.539526094
8602837_3334180.tif,8601805.744191594,3332842.539526094
8602837_3334180.tif,8602111.49230469,3332842.539526094
8602837_3334180.tif,8602417.24041779,3332842.539526094
8602837_3334180.tif,8602722.988530887,3332842.539526094
8602837_3334180.tif,8603028.736643985,3332842.539526094
8602837_3334180.tif,8603334.484757084,3332842.539526094
8602837_3334180.tif,8603640.23287018,3332842.539526094
8602837_3334180.tif,8603945.98098328,3332842.539526094
8602837_3334180.tif,8604175.292068101,3332842.539526094
8602837_3336932.tif,8601499.996078495,3338269.568533582
8602837_3336932.tif,8601805.744191594,3338269.568533582
8602837_3336932.tif,8602111.49230469,3338269.568533582
8602837_3336932.tif,8602417.24041779,3338269.568533582
8602837_3336932.tif,8602722.988530887,3338269.568533582
8602837_3336932.tif,8603028.736643985,3338269.568533582
8602837_3336932.tif,8603334.484757084,3338269.568533582
8602837_3336932.tif,8603640.23287018,3338269.568533582
8602837_3336932.tif,8603945.98098328,3338269.568533582
8602837_3336932.tif,8604175.292068101,3338269.568533582
8602837_3336932.tif,8601499.996078495,3337963.820420484
8602837_3336932.tif,8601805.744191594,3337963.820420484
8602837_3336932.tif,8602111.49230469,3337963.820420484
8602837_3336932.tif,8602417.24041779,3337963.820420484
8602837_3336932.tif,8602722.988530887,3337963.820420484
8602837_3336932.tif,8603028.736643985,3337963.820420484
8602837_3336932.tif,8603334.484757084,3337963.820420484
8602837_3336932.tif,8603640.23287018,3337963.820420484
8602837_3336932.tif,8603945.98098328,3337963.820420484
8602837_3336932.tif,8604175.292068101,3337963.820420484
8602837_3336932.tif,8601499.996078495,3337658.072307386
8602837_3336932.tif,8601805.744191594,3337658.072307386
8602837_3336932.tif,8602111.49230469,3337658.072307386
8602837_3336932.tif,8602417.24041779,3337658.072307386
8602837_3336932.tif,8602722.988530887,3337658.072307386
8602837_3336932.tif,8603028.736643985,3337658.072307386
8602837_3336932.tif,8603334.484757084,3337658.072307386
8602837_3336932.tif,8603640.23287018,3337658.072307386
8602837_3336932.tif,8603945.98098328,3337658.072307386
8602837_3336932.tif,8604175.292068101,3337658.072307386
8602837_3336932.tif,8601499.996078495,3337352.3241942874
8602837_3336932.tif,8601805.744191594,3337352.3241942874
8602837_3336932.tif,8602111.49230469,3337352.3241942874
8602837_3336932.tif,8602417.24041779,3337352.3241942874
8602837_3336932.tif,8602722.988530887,3337352.3241942874
8602837_3336932.tif,8603028.736643985,3337352.3241942874
8602837_3336932.tif,8603334.484757084,3337352.3241942874
8602837_3336932.tif,8603640.23287018,3337352.3241942874
8602837_3336932.tif,8603945.98098328,3337352.3241942874
8602837_3336932.tif,8604175.292068101,3337352.3241942874
8602837_3336932.tif,8601499.996078495,3337046.5760811893
8602837_3336932.tif,8601805.744191594,3337046.5760811893
8602837_3336932.tif,8602111.49230469,3337046.5760811893
8602837_3336932.tif,8602417.24041779,3337046.5760811893
8602837_3336932.tif,8602722.988530887,3337046.5760811893
8602837_3336932.tif,8603028.736643985,3337046.5760811893
8602837_3336932.tif,8603334.484757084,3337046.5760811893
8602837_3336932.tif,8603640.23287018,3337046.5760811893
8602837_3336932.tif,8603945.98098328,3337046.5760811893
8602837_3336932.tif,8604175.292068101,3337046.5760811893
8602837_3336932.tif,8601499.996078495,3336740.8279680912
8602837_3336932.tif,8601805.744191594,3336740.8279680912
8602837_3336932.tif,8602111.49230469,3336740.8279680912
8602837_3336932.tif,8602417.24041779,3336740.8279680912
8602837_3336932.tif,8602722.988530887,3336740.8279680912
8602837_3336932.tif,8603028.736643985,3336740.8279680912
8602837_3336932.tif,8603334.484757084,3336740.8279680912
8602837_3336932.tif,8603640.23287018,3336740.8279680912
8602837_3336932.tif,8603945.98098328,3336740.8279680912
8602837_3336932.tif,8604175.292068101,3336740.8279680912
8602837_3336932.tif,8601499.996078495,3336435.079854993
8602837_3336932.tif,8601805.744191594,3336435.079854993
8602837_3336932.tif,8602111.49230469,3336435.079854993
8602837_3336932.tif,8602417.24041779,3336435.079854993
8602837_3336932.tif,8602722.988530887,3336435.079854993
8602837_3336932.tif,8603028.736643985,3336435.079854993
8602837_3336932.tif,8603334.484757084,3336435.079854993
8602837_3336932.tif,8603640.23287018,3336435.079854993
8602837_3336932.tif,8603945.98098328,3336435.079854993
8602837_3336932.tif,8604175.292068101,3336435.079854993
8602837_3336932.tif,8601499.996078495,3336129.331741895
8602837_3336932.tif,8601805.744191594,3336129.331741895
8602837_3336932.tif,8602111.49230469,3336129.331741895
8602837_3336932.tif,8602417.24041779,3336129.331741895
8602837_3336932.tif,8602722.988530887,3336129.331741895
8602837_3336932.tif,8603028.736643985,3336129.331741895
8602837_3336932.tif,8603334.484757084,3336129.331741895
8602837_3336932.tif,8603640.23287018,3336129.331741895
8602837_3336932.tif,8603945.98098328,3336129.331741895
8602837_3336932.tif,8604175.292068101,3336129.331741895
8602837_3336932.tif,8601499.996078495,3335823.5836287965
8602837_3336932.tif,8601805.744191594,3335823.5836287965
8602837_3336932.tif,8602111.49230469,3335823.5836287965
8602837_3336932.tif,8602417.24041779,3335823.5836287965
8602837_3336932.tif,8602722.988530887,3335823.5836287965
8602837_3336932.tif,8603028.736643985,3335823.5836287965
8602837_3336932.tif,8603334.484757084,3335823.5836287965
8602837_3336932.tif,8603640.23287018,3335823.5836287965
8602837_3336932.tif,8603945.98098328,3335823.5836287965
8602837_3336932.tif,8604175.292068101,3335823.5836287965
8602837_3336932.tif,8601499.996078495,3335594.272543973
8602837_3336932.tif,8601805.744191594,3335594.272543973
8602837_3336932.tif,8602111.49230469,3335594.272543973
8602837_3336932.tif,8602417.24041779,3335594.272543973
8602837_3336932.tif,8602722.988530887,3335594.272543973
8602837_3336932.tif,8603028.736643985,3335594.272543973
8602837_3336932.tif,8603334.484757084,3335594.272543973
8602837_3336932.tif,8603640.23287018,3335594.272543973
8602837_3336932.tif,8603945.98098328,3335594.272543973
8602837_3336932.tif,8604175.292068101,3335594.272543973
8602837_3339684.tif,8601499.996078495,3341021.301551464
8602837_3339684.tif,8601805.744191594,3341021.301551464
8602837_3339684.tif,8602111.49230469,3341021.301551464
8602837_3339684.tif,8602417.24041779,3341021.301551464
8602837_3339684.tif,8602722.988530887,3341021.301551464
8602837_3339684.tif,8603028.736643985,3341021.301551464
8602837_3339684.tif,8603334.484757084,3341021.301551464
8602837_3339684.tif,8603640.23287018,3341021.301551464
8602837_3339684.tif,8603945.98098328,3341021.301551464
8602837_3339684.tif,8604175.292068101,3341021.301551464
8602837_3339684.tif,8601499.996078495,3340715.5534383664
8602837_3339684.tif,8601805.744191594,3340715.5534383664
8602837_3339684.tif,8602111.49230469,3340715.5534383664
8602837_3339684.tif,8602417.24041779,3340715.5534383664
8602837_3339684.tif,8602722.988530887,3340715.5534383664
8602837_3339684.tif,8603028.736643985,3340715.5534383664
8602837_3339684.tif,8603334.484757084,3340715.5534383664
8602837_3339684.tif,8603640.23287018,3340715.5534383664
8602837_3339684.tif,8603945.98098328,3340715.5534383664
8602837_3339684.tif,8604175.292068101,3340715.5534383664
8602837_3339684.tif,8601499.996078495,3340409.805325268
8602837_3339684.tif,8601805.744191594,3340409.805325268
8602837_3339684.tif,8602111.49230469,3340409.805325268
8602837_3339684.tif,8602417.24041779,3340409.805325268
8602837_3339684.tif,8602722.988530887,3340409.805325268
8602837_3339684.tif,8603028.736643985,3340409.805325268
8602837_3339684.tif,8603334.484757084,3340409.805325268
8602837_3339684.tif,8603640.23287018,3340409.805325268
8602837_3339684.tif,8603945.98098328,3340409.805325268
8602837_3339684.tif,8604175.292068101,3340409.805325268
8602837_3339684.tif,8601499.996078495,3340104.05721217
8602837_3339684.tif,8601805.744191594,3340104.05721217
8602837_3339684.tif,8602111.49230469,3340104.05721217
8602837_3339684.tif,8602417.24041779,3340104.05721217
8602837_3339684.tif,8602722.988530887,3340104.05721217
8602837_3339684.tif,8603028.736643985,3340104.05721217
8602837_3339684.tif,8603334.484757084,3340104.05721217
8602837_3339684.tif,8603640.23287018,3340104.05721217
8602837_3339684.tif,8603945.98098328,3340104.05721217
8602837_3339684.tif,8604175.292068101,3340104.05721217
8602837_3339684.tif,8601499.996078495,3339798.3090990726
8602837_3339684.tif,8601805.744191594,3339798.3090990726
8602837_3339684.tif,8602111.49230469,3339798.3090990726
8602837_3339684.tif,8602417.24041779,3339798.3090990726
8602837_3339684.tif,8602722.988530887,3339798.3090990726
8602837_3339684.tif,8603028.736643985,3339798.3090990726
8602837_3339684.tif,8603334.484757084,3339798.3090990726
8602837_3339684.tif,8603640.23287018,3339798.3090990726
8602837_3339684.tif,8603945.98098328,3339798.3090990726
8602837_3339684.tif,8604175.292068101,3339798.3090990726
8602837_3339684.tif,8601499.996078495,3339492.560985975
8602837_3339684.tif,8601805.744191594,3339492.560985975
8602837_3339684.tif,8602111.49230469,3339492.560985975
8602837_3339684.tif,8602417.24041779,3339492.560985975
8602837_3339684.tif,8602722.988530887,3339492.560985975
8602837_3339684.tif,8603028.736643985,3339492.560985975
8602837_3339684.tif,8603334.484757084,3339492.560985975
8602837_3339684.tif,8603640.23287018,3339492.560985975
8602837_3339684.tif,8603945.98098328,3339492.560985975
8602837_3339684.tif,8604175.292068101,3339492.560985975
8602837_3339684.tif,8601499.996078495,3339186.8128728773
8602837_3339684.tif,8601805.744191594,3339186.8128728773
8602837_3339684.tif,8602111.49230469,3339186.8128728773
8602837_3339684.tif,8602417.24041779,3339186.8128728773
8602837_3339684.tif,8602722.988530887,3339186.8128728773
8602837_3339684.tif,8603028.736643985,3339186.8128728773
8602837_3339684.tif,8603334.484757084,3339186.8128728773
8602837_3339684.tif,8603640.23287018,3339186.8128728773
8602837_3339684.tif,8603945.98098328,3339186.8128728773
8602837_3339684.tif,8604175.292068101,3339186.8128728773
8602837_3339684.tif,8601499.996078495,3338881.064759779
8602837_3339684.tif,8601805.744191594,3338881.064759779
8602837_3339684.tif,8602111.49230469,3338881.064759779
8602837_3339684.tif,8602417.24041779,3338881.064759779
8602837_3339684.tif,8602722.988530887,3338881.064759779
8602837_3339684.tif,8603028.736643985,3338881.064759779
8602837_3339684.tif,8603334.484757084,3338881.064759779
8602837_3339684.tif,8603640.23287018,3338881.064759779
8602837_3339684.tif,8603945.98098328,3338881.064759779
8602837_3339684.tif,8604175.292068101,3338881.064759779
8602837_3339684.tif,8601499.996078495,3338575.316646681
8602837_3339684.tif,8601805.744191594,3338575.316646681
8602837_3339684.tif,8602111.49230469,3338575.316646681
8602837_3339684.tif,8602417.24041779,3338575.316646681
8602837_3339684.tif,8602722.988530887,3338575.316646681
8602837_3339684.tif,8603028.736643985,3338575.316646681
8602837_3339684.tif,8603334.484757084,3338575.316646681
8602837_3339684.tif,8603640.23287018,3338575.316646681
8602837_3339684.tif,8603945.98098328,3338575.316646681
8602837_3339684.tif,8604175.292068101,3338575.316646681
8602837_3339684.tif,8601499.996078495,3338346.005561858
8602837_3339684.tif,8601805.744191594,3338346.005561858
8602837_3339684.tif,8602111.49230469,3338346.005561858
8602837_3339684.tif,8602417.24041779,3338346.005561858
8602837_3339684.tif,8602722.988530887,3338346.005561858
8602837_3339684.tif,8603028.736643985,3338346.005561858
8602837_3339684.tif,8603334.484757084,3338346.005561858
8602837_3339684.tif,8603640.23287018,3338346.005561858
8602837_3339684.tif,8603945.98098328,3338346.005561858
8602837_3339684.tif,8604175.292068101,3338346.005561858
8602837_3342435.tif,8601499.996078495,3343773.0345693445
8602837_3342435.tif,8601805.744191594,3343773.0345693445
8602837_3342435.tif,8602111.49230469,3343773.0345693445
8602837_3342435.tif,8602417.24041779,3343773.0345693445
8602837_3342435.tif,8602722.988530887,3343773.0345693445
8602837_3342435.tif,8603028.736643985,3343773.0345693445
8602837_3342435.tif,8603334.484757084,3343773.0345693445
8602837_3342435.tif,8603640.23287018,3343773.0345693445
8602837_3342435.tif,8603945.98098328,3343773.0345693445
8602837_3342435.tif,8604175.292068101,3343773.0345693445
8602837_3342435.tif,8601499.996078495,3343467.286456247
8602837_3342435.tif,8601805.744191594,3343467.286456247
8602837_3342435.tif,8602111.49230469,3343467.286456247
8602837_3342435.tif,8602417.24041779,3343467.286456247
8602837_3342435.tif,8602722.988530887,3343467.286456247
8602837_3342435.tif,8603028.736643985,3343467.286456247
8602837_3342435.tif,8603334.484757084,3343467.286456247
8602837_3342435.tif,8603640.23287018,3343467.286456247
8602837_3342435.tif,8603945.98098328,3343467.286456247
8602837_3342435.tif,8604175.292068101,3343467.286456247
8602837_3342435.tif,8601499.996078495,3343161.5383431483
8602837_3342435.tif,8601805.744191594,3343161.5383431483
8602837_3342435.tif,8602111.49230469,3343161.5383431483
8602837_3342435.tif,8602417.24041779,3343161.5383431483
8602837_3342435.tif,8602722.988530887,3343161.5383431483
8602837_3342435.tif,8603028.736643985,3343161.5383431483
8602837_3342435.tif,8603334.484757084,3343161.5383431483
8602837_3342435.tif,8603640.23287018,3343161.5383431483
8602837_3342435.tif,8603945.98098328,3343161.5383431483
8602837_3342435.tif,8604175.292068101,3343161.5383431483
8602837_3342435.tif,8601499.996078495,3342855.7902300507
8602837_3342435.tif,8601805.744191594,3342855.7902300507
8602837_3342435.tif,8602111.49230469,3342855.7902300507
8602837_3342435.tif,8602417.24041779,3342855.7902300507
8602837_3342435.tif,8602722.988530887,3342855.7902300507
8602837_3342435.tif,8603028.736643985,3342855.7902300507
8602837_3342435.tif,8603334.484757084,3342855.7902300507
8602837_3342435.tif,8603640.23287018,3342855.7902300507
8602837_3342435.tif,8603945.98098328,3342855.7902300507
8602837_3342435.tif,8604175.292068101,3342855.7902300507
8602837_3342435.tif,8601499.996078495,3342550.0421169526
8602837_3342435.tif,8601805.744191594,3342550.0421169526
8602837_3342435.tif,8602111.49230469,3342550.0421169526
8602837_3342435.tif,8602417.24041779,3342550.0421169526
8602837_3342435.tif,8602722.988530887,3342550.0421169526
8602837_3342435.tif,8603028.736643985,3342550.0421169526
8602837_3342435.tif,8603334.484757084,3342550.0421169526
8602837_3342435.tif,8603640.23287018,3342550.0421169526
8602837_3342435.tif,8603945.98098328,3342550.0421169526
8602837_3342435.tif,8604175.292068101,3342550.0421169526
8602837_3342435.tif,8601499.996078495,3342244.2940038545
8602837_3342435.tif,8601805.744191594,3342244.2940038545
8602837_3342435.tif,8602111.49230469,3342244.2940038545
8602837_3342435.tif,8602417.24041779,3342244.2940038545
8602837_3342435.tif,8602722.988530887,3342244.2940038545
8602837_3342435.tif,8603028.736643985,3342244.2940038545
8602837_3342435.tif,8603334.484757084,3342244.2940038545
8602837_3342435.tif,8603640.23287018,3342244.2940038545
8602837_3342435.tif,8603945.98098328,3342244.2940038545
8602837_3342435.tif,8604175.292068101,3342244.2940038545
8602837_3342435.tif,8601499.996078495,3341938.545890757
8602837_3342435.tif,8601805.744191594,3341938.545890757
8602837_3342435.tif,8602111.49230469,3341938.545890757
8602837_3342435.tif,8602417.24041779,3341938.545890757
8602837_3342435.tif,8602722.988530887,3341938.545890757
8602837_3342435.tif,8603028.736643985,3341938.545890757
8602837_3342435.tif,8603334.484757084,3341938.545890757
8602837_3342435.tif,8603640.23287018,3341938.545890757
8602837_3342435.tif,8603945.98098328,3341938.545890757
8602837_3342435.tif,8604175.292068101,3341938.545890757
8602837_3342435.tif,8601499.996078495,3341632.7977776583
8602837_3342435.tif,8601805.744191594,3341632.7977776583
8602837_3342435.tif,8602111.49230469,3341632.7977776583
8602837_3342435.tif,8602417.24041779,3341632.7977776583
8602837_3342435.tif,8602722.988530887,3341632.7977776583
8602837_3342435.tif,8603028.736643985,3341632.7977776583
8602837_3342435.tif,8603334.484757084,3341632.7977776583
8602837_3342435.tif,8603640.23287018,3341632.7977776583
8602837_3342435.tif,8603945.98098328,3341632.7977776583
8602837_3342435.tif,8604175.292068101,3341632.7977776583
8602837_3342435.tif,8601499.996078495,3341327.0496645607
8602837_3342435.tif,8601805.744191594,3341327.0496645607
8602837_3342435.tif,8602111.49230469,3341327.0496645607
8602837_3342435.tif,8602417.24041779,3341327.0496645607
8602837_3342435.tif,8602722.988530887,3341327.0496645607
8602837_3342435.tif,8603028.736643985,3341327.0496645607
8602837_3342435.tif,8603334.484757084,3341327.0496645607
8602837_3342435.tif,8603640.23287018,3341327.0496645607
8602837_3342435.tif,8603945.98098328,3341327.0496645607
8602837_3342435.tif,8604175.292068101,3341327.0496645607
8602837_3342435.tif,8601499.996078495,3341097.738579737
8602837_3342435.tif,8601805.744191594,3341097.738579737
8602837_3342435.tif,8602111.49230469,3341097.738579737
8602837_3342435.tif,8602417.24041779,3341097.738579737
8602837_3342435.tif,8602722.988530887,3341097.738579737
8602837_3342435.tif,8603028.736643985,3341097.738579737
8602837_3342435.tif,8603334.484757084,3341097.738579737
8602837_3342435.tif,8603640.23287018,3341097.738579737
8602837_3342435.tif,8603945.98098328,3341097.738579737
8602837_3342435.tif,8604175.292068101,3341097.738579737
8602837_3345187.tif,8601499.996078495,3346524.767587914
8602837_3345187.tif,8601805.744191594,3346524.767587914
8602837_3345187.tif,8602111.49230469,3346524.767587914
8602837_3345187.tif,8602417.24041779,3346524.767587914
8602837_3345187.tif,8602722.988530887,3346524.767587914
8602837_3345187.tif,8603028.736643985,3346524.767587914
8602837_3345187.tif,8603334.484757084,3346524.767587914
8602837_3345187.tif,8603640.23287018,3346524.767587914
8602837_3345187.tif,8603945.98098328,3346524.767587914
8602837_3345187.tif,8604175.292068101,3346524.767587914
8602837_3345187.tif,8601499.996078495,3346219.0194747425
8602837_3345187.tif,8601805.744191594,3346219.0194747425
8602837_3345187.tif,8602111.49230469,3346219.0194747425
8602837_3345187.tif,8602417.24041779,3346219.0194747425
8602837_3345187.tif,8602722.988530887,3346219.0194747425
8602837_3345187.tif,8603028.736643985,3346219.0194747425
8602837_3345187.tif,8603334.484757084,3346219.0194747425
8602837_3345187.tif,8603640.23287018,3346219.0194747425
8602837_3345187.tif,8603945.98098328,3346219.0194747425
8602837_3345187.tif,8604175.292068101,3346219.0194747425
8602837_3345187.tif,8601499.996078495,3345913.271361571
8602837_3345187.tif,8601805.744191594,3345913.271361571
8602837_3345187.tif,8602111.49230469,3345913.271361571
8602837_3345187.tif,8602417.24041779,3345913.271361571
8602837_3345187.tif,8602722.988530887,3345913.271361571
8602837_3345187.tif,8603028.736643985,3345913.271361571
8602837_3345187.tif,8603334.484757084,3345913.271361571
8602837_3345187.tif,8603640.23287018,3345913.271361571
8602837_3345187.tif,8603945.98098328,3345913.271361571
8602837_3345187.tif,8604175.292068101,3345913.271361571
8602837_3345187.tif,8601499.996078495,3345607.5232483996
8602837_3345187.tif,8601805.744191594,3345607.5232483996
8602837_3345187.tif,8602111.49230469,3345607.5232483996
8602837_3345187.tif,8602417.24041779,3345607.5232483996
8602837_3345187.tif,8602722.988530887,3345607.5232483996
8602837_3345187.tif,8603028.736643985,3345607.5232483996
8602837_3345187.tif,8603334.484757084,3345607.5232483996
8602837_3345187.tif,8603640.23287018,3345607.5232483996
8602837_3345187.tif,8603945.98098328,3345607.5232483996
8602837_3345187.tif,8604175.292068101,3345607.5232483996
8602837_3345187.tif,8601499.996078495,3345301.7751352284
8602837_3345187.tif,8601805.744191594,3345301.7751352284
8602837_3345187.tif,8602111.49230469,3345301.7751352284
8602837_3345187.tif,8602417.24041779,3345301.7751352284
8602837_3345187.tif,8602722.988530887,3345301.7751352284
8602837_3345187.tif,8603028.736643985,3345301.7751352284
8602837_3345187.tif,8603334.484757084,3345301.7751352284
8602837_3345187.tif,8603640.23287018,3345301.7751352284
8602837_3345187.tif,8603945.98098328,3345301.7751352284
8602837_3345187.tif,8604175.292068101,3345301.7751352284
8602837_3345187.tif,8601499.996078495,3344996.027022057
8602837_3345187.tif,8601805.744191594,3344996.027022057
8602837_3345187.tif,8602111.49230469,3344996.027022057
8602837_3345187.tif,8602417.24041779,3344996.027022057
8602837_3345187.tif,8602722.988530887,3344996.027022057
8602837_3345187.tif,8603028.736643985,3344996.027022057
8602837_3345187.tif,8603334.484757084,3344996.027022057
8602837_3345187.tif,8603640.23287018,3344996.027022057
8602837_3345187.tif,8603945.98098328,3344996.027022057
8602837_3345187.tif,8604175.292068101,3344996.027022057
8602837_3345187.tif,8601499.996078495,3344690.2789088855
8602837_3345187.tif,8601805.744191594,3344690.2789088855
8602837_3345187.tif,8602111.49230469,3344690.2789088855
8602837_3345187.tif,8602417.24041779,3344690.2789088855
8602837_3345187.tif,8602722.988530887,3344690.2789088855
8602837_3345187.tif,8603028.736643985,3344690.2789088855
8602837_3345187.tif,8603334.484757084,3344690.2789088855
8602837_3345187.tif,8603640.23287018,3344690.2789088855
8602837_3345187.tif,8603945.98098328,3344690.2789088855
8602837_3345187.tif,8604175.292068101,3344690.2789088855
8602837_3345187.tif,8601499.996078495,3344384.530795714
8602837_3345187.tif,8601805.744191594,3344384.530795714
8602837_3345187.tif,8602111.49230469,3344384.530795714
8602837_3345187.tif,8602417.24041779,3344384.530795714
8602837_3345187.tif,8602722.988530887,3344384.530795714
8602837_3345187.tif,8603028.736643985,3344384.530795714
8602837_3345187.tif,8603334.484757084,3344384.530795714
8602837_3345187.tif,8603640.23287018,3344384.530795714
8602837_3345187.tif,8603945.98098328,3344384.530795714
8602837_3345187.tif,8604175.292068101,3344384.530795714
8602837_3345187.tif,8601499.996078495,3344078.7826825427
8602837_3345187.tif,8601805.744191594,3344078.7826825427
8602837_3345187.tif,8602111.49230469,3344078.7826825427
8602837_3345187.tif,8602417.24041779,3344078.7826825427
8602837_3345187.tif,8602722.988530887,3344078.7826825427
8602837_3345187.tif,8603028.736643985,3344078.7826825427
8602837_3345187.tif,8603334.484757084,3344078.7826825427
8602837_3345187.tif,8603640.23287018,3344078.7826825427
8602837_3345187.tif,8603945.98098328,3344078.7826825427
8602837_3345187.tif,8604175.292068101,3344078.7826825427
8602837_3345187.tif,8601499.996078495,3343849.471597664
8602837_3345187.tif,8601805.744191594,3343849.471597664
8602837_3345187.tif,8602111.49230469,3343849.471597664
8602837_3345187.tif,8602417.24041779,3343849.471597664
8602837_3345187.tif,8602722.988530887,3343849.471597664
8602837_3345187.tif,8603028.736643985,3343849.471597664
8602837_3345187.tif,8603334.484757084,3343849.471597664
8602837_3345187.tif,8603640.23287018,3343849.471597664
8602837_3345187.tif,8603945.98098328,3343849.471597664
8602837_3345187.tif,8604175.292068101,3343849.471597664
8602837_3347939.tif,8601499.996078495,3349276.500605842
8602837_3347939.tif,8601805.744191594,3349276.500605842
8602837_3347939.tif,8602111.49230469,3349276.500605842
8602837_3347939.tif,8602417.24041779,3349276.500605842
8602837_3347939.tif,8602722.988530887,3349276.500605842
8602837_3347939.tif,8603028.736643985,3349276.500605842
8602837_3347939.tif,8603334.484757084,3349276.500605842
8602837_3347939.tif,8603640.23287018,3349276.500605842
8602837_3347939.tif,8603945.98098328,3349276.500605842
8602837_3347939.tif,8604175.292068101,3349276.500605842
8602837_3347939.tif,8601499.996078495,3348970.752492744
8602837_3347939.tif,8601805.744191594,3348970.752492744
8602837_3347939.tif,8602111.49230469,3348970.752492744
8602837_3347939.tif,8602417.24041779,3348970.752492744
8602837_3347939.tif,8602722.988530887,3348970.752492744
8602837_3347939.tif,8603028.736643985,3348970.752492744
8602837_3347939.tif,8603334.484757084,3348970.752492744
8602837_3347939.tif,8603640.23287018,3348970.752492744
8602837_3347939.tif,8603945.98098328,3348970.752492744
8602837_3347939.tif,8604175.292068101,3348970.752492744
8602837_3347939.tif,8601499.996078495,3348665.004379646
8602837_3347939.tif,8601805.744191594,3348665.004379646
8602837_3347939.tif,8602111.49230469,3348665.004379646
8602837_3347939.tif,8602417.24041779,3348665.004379646
8602837_3347939.tif,8602722.988530887,3348665.004379646
8602837_3347939.tif,8603028.736643985,3348665.004379646
8602837_3347939.tif,8603334.484757084,3348665.004379646
8602837_3347939.tif,8603640.23287018,3348665.004379646
8602837_3347939.tif,8603945.98098328,3348665.004379646
8602837_3347939.tif,8604175.292068101,3348665.004379646
8602837_3347939.tif,8601499.996078495,3348359.2562665483
8602837_3347939.tif,8601805.744191594,3348359.2562665483
8602837_3347939.tif,8602111.49230469,3348359.2562665483
8602837_3347939.tif,8602417.24041779,3348359.2562665483
8602837_3347939.tif,8602722.988530887,3348359.2562665483
8602837_3347939.tif,8603028.736643985,3348359.2562665483
8602837_3347939.tif,8603334.484757084,3348359.2562665483
8602837_3347939.tif,8603640.23287018,3348359.2562665483
8602837_3347939.tif,8603945.98098328,3348359.2562665483
8602837_3347939.tif,8604175.292068101,3348359.2562665483
8602837_3347939.tif,8601499.996078495,3348053.5081534497
8602837_3347939.tif,8601805.744191594,3348053.5081534497
8602837_3347939.tif,8602111.49230469,3348053.5081534497
8602837_3347939.tif,8602417.24041779,3348053.5081534497
8602837_3347939.tif,8602722.988530887,3348053.5081534497
8602837_3347939.tif,8603028.736643985,3348053.5081534497
8602837_3347939.tif,8603334.484757084,3348053.5081534497
8602837_3347939.tif,8603640.23287018,3348053.5081534497
8602837_3347939.tif,8603945.98098328,3348053.5081534497
8602837_3347939.tif,8604175.292068101,3348053.5081534497
8602837_3347939.tif,8601499.996078495,3347747.760040352
8602837_3347939.tif,8601805.744191594,3347747.760040352
8602837_3347939.tif,8602111.49230469,3347747.760040352
8602837_3347939.tif,8602417.24041779,3347747.760040352
8602837_3347939.tif,8602722.988530887,3347747.760040352
8602837_3347939.tif,8603028.736643985,3347747.760040352
8602837_3347939.tif,8603334.484757084,3347747.760040352
8602837_3347939.tif,8603640.23287018,3347747.760040352
8602837_3347939.tif,8603945.98098328,3347747.760040352
8602837_3347939.tif,8604175.292068101,3347747.760040352
8602837_3347939.tif,8601499.996078495,3347442.011927254
8602837_3347939.tif,8601805.744191594,3347442.011927254
8602837_3347939.tif,8602111.49230469,3347442.011927254
8602837_3347939.tif,8602417.24041779,3347442.011927254
8602837_3347939.tif,8602722.988530887,3347442.011927254
8602837_3347939.tif,8603028.736643985,3347442.011927254
8602837_3347939.tif,8603334.484757084,3347442.011927254
8602837_3347939.tif,8603640.23287018,3347442.011927254
8602837_3347939.tif,8603945.98098328,3347442.011927254
8602837_3347939.tif,8604175.292068101,3347442.011927254
8602837_3347939.tif,8601499.996078495,3347136.263814156
8602837_3347939.tif,8601805.744191594,3347136.263814156
8602837_3347939.tif,8602111.49230469,3347136.263814156
8602837_3347939.tif,8602417.24041779,3347136.263814156
8602837_3347939.tif,8602722.988530887,3347136.263814156
8602837_3347939.tif,8603028.736643985,3347136.263814156
8602837_3347939.tif,8603334.484757084,3347136.263814156
8602837_3347939.tif,8603640.23287018,3347136.263814156
8602837_3347939.tif,8603945.98098328,3347136.263814156
8602837_3347939.tif,8604175.292068101,3347136.263814156
8602837_3347939.tif,8601499.996078495,3346830.515701058
8602837_3347939.tif,8601805.744191594,3346830.515701058
8602837_3347939.tif,8602111.49230469,3346830.515701058
8602837_3347939.tif,8602417.24041779,3346830.515701058
8602837_3347939.tif,8602722.988530887,3346830.515701058
8602837_3347939.tif,8603028.736643985,3346830.515701058
8602837_3347939.tif,8603334.484757084,3346830.515701058
8602837_3347939.tif,8603640.23287018,3346830.515701058
8602837_3347939.tif,8603945.98098328,3346830.515701058
8602837_3347939.tif,8604175.292068101,3346830.515701058
8602837_3347939.tif,8601499.996078495,3346601.204616234
8602837_3347939.tif,8601805.744191594,3346601.204616234
8602837_3347939.tif,8602111.49230469,3346601.204616234
8602837_3347939.tif,8602417.24041779,3346601.204616234
8602837_3347939.tif,8602722.988530887,3346601.204616234
8602837_3347939.tif,8603028.736643985,3346601.204616234
8602837_3347939.tif,8603334.484757084,3346601.204616234
8602837_3347939.tif,8603640.23287018,3346601.204616234
8602837_3347939.tif,8603945.98098328,3346601.204616234
8602837_3347939.tif,8604175.292068101,3346601.204616234
8602837_3350691.tif,8601499.996078495,3352028.23362372
8602837_3350691.tif,8601805.744191594,3352028.23362372
8602837_3350691.tif,8602111.49230469,3352028.23362372
8602837_3350691.tif,8602417.24041779,3352028.23362372
8602837_3350691.tif,8602722.988530887,3352028.23362372
8602837_3350691.tif,8603028.736643985,3352028.23362372
8602837_3350691.tif,8603334.484757084,3352028.23362372
8602837_3350691.tif,8603640.23287018,3352028.23362372
8602837_3350691.tif,8603945.98098328,3352028.23362372
8602837_3350691.tif,8604175.292068101,3352028.23362372
8602837_3350691.tif,8601499.996078495,3351722.485510622
8602837_3350691.tif,8601805.744191594,3351722.485510622
8602837_3350691.tif,8602111.49230469,3351722.485510622
8602837_3350691.tif,8602417.24041779,3351722.485510622
8602837_3350691.tif,8602722.988530887,3351722.485510622
8602837_3350691.tif,8603028.736643985,3351722.485510622
8602837_3350691.tif,8603334.484757084,3351722.485510622
8602837_3350691.tif,8603640.23287018,3351722.485510622
8602837_3350691.tif,8603945.98098328,3351722.485510622
8602837_3350691.tif,8604175.292068101,3351722.485510622
8602837_3350691.tif,8601499.996078495,3351416.7373975245
8602837_3350691.tif,8601805.744191594,3351416.7373975245
8602837_3350691.tif,8602111.49230469,3351416.7373975245
8602837_3350691.tif,8602417.24041779,3351416.7373975245
8602837_3350691.tif,8602722.988530887,3351416.7373975245
8602837_3350691.tif,8603028.736643985,3351416.7373975245
8602837_3350691.tif,8603334.484757084,3351416.7373975245
8602837_3350691.tif,8603640.23287018,3351416.7373975245
8602837_3350691.tif,8603945.98098328,3351416.7373975245
8602837_3350691.tif,8604175.292068101,3351416.7373975245
8602837_3350691.tif,8601499.996078495,3351110.9892844264
8602837_3350691.tif,8601805.744191594,3351110.9892844264
8602837_3350691.tif,8602111.49230469,3351110.9892844264
8602837_3350691.tif,8602417.24041779,3351110.9892844264
8602837_3350691.tif,8602722.988530887,3351110.9892844264
8602837_3350691.tif,8603028.736643985,3351110.9892844264
8602837_3350691.tif,8603334.484757084,3351110.9892844264
8602837_3350691.tif,8603640.23287018,3351110.9892844264
8602837_3350691.tif,8603945.98098328,3351110.9892844264
8602837_3350691.tif,8604175.292068101,3351110.9892844264
8602837_3350691.tif,8601499.996078495,3350805.2411713284
8602837_3350691.tif,8601805.744191594,3350805.2411713284
8602837_3350691.tif,8602111.49230469,3350805.2411713284
8602837_3350691.tif,8602417.24041779,3350805.2411713284
8602837_3350691.tif,8602722.988530887,3350805.2411713284
8602837_3350691.tif,8603028.736643985,3350805.2411713284
8602837_3350691.tif,8603334.484757084,3350805.2411713284
8602837_3350691.tif,8603640.23287018,3350805.2411713284
8602837_3350691.tif,8603945.98098328,3350805.2411713284
8602837_3350691.tif,8604175.292068101,3350805.2411713284
8602837_3350691.tif,8601499.996078495,3350499.4930582307
8602837_3350691.tif,8601805.744191594,3350499.4930582307
8602837_3350691.tif,8602111.49230469,3350499.4930582307
8602837_3350691.tif,8602417.24041779,3350499.4930582307
8602837_3350691.tif,8602722.988530887,3350499.4930582307
8602837_3350691.tif,8603028.736643985,3350499.4930582307
8602837_3350691.tif,8603334.484757084,3350499.4930582307
8602837_3350691.tif,8603640.23287018,3350499.4930582307
8602837_3350691.tif,8603945.98098328,3350499.4930582307
8602837_3350691.tif,8604175.292068101,3350499.4930582307
8602837_3350691.tif,8601499.996078495,3350193.744945133
8602837_3350691.tif,8601805.744191594,3350193.744945133
8602837_3350691.tif,8602111.49230469,3350193.744945133
8602837_3350691.tif,8602417.24041779,3350193.744945133
8602837_3350691.tif,8602722.988530887,3350193.744945133
8602837_3350691.tif,8603028.736643985,3350193.744945133
8602837_3350691.tif,8603334.484757084,3350193.744945133
8602837_3350691.tif,8603640.23287018,3350193.744945133
8602837_3350691.tif,8603945.98098328,3350193.744945133
8602837_3350691.tif,8604175.292068101,3350193.744945133
8602837_3350691.tif,8601499.996078495,3349887.9968320355
8602837_3350691.tif,8601805.744191594,3349887.9968320355
8602837_3350691.tif,8602111.49230469,3349887.9968320355
8602837_3350691.tif,8602417.24041779,3349887.9968320355
8602837_3350691.tif,8602722.988530887,3349887.9968320355
8602837_3350691.tif,8603028.736643985,3349887.9968320355
8602837_3350691.tif,8603334.484757084,3349887.9968320355
8602837_3350691.tif,8603640.23287018,3349887.9968320355
8602837_3350691.tif,8603945.98098328,3349887.9968320355
8602837_3350691.tif,8604175.292068101,3349887.9968320355
8602837_3350691.tif,8601499.996078495,3349582.248718938
8602837_3350691.tif,8601805.744191594,3349582.248718938
8602837_3350691.tif,8602111.49230469,3349582.248718938
8602837_3350691.tif,8602417.24041779,3349582.248718938
8602837_3350691.tif,8602722.988530887,3349582.248718938
8602837_3350691.tif,8603028.736643985,3349582.248718938
8602837_3350691.tif,8603334.484757084,3349582.248718938
8602837_3350691.tif,8603640.23287018,3349582.248718938
8602837_3350691.tif,8603945.98098328,3349582.248718938
8602837_3350691.tif,8604175.292068101,3349582.248718938
8602837_3350691.tif,8601499.996078495,3349352.937634114
8602837_3350691.tif,8601805.744191594,3349352.937634114
8602837_3350691.tif,8602111.49230469,3349352.937634114
8602837_3350691.tif,8602417.24041779,3349352.937634114
8602837_3350691.tif,8602722.988530887,3349352.937634114
8602837_3350691.tif,8603028.736643985,3349352.937634114
8602837_3350691.tif,8603334.484757084,3349352.937634114
8602837_3350691.tif,8603640.23287018,3349352.937634114
8602837_3350691.tif,8603945.98098328,3349352.937634114
8602837_3350691.tif,8604175.292068101,3349352.937634114
8602837_3353442.tif,8601499.996078495,3354779.966641602
8602837_3353442.tif,8601805.744191594,3354779.966641602
8602837_3353442.tif,8602111.49230469,3354779.966641602
8602837_3353442.tif,8602417.24041779,3354779.966641602
8602837_3353442.tif,8602722.988530887,3354779.966641602
8602837_3353442.tif,8603028.736643985,3354779.966641602
8602837_3353442.tif,8603334.484757084,3354779.966641602
8602837_3353442.tif,8603640.23287018,3354779.966641602
8602837_3353442.tif,8603945.98098328,3354779.966641602
8602837_3353442.tif,8604175.292068101,3354779.966641602
8602837_3353442.tif,8601499.996078495,3354474.2185285045
8602837_3353442.tif,8601805.744191594,3354474.2185285045
8602837_3353442.tif,8602111.49230469,3354474.2185285045
8602837_3353442.tif,8602417.24041779,3354474.2185285045
8602837_3353442.tif,8602722.988530887,3354474.2185285045
8602837_3353442.tif,8603028.736643985,3354474.2185285045
8602837_3353442.tif,8603334.484757084,3354474.2185285045
8602837_3353442.tif,8603640.23287018,3354474.2185285045
8602837_3353442.tif,8603945.98098328,3354474.2185285045
8602837_3353442.tif,8604175.292068101,3354474.2185285045
8602837_3353442.tif,8601499.996078495,3354168.470415407
8602837_3353442.tif,8601805.744191594,3354168.470415407
8602837_3353442.tif,8602111.49230469,3354168.470415407
8602837_3353442.tif,8602417.24041779,3354168.470415407
8602837_3353442.tif,8602722.988530887,3354168.470415407
8602837_3353442.tif,8603028.736643985,3354168.470415407
8602837_3353442.tif,8603334.484757084,3354168.470415407
8602837_3353442.tif,8603640.23287018,3354168.470415407
8602837_3353442.tif,8603945.98098328,3354168.470415407
8602837_3353442.tif,8604175.292068101,3354168.470415407
8602837_3353442.tif,8601499.996078495,3353862.7223023083
8602837_3353442.tif,8601805.744191594,3353862.7223023083
8602837_3353442.tif,8602111.49230469,3353862.7223023083
8602837_3353442.tif,8602417.24041779,3353862.7223023083
8602837_3353442.tif,8602722.988530887,3353862.7223023083
8602837_3353442.tif,8603028.736643985,3353862.7223023083
8602837_3353442.tif,8603334.484757084,3353862.7223023083
8602837_3353442.tif,8603640.23287018,3353862.7223023083
8602837_3353442.tif,8603945.98098328,3353862.7223023083
8602837_3353442.tif,8604175.292068101,3353862.7223023083
8602837_3353442.tif,8601499.996078495,3353556.9741892107
8602837_3353442.tif,8601805.744191594,3353556.9741892107
8602837_3353442.tif,8602111.49230469,3353556.9741892107
8602837_3353442.tif,8602417.24041779,3353556.9741892107
8602837_3353442.tif,8602722.988530887,3353556.9741892107
8602837_3353442.tif,8603028.736643985,3353556.9741892107
8602837_3353442.tif,8603334.484757084,3353556.9741892107
8602837_3353442.tif,8603640.23287018,3353556.9741892107
8602837_3353442.tif,8603945.98098328,3353556.9741892107
8602837_3353442.tif,8604175.292068101,3353556.9741892107
8602837_3353442.tif,8601499.996078495,3353251.226076113
8602837_3353442.tif,8601805.744191594,3353251.226076113
8602837_3353442.tif,8602111.49230469,3353251.226076113
8602837_3353442.tif,8602417.24041779,3353251.226076113
8602837_3353442.tif,8602722.988530887,3353251.226076113
8602837_3353442.tif,8603028.736643985,3353251.226076113
8602837_3353442.tif,8603334.484757084,3353251.226076113
8602837_3353442.tif,8603640.23287018,3353251.226076113
8602837_3353442.tif,8603945.98098328,3353251.226076113
8602837_3353442.tif,8604175.292068101,3353251.226076113
8602837_3353442.tif,8601499.996078495,3352945.4779630145
8602837_3353442.tif,8601805.744191594,3352945.4779630145
8602837_3353442.tif,8602111.49230469,3352945.4779630145
8602837_3353442.tif,8602417.24041779,3352945.4779630145
8602837_3353442.tif,8602722.988530887,3352945.4779630145
8602837_3353442.tif,8603028.736643985,3352945.4779630145
8602837_3353442.tif,8603334.484757084,3352945.4779630145
8602837_3353442.tif,8603640.23287018,3352945.4779630145
8602837_3353442.tif,8603945.98098328,3352945.4779630145
8602837_3353442.tif,8604175.292068101,3352945.4779630145
8602837_3353442.tif,8601499.996078495,3352639.729849917
8602837_3353442.tif,8601805.744191594,3352639.729849917
8602837_3353442.tif,8602111.49230469,3352639.729849917
8602837_3353442.tif,8602417.24041779,3352639.729849917
8602837_3353442.tif,8602722.988530887,3352639.729849917
8602837_3353442.tif,8603028.736643985,3352639.729849917
8602837_3353442.tif,8603334.484757084,3352639.729849917
8602837_3353442.tif,8603640.23287018,3352639.729849917
8602837_3353442.tif,8603945.98098328,3352639.729849917
8602837_3353442.tif,8604175.292068101,3352639.729849917
8602837_3353442.tif,8601499.996078495,3352333.9817368193
8602837_3353442.tif,8601805.744191594,3352333.9817368193
8602837_3353442.tif,8602111.49230469,3352333.9817368193
8602837_3353442.tif,8602417.24041779,3352333.9817368193
8602837_3353442.tif,8602722.988530887,3352333.9817368193
8602837_3353442.tif,8603028.736643985,3352333.9817368193
8602837_3353442.tif,8603334.484757084,3352333.9817368193
8602837_3353442.tif,8603640.23287018,3352333.9817368193
8602837_3353442.tif,8603945.98098328,3352333.9817368193
8602837_3353442.tif,8604175.292068101,3352333.9817368193
8602837_3353442.tif,8601499.996078495,3352104.6706519956
8602837_3353442.tif,8601805.744191594,3352104.6706519956
8602837_3353442.tif,8602111.49230469,3352104.6706519956
8602837_3353442.tif,8602417.24041779,3352104.6706519956
8602837_3353442.tif,8602722.988530887,3352104.6706519956
8602837_3353442.tif,8603028.736643985,3352104.6706519956
8602837_3353442.tif,8603334.484757084,3352104.6706519956
8602837_3353442.tif,8603640.23287018,3352104.6706519956
8602837_3353442.tif,8603945.98098328,3352104.6706519956
8602837_3353442.tif,8604175.292068101,3352104.6706519956
8602837_3356194.tif,8601499.996078495,3357531.6996594826
8602837_3356194.tif,8601805.744191594,3357531.6996594826
8602837_3356194.tif,8602111.49230469,3357531.6996594826
8602837_3356194.tif,8602417.24041779,3357531.6996594826
8602837_3356194.tif,8602722.988530887,3357531.6996594826
8602837_3356194.tif,8603028.736643985,3357531.6996594826
8602837_3356194.tif,8603334.484757084,3357531.6996594826
8602837_3356194.tif,8603640.23287018,3357531.6996594826
8602837_3356194.tif,8603945.98098328,3357531.6996594826
8602837_3356194.tif,8604175.292068101,3357531.6996594826
8602837_3356194.tif,8601499.996078495,3357225.951546385
8602837_3356194.tif,8601805.744191594,3357225.951546385
8602837_3356194.tif,8602111.49230469,3357225.951546385
8602837_3356194.tif,8602417.24041779,3357225.951546385
8602837_3356194.tif,8602722.988530887,3357225.951546385
8602837_3356194.tif,8603028.736643985,3357225.951546385
8602837_3356194.tif,8603334.484757084,3357225.951546385
8602837_3356194.tif,8603640.23287018,3357225.951546385
8602837_3356194.tif,8603945.98098328,3357225.951546385
8602837_3356194.tif,8604175.292068101,3357225.951546385
8602837_3356194.tif,8601499.996078495,3356920.2034332873
8602837_3356194.tif,8601805.744191594,3356920.2034332873
8602837_3356194.tif,8602111.49230469,3356920.2034332873
8602837_3356194.tif,8602417.24041779,3356920.2034332873
8602837_3356194.tif,8602722.988530887,3356920.2034332873
8602837_3356194.tif,8603028.736643985,3356920.2034332873
8602837_3356194.tif,8603334.484757084,3356920.2034332873
8602837_3356194.tif,8603640.23287018,3356920.2034332873
8602837_3356194.tif,8603945.98098328,3356920.2034332873
8602837_3356194.tif,8604175.292068101,3356920.2034332873
8602837_3356194.tif,8601499.996078495,3356614.4553201897
8602837_3356194.tif,8601805.744191594,3356614.4553201897
8602837_3356194.tif,8602111.49230469,3356614.4553201897
8602837_3356194.tif,8602417.24041779,3356614.4553201897
8602837_3356194.tif,8602722.988530887,3356614.4553201897
8602837_3356194.tif,8603028.736643985,3356614.4553201897
8602837_3356194.tif,8603334.484757084,3356614.4553201897
8602837_3356194.tif,8603640.23287018,3356614.4553201897
8602837_3356194.tif,8603945.98098328,3356614.4553201897
8602837_3356194.tif,8604175.292068101,3356614.4553201897
8602837_3356194.tif,8601499.996078495,3356308.707207092
8602837_3356194.tif,8601805.744191594,3356308.707207092
8602837_3356194.tif,8602111.49230469,3356308.707207092
8602837_3356194.tif,8602417.24041779,3356308.707207092
8602837_3356194.tif,8602722.988530887,3356308.707207092
8602837_3356194.tif,8603028.736643985,3356308.707207092
8602837_3356194.tif,8603334.484757084,3356308.707207092
8602837_3356194.tif,8603640.23287018,3356308.707207092
8602837_3356194.tif,8603945.98098328,3356308.707207092
8602837_3356194.tif,8604175.292068101,3356308.707207092
8602837_3356194.tif,8601499.996078495,3356002.9590939945
8602837_3356194.tif,8601805.744191594,3356002.9590939945
8602837_3356194.tif,8602111.49230469,3356002.9590939945
8602837_3356194.tif,8602417.24041779,3356002.9590939945
8602837_3356194.tif,8602722.988530887,3356002.9590939945
8602837_3356194.tif,8603028.736643985,3356002.9590939945
8602837_3356194.tif,8603334.484757084,3356002.9590939945
8602837_3356194.tif,8603640.23287018,3356002.9590939945
8602837_3356194.tif,8603945.98098328,3356002.9590939945
8602837_3356194.tif,8604175.292068101,3356002.9590939945
8602837_3356194.tif,8601499.996078495,3355697.210980897
8602837_3356194.tif,8601805.744191594,3355697.210980897
8602837_3356194.tif,8602111.49230469,3355697.210980897
8602837_3356194.tif,8602417.24041779,3355697.210980897
8602837_3356194.tif,8602722.988530887,3355697.210980897
8602837_3356194.tif,8603028.736643985,3355697.210980897
8602837_3356194.tif,8603334.484757084,3355697.210980897
8602837_3356194.tif,8603640.23287018,3355697.210980897
8602837_3356194.tif,8603945.98098328,3355697.210980897
8602837_3356194.tif,8604175.292068101,3355697.210980897
8602837_3356194.tif,8601499.996078495,3355391.462867799
8602837_3356194.tif,8601805.744191594,3355391.462867799
8602837_3356194.tif,8602111.49230469,3355391.462867799
8602837_3356194.tif,8602417.24041779,3355391.462867799
8602837_3356194.tif,8602722.988530887,3355391.462867799
8602837_3356194.tif,8603028.736643985,3355391.462867799
8602837_3356194.tif,8603334.484757084,3355391.462867799
8602837_3356194.tif,8603640.23287018,3355391.462867799
8602837_3356194.tif,8603945.98098328,3355391.462867799
8602837_3356194.tif,8604175.292068101,3355391.462867799
8602837_3356194.tif,8601499.996078495,3355085.714754701
8602837_3356194.tif,8601805.744191594,3355085.714754701
8602837_3356194.tif,8602111.49230469,3355085.714754701
8602837_3356194.tif,8602417.24041779,3355085.714754701
8602837_3356194.tif,8602722.988530887,3355085.714754701
8602837_3356194.tif,8603028.736643985,3355085.714754701
8602837_3356194.tif,8603334.484757084,3355085.714754701
8602837_3356194.tif,8603640.23287018,3355085.714754701
8602837_3356194.tif,8603945.98098328,3355085.714754701
8602837_3356194.tif,8604175.292068101,3355085.714754701
8602837_3356194.tif,8601499.996078495,3354856.403669878
8602837_3356194.tif,8601805.744191594,3354856.403669878
8602837_3356194.tif,8602111.49230469,3354856.403669878
8602837_3356194.tif,8602417.24041779,3354856.403669878
8602837_3356194.tif,8602722.988530887,3354856.403669878
8602837_3356194.tif,8603028.736643985,3354856.403669878
8602837_3356194.tif,8603334.484757084,3354856.403669878
8602837_3356194.tif,8603640.23287018,3354856.403669878
8602837_3356194.tif,8603945.98098328,3354856.403669878
8602837_3356194.tif,8604175.292068101,3354856.403669878
8602837_3358946.tif,8601499.996078495,3360283.432677364
8602837_3358946.tif,8601805.744191594,3360283.432677364
8602837_3358946.tif,8602111.49230469,3360283.432677364
8602837_3358946.tif,8602417.24041779,3360283.432677364
8602837_3358946.tif,8602722.988530887,3360283.432677364
8602837_3358946.tif,8603028.736643985,3360283.432677364
8602837_3358946.tif,8603334.484757084,3360283.432677364
8602837_3358946.tif,8603640.23287018,3360283.432677364
8602837_3358946.tif,8603945.98098328,3360283.432677364
8602837_3358946.tif,8604175.292068101,3360283.432677364
8602837_3358946.tif,8601499.996078495,3359977.6845642664
8602837_3358946.tif,8601805.744191594,3359977.6845642664
8602837_3358946.tif,8602111.49230469,3359977.6845642664
8602837_3358946.tif,8602417.24041779,3359977.6845642664
8602837_3358946.tif,8602722.988530887,3359977.6845642664
8602837_3358946.tif,8603028.736643985,3359977.6845642664
8602837_3358946.tif,8603334.484757084,3359977.6845642664
8602837_3358946.tif,8603640.23287018,3359977.6845642664
8602837_3358946.tif,8603945.98098328,3359977.6845642664
8602837_3358946.tif,8604175.292068101,3359977.6845642664
8602837_3358946.tif,8601499.996078495,3359671.9364511687
8602837_3358946.tif,8601805.744191594,3359671.9364511687
8602837_3358946.tif,8602111.49230469,3359671.9364511687
8602837_3358946.tif,8602417.24041779,3359671.9364511687
8602837_3358946.tif,8602722.988530887,3359671.9364511687
8602837_3358946.tif,8603028.736643985,3359671.9364511687
8602837_3358946.tif,8603334.484757084,3359671.9364511687
8602837_3358946.tif,8603640.23287018,3359671.9364511687
8602837_3358946.tif,8603945.98098328,3359671.9364511687
8602837_3358946.tif,8604175.292068101,3359671.9364511687
8602837_3358946.tif,8601499.996078495,3359366.188338071
8602837_3358946.tif,8601805.744191594,3359366.188338071
8602837_3358946.tif,8602111.49230469,3359366.188338071
8602837_3358946.tif,8602417.24041779,3359366.188338071
8602837_3358946.tif,8602722.988530887,3359366.188338071
8602837_3358946.tif,8603028.736643985,3359366.188338071
8602837_3358946.tif,8603334.484757084,3359366.188338071
8602837_3358946.tif,8603640.23287018,3359366.188338071
8602837_3358946.tif,8603945.98098328,3359366.188338071
8602837_3358946.tif,8604175.292068101,3359366.188338071
8602837_3358946.tif,8601499.996078495,3359060.4402249735
8602837_3358946.tif,8601805.744191594,3359060.4402249735
8602837_3358946.tif,8602111.49230469,3359060.4402249735
8602837_3358946.tif,8602417.24041779,3359060.4402249735
8602837_3358946.tif,8602722.988530887,3359060.4402249735
8602837_3358946.tif,8603028.736643985,3359060.4402249735
8602837_3358946.tif,8603334.484757084,3359060.4402249735
8602837_3358946.tif,8603640.23287018,3359060.4402249735
8602837_3358946.tif,8603945.98098328,3359060.4402249735
8602837_3358946.tif,8604175.292068101,3359060.4402249735
8602837_3358946.tif,8601499.996078495,3358754.692111876
8602837_3358946.tif,8601805.744191594,3358754.692111876
8602837_3358946.tif,8602111.49230469,3358754.692111876
8602837_3358946.tif,8602417.24041779,3358754.692111876
8602837_3358946.tif,8602722.988530887,3358754.692111876
8602837_3358946.tif,8603028.736643985,3358754.692111876
8602837_3358946.tif,8603334.484757084,3358754.692111876
8602837_3358946.tif,8603640.23287018,3358754.692111876
8602837_3358946.tif,8603945.98098328,3358754.692111876
8602837_3358946.tif,8604175.292068101,3358754.692111876
8602837_3358946.tif,8601499.996078495,3358448.9439987782
8602837_3358946.tif,8601805.744191594,3358448.9439987782
8602837_3358946.tif,8602111.49230469,3358448.9439987782
8602837_3358946.tif,8602417.24041779,3358448.9439987782
8602837_3358946.tif,8602722.988530887,3358448.9439987782
8602837_3358946.tif,8603028.736643985,3358448.9439987782
8602837_3358946.tif,8603334.484757084,3358448.9439987782
8602837_3358946.tif,8603640.23287018,3358448.9439987782
8602837_3358946.tif,8603945.98098328,3358448.9439987782
8602837_3358946.tif,8604175.292068101,3358448.9439987782
8602837_3358946.tif,8601499.996078495,3358143.1958856806
8602837_3358946.tif,8601805.744191594,3358143.1958856806
8602837_3358946.tif,8602111.49230469,3358143.1958856806
8602837_3358946.tif,8602417.24041779,3358143.1958856806
8602837_3358946.tif,8602722.988530887,3358143.1958856806
8602837_3358946.tif,8603028.736643985,3358143.1958856806
8602837_3358946.tif,8603334.484757084,3358143.1958856806
8602837_3358946.tif,8603640.23287018,3358143.1958856806
8602837_3358946.tif,8603945.98098328,3358143.1958856806
8602837_3358946.tif,8604175.292068101,3358143.1958856806
8602837_3358946.tif,8601499.996078495,3357837.4477725825
8602837_3358946.tif,8601805.744191594,3357837.4477725825
8602837_3358946.tif,8602111.49230469,3357837.4477725825
8602837_3358946.tif,8602417.24041779,3357837.4477725825
8602837_3358946.tif,8602722.988530887,3357837.4477725825
8602837_3358946.tif,8603028.736643985,3357837.4477725825
8602837_3358946.tif,8603334.484757084,3357837.4477725825
8602837_3358946.tif,8603640.23287018,3357837.4477725825
8602837_3358946.tif,8603945.98098328,3357837.4477725825
8602837_3358946.tif,8604175.292068101,3357837.4477725825
8602837_3358946.tif,8601499.996078495,3357608.1366877593
8602837_3358946.tif,8601805.744191594,3357608.1366877593
8602837_3358946.tif,8602111.49230469,3357608.1366877593
8602837_3358946.tif,8602417.24041779,3357608.1366877593
8602837_3358946.tif,8602722.988530887,3357608.1366877593
8602837_3358946.tif,8603028.736643985,3357608.1366877593
8602837_3358946.tif,8603334.484757084,3357608.1366877593
8602837_3358946.tif,8603640.23287018,3357608.1366877593
8602837_3358946.tif,8603945.98098328,3357608.1366877593
8602837_3358946.tif,8604175.292068101,3357608.1366877593
8602837_3361698.tif,8601499.996078495,3363035.1656952472
8602837_3361698.tif,8601805.744191594,3363035.1656952472
8602837_3361698.tif,8602111.49230469,3363035.1656952472
8602837_3361698.tif,8602417.24041779,3363035.1656952472
8602837_3361698.tif,8602722.988530887,3363035.1656952472
8602837_3361698.tif,8603028.736643985,3363035.1656952472
8602837_3361698.tif,8603334.484757084,3363035.1656952472
8602837_3361698.tif,8603640.23287018,3363035.1656952472
8602837_3361698.tif,8603945.98098328,3363035.1656952472
8602837_3361698.tif,8604175.292068101,3363035.1656952472
8602837_3361698.tif,8601499.996078495,3362729.417582149
8602837_3361698.tif,8601805.744191594,3362729.417582149
8602837_3361698.tif,8602111.49230469,3362729.417582149
8602837_3361698.tif,8602417.24041779,3362729.417582149
8602837_3361698.tif,8602722.988530887,3362729.417582149
8602837_3361698.tif,8603028.736643985,3362729.417582149
8602837_3361698.tif,8603334.484757084,3362729.417582149
8602837_3361698.tif,8603640.23287018,3362729.417582149
8602837_3361698.tif,8603945.98098328,3362729.417582149
8602837_3361698.tif,8604175.292068101,3362729.417582149
8602837_3361698.tif,8601499.996078495,3362423.669469051
8602837_3361698.tif,8601805.744191594,3362423.669469051
8602837_3361698.tif,8602111.49230469,3362423.669469051
8602837_3361698.tif,8602417.24041779,3362423.669469051
8602837_3361698.tif,8602722.988530887,3362423.669469051
8602837_3361698.tif,8603028.736643985,3362423.669469051
8602837_3361698.tif,8603334.484757084,3362423.669469051
8602837_3361698.tif,8603640.23287018,3362423.669469051
8602837_3361698.tif,8603945.98098328,3362423.669469051
8602837_3361698.tif,8604175.292068101,3362423.669469051
8602837_3361698.tif,8601499.996078495,3362117.9213559534
8602837_3361698.tif,8601805.744191594,3362117.9213559534
8602837_3361698.tif,8602111.49230469,3362117.9213559534
8602837_3361698.tif,8602417.24041779,3362117.9213559534
8602837_3361698.tif,8602722.988530887,3362117.9213559534
8602837_3361698.tif,8603028.736643985,3362117.9213559534
8602837_3361698.tif,8603334.484757084,3362117.9213559534
8602837_3361698.tif,8603640.23287018,3362117.9213559534
8602837_3361698.tif,8603945.98098328,3362117.9213559534
8602837_3361698.tif,8604175.292068101,3362117.9213559534
8602837_3361698.tif,8601499.996078495,3361812.173242855
8602837_3361698.tif,8601805.744191594,3361812.173242855
8602837_3361698.tif,8602111.49230469,3361812.173242855
8602837_3361698.tif,8602417.24041779,3361812.173242855
8602837_3361698.tif,8602722.988530887,3361812.173242855
8602837_3361698.tif,8603028.736643985,3361812.173242855
8602837_3361698.tif,8603334.484757084,3361812.173242855
8602837_3361698.tif,8603640.23287018,3361812.173242855
8602837_3361698.tif,8603945.98098328,3361812.173242855
8602837_3361698.tif,8604175.292068101,3361812.173242855
8602837_3361698.tif,8601499.996078495,3361506.4251297573
8602837_3361698.tif,8601805.744191594,3361506.4251297573
8602837_3361698.tif,8602111.49230469,3361506.4251297573
8602837_3361698.tif,8602417.24041779,3361506.4251297573
8602837_3361698.tif,8602722.988530887,3361506.4251297573
8602837_3361698.tif,8603028.736643985,3361506.4251297573
8602837_3361698.tif,8603334.484757084,3361506.4251297573
8602837_3361698.tif,8603640.23287018,3361506.4251297573
8602837_3361698.tif,8603945.98098328,3361506.4251297573
8602837_3361698.tif,8604175.292068101,3361506.4251297573
8602837_3361698.tif,8601499.996078495,3361200.677016659
8602837_3361698.tif,8601805.744191594,3361200.677016659
8602837_3361698.tif,8602111.49230469,3361200.677016659
8602837_3361698.tif,8602417.24041779,3361200.677016659
8602837_3361698.tif,8602722.988530887,3361200.677016659
8602837_3361698.tif,8603028.736643985,3361200.677016659
8602837_3361698.tif,8603334.484757084,3361200.677016659
8602837_3361698.tif,8603640.23287018,3361200.677016659
8602837_3361698.tif,8603945.98098328,3361200.677016659
8602837_3361698.tif,8604175.292068101,3361200.677016659
8602837_3361698.tif,8601499.996078495,3360894.928903561
8602837_3361698.tif,8601805.744191594,3360894.928903561
8602837_3361698.tif,8602111.49230469,3360894.928903561
8602837_3361698.tif,8602417.24041779,3360894.928903561
8602837_3361698.tif,8602722.988530887,3360894.928903561
8602837_3361698.tif,8603028.736643985,3360894.928903561
8602837_3361698.tif,8603334.484757084,3360894.928903561
8602837_3361698.tif,8603640.23287018,3360894.928903561
8602837_3361698.tif,8603945.98098328,3360894.928903561
8602837_3361698.tif,8604175.292068101,3360894.928903561
8602837_3361698.tif,8601499.996078495,3360589.180790463
8602837_3361698.tif,8601805.744191594,3360589.180790463
8602837_3361698.tif,8602111.49230469,3360589.180790463
8602837_3361698.tif,8602417.24041779,3360589.180790463
8602837_3361698.tif,8602722.988530887,3360589.180790463
8602837_3361698.tif,8603028.736643985,3360589.180790463
8602837_3361698.tif,8603334.484757084,3360589.180790463
8602837_3361698.tif,8603640.23287018,3360589.180790463
8602837_3361698.tif,8603945.98098328,3360589.180790463
8602837_3361698.tif,8604175.292068101,3360589.180790463
8602837_3361698.tif,8601499.996078495,3360359.8697056393
8602837_3361698.tif,8601805.744191594,3360359.8697056393
8602837_3361698.tif,8602111.49230469,3360359.8697056393
8602837_3361698.tif,8602417.24041779,3360359.8697056393
8602837_3361698.tif,8602722.988530887,3360359.8697056393
8602837_3361698.tif,8603028.736643985,3360359.8697056393
8602837_3361698.tif,8603334.484757084,3360359.8697056393
8602837_3361698.tif,8603640.23287018,3360359.8697056393
8602837_3361698.tif,8603945.98098328,3360359.8697056393
8602837_3361698.tif,8604175.292068101,3360359.8697056393
8602837_3364449.tif,8601499.996078495,3365786.898712878
8602837_3364449.tif,8601805.744191594,3365786.898712878
8602837_3364449.tif,8602111.49230469,3365786.898712878
8602837_3364449.tif,8602417.24041779,3365786.898712878
8602837_3364449.tif,8602722.988530887,3365786.898712878
8602837_3364449.tif,8603028.736643985,3365786.898712878
8602837_3364449.tif,8603334.484757084,3365786.898712878
8602837_3364449.tif,8603640.23287018,3365786.898712878
8602837_3364449.tif,8603945.98098328,3365786.898712878
8602837_3364449.tif,8604175.292068101,3365786.898712878
8602837_3364449.tif,8601499.996078495,3365481.1505998066
8602837_3364449.tif,8601805.744191594,3365481.1505998066
8602837_3364449.tif,8602111.49230469,3365481.1505998066
8602837_3364449.tif,8602417.24041779,3365481.1505998066
8602837_3364449.tif,8602722.988530887,3365481.1505998066
8602837_3364449.tif,8603028.736643985,3365481.1505998066
8602837_3364449.tif,8603334.484757084,3365481.1505998066
8602837_3364449.tif,8603640.23287018,3365481.1505998066
8602837_3364449.tif,8603945.98098328,3365481.1505998066
8602837_3364449.tif,8604175.292068101,3365481.1505998066
8602837_3364449.tif,8601499.996078495,3365175.402486736
8602837_3364449.tif,8601805.744191594,3365175.402486736
8602837_3364449.tif,8602111.49230469,3365175.402486736
8602837_3364449.tif,8602417.24041779,3365175.402486736
8602837_3364449.tif,8602722.988530887,3365175.402486736
8602837_3364449.tif,8603028.736643985,3365175.402486736
8602837_3364449.tif,8603334.484757084,3365175.402486736
8602837_3364449.tif,8603640.23287018,3365175.402486736
8602837_3364449.tif,8603945.98098328,3365175.402486736
8602837_3364449.tif,8604175.292068101,3365175.402486736
8602837_3364449.tif,8601499.996078495,3364869.6543736644
8602837_3364449.tif,8601805.744191594,3364869.6543736644
8602837_3364449.tif,8602111.49230469,3364869.6543736644
8602837_3364449.tif,8602417.24041779,3364869.6543736644
8602837_3364449.tif,8602722.988530887,3364869.6543736644
8602837_3364449.tif,8603028.736643985,3364869.6543736644
8602837_3364449.tif,8603334.484757084,3364869.6543736644
8602837_3364449.tif,8603640.23287018,3364869.6543736644
8602837_3364449.tif,8603945.98098328,3364869.6543736644
8602837_3364449.tif,8604175.292068101,3364869.6543736644
8602837_3364449.tif,8601499.996078495,3364563.906260594
8602837_3364449.tif,8601805.744191594,3364563.906260594
8602837_3364449.tif,8602111.49230469,3364563.906260594
8602837_3364449.tif,8602417.24041779,3364563.906260594
8602837_3364449.tif,8602722.988530887,3364563.906260594
8602837_3364449.tif,8603028.736643985,3364563.906260594
8602837_3364449.tif,8603334.484757084,3364563.906260594
8602837_3364449.tif,8603640.23287018,3364563.906260594
8602837_3364449.tif,8603945.98098328,3364563.906260594
8602837_3364449.tif,8604175.292068101,3364563.906260594
8602837_3364449.tif,8601499.996078495,3364258.1581475222
8602837_3364449.tif,8601805.744191594,3364258.1581475222
8602837_3364449.tif,8602111.49230469,3364258.1581475222
8602837_3364449.tif,8602417.24041779,3364258.1581475222
8602837_3364449.tif,8602722.988530887,3364258.1581475222
8602837_3364449.tif,8603028.736643985,3364258.1581475222
8602837_3364449.tif,8603334.484757084,3364258.1581475222
8602837_3364449.tif,8603640.23287018,3364258.1581475222
8602837_3364449.tif,8603945.98098328,3364258.1581475222
8602837_3364449.tif,8604175.292068101,3364258.1581475222
8602837_3364449.tif,8601499.996078495,3363952.4100344516
8602837_3364449.tif,8601805.744191594,3363952.4100344516
8602837_3364449.tif,8602111.49230469,3363952.4100344516
8602837_3364449.tif,8602417.24041779,3363952.4100344516
8602837_3364449.tif,8602722.988530887,3363952.4100344516
8602837_3364449.tif,8603028.736643985,3363952.4100344516
8602837_3364449.tif,8603334.484757084,3363952.4100344516
8602837_3364449.tif,8603640.23287018,3363952.4100344516
8602837_3364449.tif,8603945.98098328,3363952.4100344516
8602837_3364449.tif,8604175.292068101,3363952.4100344516
8602837_3364449.tif,8601499.996078495,3363646.66192138
8602837_3364449.tif,8601805.744191594,3363646.66192138
8602837_3364449.tif,8602111.49230469,3363646.66192138
8602837_3364449.tif,8602417.24041779,3363646.66192138
8602837_3364449.tif,8602722.988530887,3363646.66192138
8602837_3364449.tif,8603028.736643985,3363646.66192138
8602837_3364449.tif,8603334.484757084,3363646.66192138
8602837_3364449.tif,8603640.23287018,3363646.66192138
8602837_3364449.tif,8603945.98098328,3363646.66192138
8602837_3364449.tif,8604175.292068101,3363646.66192138
8602837_3364449.tif,8601499.996078495,3363340.9138083095
8602837_3364449.tif,8601805.744191594,3363340.9138083095
8602837_3364449.tif,8602111.49230469,3363340.9138083095
8602837_3364449.tif,8602417.24041779,3363340.9138083095
8602837_3364449.tif,8602722.988530887,3363340.9138083095
8602837_3364449.tif,8603028.736643985,3363340.9138083095
8602837_3364449.tif,8603334.484757084,3363340.9138083095
8602837_3364449.tif,8603640.23287018,3363340.9138083095
8602837_3364449.tif,8603945.98098328,3363340.9138083095
8602837_3364449.tif,8604175.292068101,3363340.9138083095
8602837_3364449.tif,8601499.996078495,3363111.6027235063
8602837_3364449.tif,8601805.744191594,3363111.6027235063
8602837_3364449.tif,8602111.49230469,3363111.6027235063
8602837_3364449.tif,8602417.24041779,3363111.6027235063
8602837_3364449.tif,8602722.988530887,3363111.6027235063
8602837_3364449.tif,8603028.736643985,3363111.6027235063
8602837_3364449.tif,8603334.484757084,3363111.6027235063
8602837_3364449.tif,8603640.23287018,3363111.6027235063
8602837_3364449.tif,8603945.98098328,3363111.6027235063
8602837_3364449.tif,8604175.292068101,3363111.6027235063
8602837_3367201.tif,8601499.996078495,3368538.6317307577
8602837_3367201.tif,8601805.744191594,3368538.6317307577
8602837_3367201.tif,8602111.49230469,3368538.6317307577
8602837_3367201.tif,8602417.24041779,3368538.6317307577
8602837_3367201.tif,8602722.988530887,3368538.6317307577
8602837_3367201.tif,8603028.736643985,3368538.6317307577
8602837_3367201.tif,8603334.484757084,3368538.6317307577
8602837_3367201.tif,8603640.23287018,3368538.6317307577
8602837_3367201.tif,8603945.98098328,3368538.6317307577
8602837_3367201.tif,8604175.292068101,3368538.6317307577
8602837_3367201.tif,8601499.996078495,3368232.883617686
8602837_3367201.tif,8601805.744191594,3368232.883617686
8602837_3367201.tif,8602111.49230469,3368232.883617686
8602837_3367201.tif,8602417.24041779,3368232.883617686
8602837_3367201.tif,8602722.988530887,3368232.883617686
8602837_3367201.tif,8603028.736643985,3368232.883617686
8602837_3367201.tif,8603334.484757084,3368232.883617686
8602837_3367201.tif,8603640.23287018,3368232.883617686
8602837_3367201.tif,8603945.98098328,3368232.883617686
8602837_3367201.tif,8604175.292068101,3368232.883617686
8602837_3367201.tif,8601499.996078495,3367927.135504615
8602837_3367201.tif,8601805.744191594,3367927.135504615
8602837_3367201.tif,8602111.49230469,3367927.135504615
8602837_3367201.tif,8602417.24041779,3367927.135504615
8602837_3367201.tif,8602722.988530887,3367927.135504615
8602837_3367201.tif,8603028.736643985,3367927.135504615
8602837_3367201.tif,8603334.484757084,3367927.135504615
8602837_3367201.tif,8603640.23287018,3367927.135504615
8602837_3367201.tif,8603945.98098328,3367927.135504615
8602837_3367201.tif,8604175.292068101,3367927.135504615
8602837_3367201.tif,8601499.996078495,3367621.387391544
8602837_3367201.tif,8601805.744191594,3367621.387391544
8602837_3367201.tif,8602111.49230469,3367621.387391544
8602837_3367201.tif,8602417.24041779,3367621.387391544
8602837_3367201.tif,8602722.988530887,3367621.387391544
8602837_3367201.tif,8603028.736643985,3367621.387391544
8602837_3367201.tif,8603334.484757084,3367621.387391544
8602837_3367201.tif,8603640.23287018,3367621.387391544
8602837_3367201.tif,8603945.98098328,3367621.387391544
8602837_3367201.tif,8604175.292068101,3367621.387391544
8602837_3367201.tif,8601499.996078495,3367315.6392784724
8602837_3367201.tif,8601805.744191594,3367315.6392784724
8602837_3367201.tif,8602111.49230469,3367315.6392784724
8602837_3367201.tif,8602417.24041779,3367315.6392784724
8602837_3367201.tif,8602722.988530887,3367315.6392784724
8602837_3367201.tif,8603028.736643985,3367315.6392784724
8602837_3367201.tif,8603334.484757084,3367315.6392784724
8602837_3367201.tif,8603640.23287018,3367315.6392784724
8602837_3367201.tif,8603945.98098328,3367315.6392784724
8602837_3367201.tif,8604175.292068101,3367315.6392784724
8602837_3367201.tif,8601499.996078495,3367009.891165402
8602837_3367201.tif,8601805.744191594,3367009.891165402
8602837_3367201.tif,8602111.49230469,3367009.891165402
8602837_3367201.tif,8602417.24041779,3367009.891165402
8602837_3367201.tif,8602722.988530887,3367009.891165402
8602837_3367201.tif,8603028.736643985,3367009.891165402
8602837_3367201.tif,8603334.484757084,3367009.891165402
8602837_3367201.tif,8603640.23287018,3367009.891165402
8602837_3367201.tif,8603945.98098328,3367009.891165402
8602837_3367201.tif,8604175.292068101,3367009.891165402
8602837_3367201.tif,8601499.996078495,3366704.1430523302
8602837_3367201.tif,8601805.744191594,3366704.1430523302
8602837_3367201.tif,8602111.49230469,3366704.1430523302
8602837_3367201.tif,8602417.24041779,3366704.1430523302
8602837_3367201.tif,8602722.988530887,3366704.1430523302
8602837_3367201.tif,8603028.736643985,3366704.1430523302
8602837_3367201.tif,8603334.484757084,3366704.1430523302
8602837_3367201.tif,8603640.23287018,3366704.1430523302
8602837_3367201.tif,8603945.98098328,3366704.1430523302
8602837_3367201.tif,8604175.292068101,3366704.1430523302
8602837_3367201.tif,8601499.996078495,3366398.394939259
8602837_3367201.tif,8601805.744191594,3366398.394939259
8602837_3367201.tif,8602111.49230469,3366398.394939259
8602837_3367201.tif,8602417.24041779,3366398.394939259
8602837_3367201.tif,8602722.988530887,3366398.394939259
8602837_3367201.tif,8603028.736643985,3366398.394939259
8602837_3367201.tif,8603334.484757084,3366398.394939259
8602837_3367201.tif,8603640.23287018,3366398.394939259
8602837_3367201.tif,8603945.98098328,3366398.394939259
8602837_3367201.tif,8604175.292068101,3366398.394939259
8602837_3367201.tif,8601499.996078495,3366092.646826188
8602837_3367201.tif,8601805.744191594,3366092.646826188
8602837_3367201.tif,8602111.49230469,3366092.646826188
8602837_3367201.tif,8602417.24041779,3366092.646826188
8602837_3367201.tif,8602722.988530887,3366092.646826188
8602837_3367201.tif,8603028.736643985,3366092.646826188
8602837_3367201.tif,8603334.484757084,3366092.646826188
8602837_3367201.tif,8603640.23287018,3366092.646826188
8602837_3367201.tif,8603945.98098328,3366092.646826188
8602837_3367201.tif,8604175.292068101,3366092.646826188
8602837_3367201.tif,8601499.996078495,3365863.335741385
8602837_3367201.tif,8601805.744191594,3365863.335741385
8602837_3367201.tif,8602111.49230469,3365863.335741385
8602837_3367201.tif,8602417.24041779,3365863.335741385
8602837_3367201.tif,8602722.988530887,3365863.335741385
8602837_3367201.tif,8603028.736643985,3365863.335741385
8602837_3367201.tif,8603334.484757084,3365863.335741385
8602837_3367201.tif,8603640.23287018,3365863.335741385
8602837_3367201.tif,8603945.98098328,3365863.335741385
8602837_3367201.tif,8604175.292068101,3365863.335741385
8602837_3369953.tif,8601499.996078495,3371290.364748624
8602837_3369953.tif,8601805.744191594,3371290.364748624
8602837_3369953.tif,8602111.49230469,3371290.364748624
8602837_3369953.tif,8602417.24041779,3371290.364748624
8602837_3369953.tif,8602722.988530887,3371290.364748624
8602837_3369953.tif,8603028.736643985,3371290.364748624
8602837_3369953.tif,8603334.484757084,3371290.364748624
8602837_3369953.tif,8603640.23287018,3371290.364748624
8602837_3369953.tif,8603945.98098328,3371290.364748624
8602837_3369953.tif,8604175.292068101,3371290.364748624
8602837_3369953.tif,8601499.996078495,3370984.6166355265
8602837_3369953.tif,8601805.744191594,3370984.6166355265
8602837_3369953.tif,8602111.49230469,3370984.6166355265
8602837_3369953.tif,8602417.24041779,3370984.6166355265
8602837_3369953.tif,8602722.988530887,3370984.6166355265
8602837_3369953.tif,8603028.736643985,3370984.6166355265
8602837_3369953.tif,8603334.484757084,3370984.6166355265
8602837_3369953.tif,8603640.23287018,3370984.6166355265
8602837_3369953.tif,8603945.98098328,3370984.6166355265
8602837_3369953.tif,8604175.292068101,3370984.6166355265
8602837_3369953.tif,8601499.996078495,3370678.8685224284
8602837_3369953.tif,8601805.744191594,3370678.8685224284
8602837_3369953.tif,8602111.49230469,3370678.8685224284
8602837_3369953.tif,8602417.24041779,3370678.8685224284
8602837_3369953.tif,8602722.988530887,3370678.8685224284
8602837_3369953.tif,8603028.736643985,3370678.8685224284
8602837_3369953.tif,8603334.484757084,3370678.8685224284
8602837_3369953.tif,8603640.23287018,3370678.8685224284
8602837_3369953.tif,8603945.98098328,3370678.8685224284
8602837_3369953.tif,8604175.292068101,3370678.8685224284
8602837_3369953.tif,8601499.996078495,3370373.1204093304
8602837_3369953.tif,8601805.744191594,3370373.1204093304
8602837_3369953.tif,8602111.49230469,3370373.1204093304
8602837_3369953.tif,8602417.24041779,3370373.1204093304
8602837_3369953.tif,8602722.988530887,3370373.1204093304
8602837_3369953.tif,8603028.736643985,3370373.1204093304
8602837_3369953.tif,8603334.484757084,3370373.1204093304
8602837_3369953.tif,8603640.23287018,3370373.1204093304
8602837_3369953.tif,8603945.98098328,3370373.1204093304
8602837_3369953.tif,8604175.292068101,3370373.1204093304
8602837_3369953.tif,8601499.996078495,3370067.3722962327
8602837_3369953.tif,8601805.744191594,3370067.3722962327
8602837_3369953.tif,8602111.49230469,3370067.3722962327
8602837_3369953.tif,8602417.24041779,3370067.3722962327
8602837_3369953.tif,8602722.988530887,3370067.3722962327
8602837_3369953.tif,8603028.736643985,3370067.3722962327
8602837_3369953.tif,8603334.484757084,3370067.3722962327
8602837_3369953.tif,8603640.23287018,3370067.3722962327
8602837_3369953.tif,8603945.98098328,3370067.3722962327
8602837_3369953.tif,8604175.292068101,3370067.3722962327
8602837_3369953.tif,8601499.996078495,3369761.6241831346
8602837_3369953.tif,8601805.744191594,3369761.6241831346
8602837_3369953.tif,8602111.49230469,3369761.6241831346
8602837_3369953.tif,8602417.24041779,3369761.6241831346
8602837_3369953.tif,8602722.988530887,3369761.6241831346
8602837_3369953.tif,8603028.736643985,3369761.6241831346
8602837_3369953.tif,8603334.484757084,3369761.6241831346
8602837_3369953.tif,8603640.23287018,3369761.6241831346
8602837_3369953.tif,8603945.98098328,3369761.6241831346
8602837_3369953.tif,8604175.292068101,3369761.6241831346
8602837_3369953.tif,8601499.996078495,3369455.8760700366
8602837_3369953.tif,8601805.744191594,3369455.8760700366
8602837_3369953.tif,8602111.49230469,3369455.8760700366
8602837_3369953.tif,8602417.24041779,3369455.8760700366
8602837_3369953.tif,8602722.988530887,3369455.8760700366
8602837_3369953.tif,8603028.736643985,3369455.8760700366
8602837_3369953.tif,8603334.484757084,3369455.8760700366
8602837_3369953.tif,8603640.23287018,3369455.8760700366
8602837_3369953.tif,8603945.98098328,3369455.8760700366
8602837_3369953.tif,8604175.292068101,3369455.8760700366
8602837_3369953.tif,8601499.996078495,3369150.127956939
8602837_3369953.tif,8601805.744191594,3369150.127956939
8602837_3369953.tif,8602111.49230469,3369150.127956939
8602837_3369953.tif,8602417.24041779,3369150.127956939
8602837_3369953.tif,8602722.988530887,3369150.127956939
8602837_3369953.tif,8603028.736643985,3369150.127956939
8602837_3369953.tif,8603334.484757084,3369150.127956939
8602837_3369953.tif,8603640.23287018,3369150.127956939
8602837_3369953.tif,8603945.98098328,3369150.127956939
8602837_3369953.tif,8604175.292068101,3369150.127956939
8602837_3369953.tif,8601499.996078495,3368844.3798438404
8602837_3369953.tif,8601805.744191594,3368844.3798438404
8602837_3369953.tif,8602111.49230469,3368844.3798438404
8602837_3369953.tif,8602417.24041779,3368844.3798438404
8602837_3369953.tif,8602722.988530887,3368844.3798438404
8602837_3369953.tif,8603028.736643985,3368844.3798438404
8602837_3369953.tif,8603334.484757084,3368844.3798438404
8602837_3369953.tif,8603640.23287018,3368844.3798438404
8602837_3369953.tif,8603945.98098328,3368844.3798438404
8602837_3369953.tif,8604175.292068101,3368844.3798438404
8602837_3369953.tif,8601499.996078495,3368615.068759017
8602837_3369953.tif,8601805.744191594,3368615.068759017
8602837_3369953.tif,8602111.49230469,3368615.068759017
8602837_3369953.tif,8602417.24041779,3368615.068759017
8602837_3369953.tif,8602722.988530887,3368615.068759017
8602837_3369953.tif,8603028.736643985,3368615.068759017
8602837_3369953.tif,8603334.484757084,3368615.068759017
8602837_3369953.tif,8603640.23287018,3368615.068759017
8602837_3369953.tif,8603945.98098328,3368615.068759017
8602837_3369953.tif,8604175.292068101,3368615.068759017
8602837_3372705.tif,8601499.996078495,3374042.097766505
8602837_3372705.tif,8601805.744191594,3374042.097766505
8602837_3372705.tif,8602111.49230469,3374042.097766505
8602837_3372705.tif,8602417.24041779,3374042.097766505
8602837_3372705.tif,8602722.988530887,3374042.097766505
8602837_3372705.tif,8603028.736643985,3374042.097766505
8602837_3372705.tif,8603334.484757084,3374042.097766505
8602837_3372705.tif,8603640.23287018,3374042.097766505
8602837_3372705.tif,8603945.98098328,3374042.097766505
8602837_3372705.tif,8604175.292068101,3374042.097766505
8602837_3372705.tif,8601499.996078495,3373736.349653407
8602837_3372705.tif,8601805.744191594,3373736.349653407
8602837_3372705.tif,8602111.49230469,3373736.349653407
8602837_3372705.tif,8602417.24041779,3373736.349653407
8602837_3372705.tif,8602722.988530887,3373736.349653407
8602837_3372705.tif,8603028.736643985,3373736.349653407
8602837_3372705.tif,8603334.484757084,3373736.349653407
8602837_3372705.tif,8603640.23287018,3373736.349653407
8602837_3372705.tif,8603945.98098328,3373736.349653407
8602837_3372705.tif,8604175.292068101,3373736.349653407
8602837_3372705.tif,8601499.996078495,3373430.6015403084
8602837_3372705.tif,8601805.744191594,3373430.6015403084
8602837_3372705.tif,8602111.49230469,3373430.6015403084
8602837_3372705.tif,8602417.24041779,3373430.6015403084
8602837_3372705.tif,8602722.988530887,3373430.6015403084
8602837_3372705.tif,8603028.736643985,3373430.6015403084
8602837_3372705.tif,8603334.484757084,3373430.6015403084
8602837_3372705.tif,8603640.23287018,3373430.6015403084
8602837_3372705.tif,8603945.98098328,3373430.6015403084
8602837_3372705.tif,8604175.292068101,3373430.6015403084
8602837_3372705.tif,8601499.996078495,3373124.8534272104
8602837_3372705.tif,8601805.744191594,3373124.8534272104
8602837_3372705.tif,8602111.49230469,3373124.8534272104
8602837_3372705.tif,8602417.24041779,3373124.8534272104
8602837_3372705.tif,8602722.988530887,3373124.8534272104
8602837_3372705.tif,8603028.736643985,3373124.8534272104
8602837_3372705.tif,8603334.484757084,3373124.8534272104
8602837_3372705.tif,8603640.23287018,3373124.8534272104
8602837_3372705.tif,8603945.98098328,3373124.8534272104
8602837_3372705.tif,8604175.292068101,3373124.8534272104
8602837_3372705.tif,8601499.996078495,3372819.105314112
8602837_3372705.tif,8601805.744191594,3372819.105314112
8602837_3372705.tif,8602111.49230469,3372819.105314112
8602837_3372705.tif,8602417.24041779,3372819.105314112
8602837_3372705.tif,8602722.988530887,3372819.105314112
8602837_3372705.tif,8603028.736643985,3372819.105314112
8602837_3372705.tif,8603334.484757084,3372819.105314112
8602837_3372705.tif,8603640.23287018,3372819.105314112
8602837_3372705.tif,8603945.98098328,3372819.105314112
8602837_3372705.tif,8604175.292068101,3372819.105314112
8602837_3372705.tif,8601499.996078495,3372513.3572010137
8602837_3372705.tif,8601805.744191594,3372513.3572010137
8602837_3372705.tif,8602111.49230469,3372513.3572010137
8602837_3372705.tif,8602417.24041779,3372513.3572010137
8602837_3372705.tif,8602722.988530887,3372513.3572010137
8602837_3372705.tif,8603028.736643985,3372513.3572010137
8602837_3372705.tif,8603334.484757084,3372513.3572010137
8602837_3372705.tif,8603640.23287018,3372513.3572010137
8602837_3372705.tif,8603945.98098328,3372513.3572010137
8602837_3372705.tif,8604175.292068101,3372513.3572010137
8602837_3372705.tif,8601499.996078495,3372207.609087915
8602837_3372705.tif,8601805.744191594,3372207.609087915
8602837_3372705.tif,8602111.49230469,3372207.609087915
8602837_3372705.tif,8602417.24041779,3372207.609087915
8602837_3372705.tif,8602722.988530887,3372207.609087915
8602837_3372705.tif,8603028.736643985,3372207.609087915
8602837_3372705.tif,8603334.484757084,3372207.609087915
8602837_3372705.tif,8603640.23287018,3372207.609087915
8602837_3372705.tif,8603945.98098328,3372207.609087915
8602837_3372705.tif,8604175.292068101,3372207.609087915
8602837_3372705.tif,8601499.996078495,3371901.860974817
8602837_3372705.tif,8601805.744191594,3371901.860974817
8602837_3372705.tif,8602111.49230469,3371901.860974817
8602837_3372705.tif,8602417.24041779,3371901.860974817
8602837_3372705.tif,8602722.988530887,3371901.860974817
8602837_3372705.tif,8603028.736643985,3371901.860974817
8602837_3372705.tif,8603334.484757084,3371901.860974817
8602837_3372705.tif,8603640.23287018,3371901.860974817
8602837_3372705.tif,8603945.98098328,3371901.860974817
8602837_3372705.tif,8604175.292068101,3371901.860974817
8602837_3372705.tif,8601499.996078495,3371596.112861719
8602837_3372705.tif,8601805.744191594,3371596.112861719
8602837_3372705.tif,8602111.49230469,3371596.112861719
8602837_3372705.tif,8602417.24041779,3371596.112861719
8602837_3372705.tif,8602722.988530887,3371596.112861719
8602837_3372705.tif,8603028.736643985,3371596.112861719
8602837_3372705.tif,8603334.484757084,3371596.112861719
8602837_3372705.tif,8603640.23287018,3371596.112861719
8602837_3372705.tif,8603945.98098328,3371596.112861719
8602837_3372705.tif,8604175.292068101,3371596.112861719
8602837_3372705.tif,8601499.996078495,3371366.8017768953
8602837_3372705.tif,8601805.744191594,3371366.8017768953
8602837_3372705.tif,8602111.49230469,3371366.8017768953
8602837_3372705.tif,8602417.24041779,3371366.8017768953
8602837_3372705.tif,8602722.988530887,3371366.8017768953
8602837_3372705.tif,8603028.736643985,3371366.8017768953
8602837_3372705.tif,8603334.484757084,3371366.8017768953
8602837_3372705.tif,8603640.23287018,3371366.8017768953
8602837_3372705.tif,8603945.98098328,3371366.8017768953
8602837_3372705.tif,8604175.292068101,3371366.8017768953
8605588_3328677.tif,8604251.729096375,3330014.3694799384
8605588_3328677.tif,8604557.477209475,3330014.3694799384
8605588_3328677.tif,8604863.22532257,3330014.3694799384
8605588_3328677.tif,8605168.97343567,3330014.3694799384
8605588_3328677.tif,8605474.721548768,3330014.3694799384
8605588_3328677.tif,8605780.469661865,3330014.3694799384
8605588_3328677.tif,8606086.217774965,3330014.3694799384
8605588_3328677.tif,8606391.96588806,3330014.3694799384
8605588_3328677.tif,8606697.71400116,3330014.3694799384
8605588_3328677.tif,8606927.025085982,3330014.3694799384
8605588_3328677.tif,8604251.729096375,3329708.6213668403
8605588_3328677.tif,8604557.477209475,3329708.6213668403
8605588_3328677.tif,8604863.22532257,3329708.6213668403
8605588_3328677.tif,8605168.97343567,3329708.6213668403
8605588_3328677.tif,8605474.721548768,3329708.6213668403
8605588_3328677.tif,8605780.469661865,3329708.6213668403
8605588_3328677.tif,8606086.217774965,3329708.6213668403
8605588_3328677.tif,8606391.96588806,3329708.6213668403
8605588_3328677.tif,8606697.71400116,3329708.6213668403
8605588_3328677.tif,8606927.025085982,3329708.6213668403
8605588_3328677.tif,8604251.729096375,3329402.8732537422
8605588_3328677.tif,8604557.477209475,3329402.8732537422
8605588_3328677.tif,8604863.22532257,3329402.8732537422
8605588_3328677.tif,8605168.97343567,3329402.8732537422
8605588_3328677.tif,8605474.721548768,3329402.8732537422
8605588_3328677.tif,8605780.469661865,3329402.8732537422
8605588_3328677.tif,8606086.217774965,3329402.8732537422
8605588_3328677.tif,8606391.96588806,3329402.8732537422
8605588_3328677.tif,8606697.71400116,3329402.8732537422
8605588_3328677.tif,8606927.025085982,3329402.8732537422
8605588_3328677.tif,8604251.729096375,3329097.1251406446
8605588_3328677.tif,8604557.477209475,3329097.1251406446
8605588_3328677.tif,8604863.22532257,3329097.1251406446
8605588_3328677.tif,8605168.97343567,3329097.1251406446
8605588_3328677.tif,8605474.721548768,3329097.1251406446
8605588_3328677.tif,8605780.469661865,3329097.1251406446
8605588_3328677.tif,8606086.217774965,3329097.1251406446
8605588_3328677.tif,8606391.96588806,3329097.1251406446
8605588_3328677.tif,8606697.71400116,3329097.1251406446
8605588_3328677.tif,8606927.025085982,3329097.1251406446
8605588_3328677.tif,8604251.729096375,3328791.377027547
8605588_3328677.tif,8604557.477209475,3328791.377027547
8605588_3328677.tif,8604863.22532257,3328791.377027547
8605588_3328677.tif,8605168.97343567,3328791.377027547
8605588_3328677.tif,8605474.721548768,3328791.377027547
8605588_3328677.tif,8605780.469661865,3328791.377027547
8605588_3328677.tif,8606086.217774965,3328791.377027547
8605588_3328677.tif,8606391.96588806,3328791.377027547
8605588_3328677.tif,8606697.71400116,3328791.377027547
8605588_3328677.tif,8606927.025085982,3328791.377027547
8605588_3328677.tif,8604251.729096375,3328485.628914449
8605588_3328677.tif,8604557.477209475,3328485.628914449
8605588_3328677.tif,8604863.22532257,3328485.628914449
8605588_3328677.tif,8605168.97343567,3328485.628914449
8605588_3328677.tif,8605474.721548768,3328485.628914449
8605588_3328677.tif,8605780.469661865,3328485.628914449
8605588_3328677.tif,8606086.217774965,3328485.628914449
8605588_3328677.tif,8606391.96588806,3328485.628914449
8605588_3328677.tif,8606697.71400116,3328485.628914449
8605588_3328677.tif,8606927.025085982,3328485.628914449
8605588_3328677.tif,8604251.729096375,3328179.880801351
8605588_3328677.tif,8604557.477209475,3328179.880801351
8605588_3328677.tif,8604863.22532257,3328179.880801351
8605588_3328677.tif,8605168.97343567,3328179.880801351
8605588_3328677.tif,8605474.721548768,3328179.880801351
8605588_3328677.tif,8605780.469661865,3328179.880801351
8605588_3328677.tif,8606086.217774965,3328179.880801351
8605588_3328677.tif,8606391.96588806,3328179.880801351
8605588_3328677.tif,8606697.71400116,3328179.880801351
8605588_3328677.tif,8606927.025085982,3328179.880801351
8605588_3328677.tif,8604251.729096375,3327874.132688253
8605588_3328677.tif,8604557.477209475,3327874.132688253
8605588_3328677.tif,8604863.22532257,3327874.132688253
8605588_3328677.tif,8605168.97343567,3327874.132688253
8605588_3328677.tif,8605474.721548768,3327874.132688253
8605588_3328677.tif,8605780.469661865,3327874.132688253
8605588_3328677.tif,8606086.217774965,3327874.132688253
8605588_3328677.tif,8606391.96588806,3327874.132688253
8605588_3328677.tif,8606697.71400116,3327874.132688253
8605588_3328677.tif,8606927.025085982,3327874.132688253
8605588_3328677.tif,8604251.729096375,3327568.3845751556
8605588_3328677.tif,8604557.477209475,3327568.3845751556
8605588_3328677.tif,8604863.22532257,3327568.3845751556
8605588_3328677.tif,8605168.97343567,3327568.3845751556
8605588_3328677.tif,8605474.721548768,3327568.3845751556
8605588_3328677.tif,8605780.469661865,3327568.3845751556
8605588_3328677.tif,8606086.217774965,3327568.3845751556
8605588_3328677.tif,8606391.96588806,3327568.3845751556
8605588_3328677.tif,8606697.71400116,3327568.3845751556
8605588_3328677.tif,8606927.025085982,3327568.3845751556
8605588_3328677.tif,8604251.729096375,3327339.073490332
8605588_3328677.tif,8604557.477209475,3327339.073490332
8605588_3328677.tif,8604863.22532257,3327339.073490332
8605588_3328677.tif,8605168.97343567,3327339.073490332
8605588_3328677.tif,8605474.721548768,3327339.073490332
8605588_3328677.tif,8605780.469661865,3327339.073490332
8605588_3328677.tif,8606086.217774965,3327339.073490332
8605588_3328677.tif,8606391.96588806,3327339.073490332
8605588_3328677.tif,8606697.71400116,3327339.073490332
8605588_3328677.tif,8606927.025085982,3327339.073490332
8605588_3331429.tif,8604251.729096375,3332766.102497818
8605588_3331429.tif,8604557.477209475,3332766.102497818
8605588_3331429.tif,8604863.22532257,3332766.102497818
8605588_3331429.tif,8605168.97343567,3332766.102497818
8605588_3331429.tif,8605474.721548768,3332766.102497818
8605588_3331429.tif,8605780.469661865,3332766.102497818
8605588_3331429.tif,8606086.217774965,3332766.102497818
8605588_3331429.tif,8606391.96588806,3332766.102497818
8605588_3331429.tif,8606697.71400116,3332766.102497818
8605588_3331429.tif,8606927.025085982,3332766.102497818
8605588_3331429.tif,8604251.729096375,3332460.3543847203
8605588_3331429.tif,8604557.477209475,3332460.3543847203
8605588_3331429.tif,8604863.22532257,3332460.3543847203
8605588_3331429.tif,8605168.97343567,3332460.3543847203
8605588_3331429.tif,8605474.721548768,3332460.3543847203
8605588_3331429.tif,8605780.469661865,3332460.3543847203
8605588_3331429.tif,8606086.217774965,3332460.3543847203
8605588_3331429.tif,8606391.96588806,3332460.3543847203
8605588_3331429.tif,8606697.71400116,3332460.3543847203
8605588_3331429.tif,8606927.025085982,3332460.3543847203
8605588_3331429.tif,8604251.729096375,3332154.6062716227
8605588_3331429.tif,8604557.477209475,3332154.6062716227
8605588_3331429.tif,8604863.22532257,3332154.6062716227
8605588_3331429.tif,8605168.97343567,3332154.6062716227
8605588_3331429.tif,8605474.721548768,3332154.6062716227
8605588_3331429.tif,8605780.469661865,3332154.6062716227
8605588_3331429.tif,8606086.217774965,3332154.6062716227
8605588_3331429.tif,8606391.96588806,3332154.6062716227
8605588_3331429.tif,8606697.71400116,3332154.6062716227
8605588_3331429.tif,8606927.025085982,3332154.6062716227
8605588_3331429.tif,8604251.729096375,3331848.858158524
8605588_3331429.tif,8604557.477209475,3331848.858158524
8605588_3331429.tif,8604863.22532257,3331848.858158524
8605588_3331429.tif,8605168.97343567,3331848.858158524
8605588_3331429.tif,8605474.721548768,3331848.858158524
8605588_3331429.tif,8605780.469661865,3331848.858158524
8605588_3331429.tif,8606086.217774965,3331848.858158524
8605588_3331429.tif,8606391.96588806,3331848.858158524
8605588_3331429.tif,8606697.71400116,3331848.858158524
8605588_3331429.tif,8606927.025085982,3331848.858158524
8605588_3331429.tif,8604251.729096375,3331543.1100454265
8605588_3331429.tif,8604557.477209475,3331543.1100454265
8605588_3331429.tif,8604863.22532257,3331543.1100454265
8605588_3331429.tif,8605168.97343567,3331543.1100454265
8605588_3331429.tif,8605474.721548768,3331543.1100454265
8605588_3331429.tif,8605780.469661865,3331543.1100454265
8605588_3331429.tif,8606086.217774965,3331543.1100454265
8605588_3331429.tif,8606391.96588806,3331543.1100454265
8605588_3331429.tif,8606697.71400116,3331543.1100454265
8605588_3331429.tif,8606927.025085982,3331543.1100454265
8605588_3331429.tif,8604251.729096375,3331237.361932329
8605588_3331429.tif,8604557.477209475,3331237.361932329
8605588_3331429.tif,8604863.22532257,3331237.361932329
8605588_3331429.tif,8605168.97343567,3331237.361932329
8605588_3331429.tif,8605474.721548768,3331237.361932329
8605588_3331429.tif,8605780.469661865,3331237.361932329
8605588_3331429.tif,8606086.217774965,3331237.361932329
8605588_3331429.tif,8606391.96588806,3331237.361932329
8605588_3331429.tif,8606697.71400116,3331237.361932329
8605588_3331429.tif,8606927.025085982,3331237.361932329
8605588_3331429.tif,8604251.729096375,3330931.6138192303
8605588_3331429.tif,8604557.477209475,3330931.6138192303
8605588_3331429.tif,8604863.22532257,3330931.6138192303
8605588_3331429.tif,8605168.97343567,3330931.6138192303
8605588_3331429.tif,8605474.721548768,3330931.6138192303
8605588_3331429.tif,8605780.469661865,3330931.6138192303
8605588_3331429.tif,8606086.217774965,3330931.6138192303
8605588_3331429.tif,8606391.96588806,3330931.6138192303
8605588_3331429.tif,8606697.71400116,3330931.6138192303
8605588_3331429.tif,8606927.025085982,3330931.6138192303
8605588_3331429.tif,8604251.729096375,3330625.8657061327
8605588_3331429.tif,8604557.477209475,3330625.8657061327
8605588_3331429.tif,8604863.22532257,3330625.8657061327
8605588_3331429.tif,8605168.97343567,3330625.8657061327
8605588_3331429.tif,8605474.721548768,3330625.8657061327
8605588_3331429.tif,8605780.469661865,3330625.8657061327
8605588_3331429.tif,8606086.217774965,3330625.8657061327
8605588_3331429.tif,8606391.96588806,3330625.8657061327
8605588_3331429.tif,8606697.71400116,3330625.8657061327
8605588_3331429.tif,8606927.025085982,3330625.8657061327
8605588_3331429.tif,8604251.729096375,3330320.117593035
8605588_3331429.tif,8604557.477209475,3330320.117593035
8605588_3331429.tif,8604863.22532257,3330320.117593035
8605588_3331429.tif,8605168.97343567,3330320.117593035
8605588_3331429.tif,8605474.721548768,3330320.117593035
8605588_3331429.tif,8605780.469661865,3330320.117593035
8605588_3331429.tif,8606086.217774965,3330320.117593035
8605588_3331429.tif,8606391.96588806,3330320.117593035
8605588_3331429.tif,8606697.71400116,3330320.117593035
8605588_3331429.tif,8606927.025085982,3330320.117593035
8605588_3331429.tif,8604251.729096375,3330090.8065082114
8605588_3331429.tif,8604557.477209475,3330090.8065082114
8605588_3331429.tif,8604863.22532257,3330090.8065082114
8605588_3331429.tif,8605168.97343567,3330090.8065082114
8605588_3331429.tif,8605474.721548768,3330090.8065082114
8605588_3331429.tif,8605780.469661865,3330090.8065082114
8605588_3331429.tif,8606086.217774965,3330090.8065082114
8605588_3331429.tif,8606391.96588806,3330090.8065082114
8605588_3331429.tif,8606697.71400116,3330090.8065082114
8605588_3331429.tif,8606927.025085982,3330090.8065082114
8605588_3334180.tif,8604251.729096375,3335517.8355157003
8605588_3334180.tif,8604557.477209475,3335517.8355157003
8605588_3334180.tif,8604863.22532257,3335517.8355157003
8605588_3334180.tif,8605168.97343567,3335517.8355157003
8605588_3334180.tif,8605474.721548768,3335517.8355157003
8605588_3334180.tif,8605780.469661865,3335517.8355157003
8605588_3334180.tif,8606086.217774965,3335517.8355157003
8605588_3334180.tif,8606391.96588806,3335517.8355157003
8605588_3334180.tif,8606697.71400116,3335517.8355157003
8605588_3334180.tif,8606927.025085982,3335517.8355157003
8605588_3334180.tif,8604251.729096375,3335212.0874026027
8605588_3334180.tif,8604557.477209475,3335212.0874026027
8605588_3334180.tif,8604863.22532257,3335212.0874026027
8605588_3334180.tif,8605168.97343567,3335212.0874026027
8605588_3334180.tif,8605474.721548768,3335212.0874026027
8605588_3334180.tif,8605780.469661865,3335212.0874026027
8605588_3334180.tif,8606086.217774965,3335212.0874026027
8605588_3334180.tif,8606391.96588806,3335212.0874026027
8605588_3334180.tif,8606697.71400116,3335212.0874026027
8605588_3334180.tif,8606927.025085982,3335212.0874026027
8605588_3334180.tif,8604251.729096375,3334906.339289505
8605588_3334180.tif,8604557.477209475,3334906.339289505
8605588_3334180.tif,8604863.22532257,3334906.339289505
8605588_3334180.tif,8605168.97343567,3334906.339289505
8605588_3334180.tif,8605474.721548768,3334906.339289505
8605588_3334180.tif,8605780.469661865,3334906.339289505
8605588_3334180.tif,8606086.217774965,3334906.339289505
8605588_3334180.tif,8606391.96588806,3334906.339289505
8605588_3334180.tif,8606697.71400116,3334906.339289505
8605588_3334180.tif,8606927.025085982,3334906.339289505
8605588_3334180.tif,8604251.729096375,3334600.591176407
8605588_3334180.tif,8604557.477209475,3334600.591176407
8605588_3334180.tif,8604863.22532257,3334600.591176407
8605588_3334180.tif,8605168.97343567,3334600.591176407
8605588_3334180.tif,8605474.721548768,3334600.591176407
8605588_3334180.tif,8605780.469661865,3334600.591176407
8605588_3334180.tif,8606086.217774965,3334600.591176407
8605588_3334180.tif,8606391.96588806,3334600.591176407
8605588_3334180.tif,8606697.71400116,3334600.591176407
8605588_3334180.tif,8606927.025085982,3334600.591176407
8605588_3334180.tif,8604251.729096375,3334294.843063309
8605588_3334180.tif,8604557.477209475,3334294.843063309
8605588_3334180.tif,8604863.22532257,3334294.843063309
8605588_3334180.tif,8605168.97343567,3334294.843063309
8605588_3334180.tif,8605474.721548768,3334294.843063309
8605588_3334180.tif,8605780.469661865,3334294.843063309
8605588_3334180.tif,8606086.217774965,3334294.843063309
8605588_3334180.tif,8606391.96588806,3334294.843063309
8605588_3334180.tif,8606697.71400116,3334294.843063309
8605588_3334180.tif,8606927.025085982,3334294.843063309
8605588_3334180.tif,8604251.729096375,3333989.0949502112
8605588_3334180.tif,8604557.477209475,3333989.0949502112
8605588_3334180.tif,8604863.22532257,3333989.0949502112
8605588_3334180.tif,8605168.97343567,3333989.0949502112
8605588_3334180.tif,8605474.721548768,3333989.0949502112
8605588_3334180.tif,8605780.469661865,3333989.0949502112
8605588_3334180.tif,8606086.217774965,3333989.0949502112
8605588_3334180.tif,8606391.96588806,3333989.0949502112
8605588_3334180.tif,8606697.71400116,3333989.0949502112
8605588_3334180.tif,8606927.025085982,3333989.0949502112
8605588_3334180.tif,8604251.729096375,3333683.3468371136
8605588_3334180.tif,8604557.477209475,3333683.3468371136
8605588_3334180.tif,8604863.22532257,3333683.3468371136
8605588_3334180.tif,8605168.97343567,3333683.3468371136
8605588_3334180.tif,8605474.721548768,3333683.3468371136
8605588_3334180.tif,8605780.469661865,3333683.3468371136
8605588_3334180.tif,8606086.217774965,3333683.3468371136
8605588_3334180.tif,8606391.96588806,3333683.3468371136
8605588_3334180.tif,8606697.71400116,3333683.3468371136
8605588_3334180.tif,8606927.025085982,3333683.3468371136
8605588_3334180.tif,8604251.729096375,3333377.5987240155
8605588_3334180.tif,8604557.477209475,3333377.5987240155
8605588_3334180.tif,8604863.22532257,3333377.5987240155
8605588_3334180.tif,8605168.97343567,3333377.5987240155
8605588_3334180.tif,8605474.721548768,3333377.5987240155
8605588_3334180.tif,8605780.469661865,3333377.5987240155
8605588_3334180.tif,8606086.217774965,3333377.5987240155
8605588_3334180.tif,8606391.96588806,3333377.5987240155
8605588_3334180.tif,8606697.71400116,3333377.5987240155
8605588_3334180.tif,8606927.025085982,3333377.5987240155
8605588_3334180.tif,8604251.729096375,3333071.8506109174
8605588_3334180.tif,8604557.477209475,3333071.8506109174
8605588_3334180.tif,8604863.22532257,3333071.8506109174
8605588_3334180.tif,8605168.97343567,3333071.8506109174
8605588_3334180.tif,8605474.721548768,3333071.8506109174
8605588_3334180.tif,8605780.469661865,3333071.8506109174
8605588_3334180.tif,8606086.217774965,3333071.8506109174
8605588_3334180.tif,8606391.96588806,3333071.8506109174
8605588_3334180.tif,8606697.71400116,3333071.8506109174
8605588_3334180.tif,8606927.025085982,3333071.8506109174
8605588_3334180.tif,8604251.729096375,3332842.539526094
8605588_3334180.tif,8604557.477209475,3332842.539526094
8605588_3334180.tif,8604863.22532257,3332842.539526094
8605588_3334180.tif,8605168.97343567,3332842.539526094
8605588_3334180.tif,8605474.721548768,3332842.539526094
8605588_3334180.tif,8605780.469661865,3332842.539526094
8605588_3334180.tif,8606086.217774965,3332842.539526094
8605588_3334180.tif,8606391.96588806,3332842.539526094
8605588_3334180.tif,8606697.71400116,3332842.539526094
8605588_3334180.tif,8606927.025085982,3332842.539526094
8605588_3336932.tif,8604251.729096375,3338269.568533582
8605588_3336932.tif,8604557.477209475,3338269.568533582
8605588_3336932.tif,8604863.22532257,3338269.568533582
8605588_3336932.tif,8605168.97343567,3338269.568533582
8605588_3336932.tif,8605474.721548768,3338269.568533582
8605588_3336932.tif,8605780.469661865,3338269.568533582
8605588_3336932.tif,8606086.217774965,3338269.568533582
8605588_3336932.tif,8606391.96588806,3338269.568533582
8605588_3336932.tif,8606697.71400116,3338269.568533582
8605588_3336932.tif,8606927.025085982,3338269.568533582
8605588_3336932.tif,8604251.729096375,3337963.820420484
8605588_3336932.tif,8604557.477209475,3337963.820420484
8605588_3336932.tif,8604863.22532257,3337963.820420484
8605588_3336932.tif,8605168.97343567,3337963.820420484
8605588_3336932.tif,8605474.721548768,3337963.820420484
8605588_3336932.tif,8605780.469661865,3337963.820420484
8605588_3336932.tif,8606086.217774965,3337963.820420484
8605588_3336932.tif,8606391.96588806,3337963.820420484
8605588_3336932.tif,8606697.71400116,3337963.820420484
8605588_3336932.tif,8606927.025085982,3337963.820420484
8605588_3336932.tif,8604251.729096375,3337658.072307386
8605588_3336932.tif,8604557.477209475,3337658.072307386
8605588_3336932.tif,8604863.22532257,3337658.072307386
8605588_3336932.tif,8605168.97343567,3337658.072307386
8605588_3336932.tif,8605474.721548768,3337658.072307386
8605588_3336932.tif,8605780.469661865,3337658.072307386
8605588_3336932.tif,8606086.217774965,3337658.072307386
8605588_3336932.tif,8606391.96588806,3337658.072307386
8605588_3336932.tif,8606697.71400116,3337658.072307386
8605588_3336932.tif,8606927.025085982,3337658.072307386
8605588_3336932.tif,8604251.729096375,3337352.3241942874
8605588_3336932.tif,8604557.477209475,3337352.3241942874
8605588_3336932.tif,8604863.22532257,3337352.3241942874
8605588_3336932.tif,8605168.97343567,3337352.3241942874
8605588_3336932.tif,8605474.721548768,3337352.3241942874
8605588_3336932.tif,8605780.469661865,3337352.3241942874
8605588_3336932.tif,8606086.217774965,3337352.3241942874
8605588_3336932.tif,8606391.96588806,3337352.3241942874
8605588_3336932.tif,8606697.71400116,3337352.3241942874
8605588_3336932.tif,8606927.025085982,3337352.3241942874
8605588_3336932.tif,8604251.729096375,3337046.5760811893
8605588_3336932.tif,8604557.477209475,3337046.5760811893
8605588_3336932.tif,8604863.22532257,3337046.5760811893
8605588_3336932.tif,8605168.97343567,3337046.5760811893
8605588_3336932.tif,8605474.721548768,3337046.5760811893
8605588_3336932.tif,8605780.469661865,3337046.5760811893
8605588_3336932.tif,8606086.217774965,3337046.5760811893
8605588_3336932.tif,8606391.96588806,3337046.5760811893
8605588_3336932.tif,8606697.71400116,3337046.5760811893
8605588_3336932.tif,8606927.025085982,3337046.5760811893
8605588_3336932.tif,8604251.729096375,3336740.8279680912
8605588_3336932.tif,8604557.477209475,3336740.8279680912
8605588_3336932.tif,8604863.22532257,3336740.8279680912
8605588_3336932.tif,8605168.97343567,3336740.8279680912
8605588_3336932.tif,8605474.721548768,3336740.8279680912
8605588_3336932.tif,8605780.469661865,3336740.8279680912
8605588_3336932.tif,8606086.217774965,3336740.8279680912
8605588_3336932.tif,8606391.96588806,3336740.8279680912
8605588_3336932.tif,8606697.71400116,3336740.8279680912
8605588_3336932.tif,8606927.025085982,3336740.8279680912
8605588_3336932.tif,8604251.729096375,3336435.079854993
8605588_3336932.tif,8604557.477209475,3336435.079854993
8605588_3336932.tif,8604863.22532257,3336435.079854993
8605588_3336932.tif,8605168.97343567,3336435.079854993
8605588_3336932.tif,8605474.721548768,3336435.079854993
8605588_3336932.tif,8605780.469661865,3336435.079854993
8605588_3336932.tif,8606086.217774965,3336435.079854993
8605588_3336932.tif,8606391.96588806,3336435.079854993
8605588_3336932.tif,8606697.71400116,3336435.079854993
8605588_3336932.tif,8606927.025085982,3336435.079854993
8605588_3336932.tif,8604251.729096375,3336129.331741895
8605588_3336932.tif,8604557.477209475,3336129.331741895
8605588_3336932.tif,8604863.22532257,3336129.331741895
8605588_3336932.tif,8605168.97343567,3336129.331741895
8605588_3336932.tif,8605474.721548768,3336129.331741895
8605588_3336932.tif,8605780.469661865,3336129.331741895
8605588_3336932.tif,8606086.217774965,3336129.331741895
8605588_3336932.tif,8606391.96588806,3336129.331741895
8605588_3336932.tif,8606697.71400116,3336129.331741895
8605588_3336932.tif,8606927.025085982,3336129.331741895
8605588_3336932.tif,8604251.729096375,3335823.5836287965
8605588_3336932.tif,8604557.477209475,3335823.5836287965
8605588_3336932.tif,8604863.22532257,3335823.5836287965
8605588_3336932.tif,8605168.97343567,3335823.5836287965
8605588_3336932.tif,8605474.721548768,3335823.5836287965
8605588_3336932.tif,8605780.469661865,3335823.5836287965
8605588_3336932.tif,8606086.217774965,3335823.5836287965
8605588_3336932.tif,8606391.96588806,3335823.5836287965
8605588_3336932.tif,8606697.71400116,3335823.5836287965
8605588_3336932.tif,8606927.025085982,3335823.5836287965
8605588_3336932.tif,8604251.729096375,3335594.272543973
8605588_3336932.tif,8604557.477209475,3335594.272543973
8605588_3336932.tif,8604863.22532257,3335594.272543973
8605588_3336932.tif,8605168.97343567,3335594.272543973
8605588_3336932.tif,8605474.721548768,3335594.272543973
8605588_3336932.tif,8605780.469661865,3335594.272543973
8605588_3336932.tif,8606086.217774965,3335594.272543973
8605588_3336932.tif,8606391.96588806,3335594.272543973
8605588_3336932.tif,8606697.71400116,3335594.272543973
8605588_3336932.tif,8606927.025085982,3335594.272543973
8605588_3339684.tif,8604251.729096375,3341021.301551464
8605588_3339684.tif,8604557.477209475,3341021.301551464
8605588_3339684.tif,8604863.22532257,3341021.301551464
8605588_3339684.tif,8605168.97343567,3341021.301551464
8605588_3339684.tif,8605474.721548768,3341021.301551464
8605588_3339684.tif,8605780.469661865,3341021.301551464
8605588_3339684.tif,8606086.217774965,3341021.301551464
8605588_3339684.tif,8606391.96588806,3341021.301551464
8605588_3339684.tif,8606697.71400116,3341021.301551464
8605588_3339684.tif,8606927.025085982,3341021.301551464
8605588_3339684.tif,8604251.729096375,3340715.5534383664
8605588_3339684.tif,8604557.477209475,3340715.5534383664
8605588_3339684.tif,8604863.22532257,3340715.5534383664
8605588_3339684.tif,8605168.97343567,3340715.5534383664
8605588_3339684.tif,8605474.721548768,3340715.5534383664
8605588_3339684.tif,8605780.469661865,3340715.5534383664
8605588_3339684.tif,8606086.217774965,3340715.5534383664
8605588_3339684.tif,8606391.96588806,3340715.5534383664
8605588_3339684.tif,8606697.71400116,3340715.5534383664
8605588_3339684.tif,8606927.025085982,3340715.5534383664
8605588_3339684.tif,8604251.729096375,3340409.805325268
8605588_3339684.tif,8604557.477209475,3340409.805325268
8605588_3339684.tif,8604863.22532257,3340409.805325268
8605588_3339684.tif,8605168.97343567,3340409.805325268
8605588_3339684.tif,8605474.721548768,3340409.805325268
8605588_3339684.tif,8605780.469661865,3340409.805325268
8605588_3339684.tif,8606086.217774965,3340409.805325268
8605588_3339684.tif,8606391.96588806,3340409.805325268
8605588_3339684.tif,8606697.71400116,3340409.805325268
8605588_3339684.tif,8606927.025085982,3340409.805325268
8605588_3339684.tif,8604251.729096375,3340104.05721217
8605588_3339684.tif,8604557.477209475,3340104.05721217
8605588_3339684.tif,8604863.22532257,3340104.05721217
8605588_3339684.tif,8605168.97343567,3340104.05721217
8605588_3339684.tif,8605474.721548768,3340104.05721217
8605588_3339684.tif,8605780.469661865,3340104.05721217
8605588_3339684.tif,8606086.217774965,3340104.05721217
8605588_3339684.tif,8606391.96588806,3340104.05721217
8605588_3339684.tif,8606697.71400116,3340104.05721217
8605588_3339684.tif,8606927.025085982,3340104.05721217
8605588_3339684.tif,8604251.729096375,3339798.3090990726
8605588_3339684.tif,8604557.477209475,3339798.3090990726
8605588_3339684.tif,8604863.22532257,3339798.3090990726
8605588_3339684.tif,8605168.97343567,3339798.3090990726
8605588_3339684.tif,8605474.721548768,3339798.3090990726
8605588_3339684.tif,8605780.469661865,3339798.3090990726
8605588_3339684.tif,8606086.217774965,3339798.3090990726
8605588_3339684.tif,8606391.96588806,3339798.3090990726
8605588_3339684.tif,8606697.71400116,3339798.3090990726
8605588_3339684.tif,8606927.025085982,3339798.3090990726
8605588_3339684.tif,8604251.729096375,3339492.560985975
8605588_3339684.tif,8604557.477209475,3339492.560985975
8605588_3339684.tif,8604863.22532257,3339492.560985975
8605588_3339684.tif,8605168.97343567,3339492.560985975
8605588_3339684.tif,8605474.721548768,3339492.560985975
8605588_3339684.tif,8605780.469661865,3339492.560985975
8605588_3339684.tif,8606086.217774965,3339492.560985975
8605588_3339684.tif,8606391.96588806,3339492.560985975
8605588_3339684.tif,8606697.71400116,3339492.560985975
8605588_3339684.tif,8606927.025085982,3339492.560985975
8605588_3339684.tif,8604251.729096375,3339186.8128728773
8605588_3339684.tif,8604557.477209475,3339186.8128728773
8605588_3339684.tif,8604863.22532257,3339186.8128728773
8605588_3339684.tif,8605168.97343567,3339186.8128728773
8605588_3339684.tif,8605474.721548768,3339186.8128728773
8605588_3339684.tif,8605780.469661865,3339186.8128728773
8605588_3339684.tif,8606086.217774965,3339186.8128728773
8605588_3339684.tif,8606391.96588806,3339186.8128728773
8605588_3339684.tif,8606697.71400116,3339186.8128728773
8605588_3339684.tif,8606927.025085982,3339186.8128728773
8605588_3339684.tif,8604251.729096375,3338881.064759779
8605588_3339684.tif,8604557.477209475,3338881.064759779
8605588_3339684.tif,8604863.22532257,3338881.064759779
8605588_3339684.tif,8605168.97343567,3338881.064759779
8605588_3339684.tif,8605474.721548768,3338881.064759779
8605588_3339684.tif,8605780.469661865,3338881.064759779
8605588_3339684.tif,8606086.217774965,3338881.064759779
8605588_3339684.tif,8606391.96588806,3338881.064759779
8605588_3339684.tif,8606697.71400116,3338881.064759779
8605588_3339684.tif,8606927.025085982,3338881.064759779
8605588_3339684.tif,8604251.729096375,3338575.316646681
8605588_3339684.tif,8604557.477209475,3338575.316646681
8605588_3339684.tif,8604863.22532257,3338575.316646681
8605588_3339684.tif,8605168.97343567,3338575.316646681
8605588_3339684.tif,8605474.721548768,3338575.316646681
8605588_3339684.tif,8605780.469661865,3338575.316646681
8605588_3339684.tif,8606086.217774965,3338575.316646681
8605588_3339684.tif,8606391.96588806,3338575.316646681
8605588_3339684.tif,8606697.71400116,3338575.316646681
8605588_3339684.tif,8606927.025085982,3338575.316646681
8605588_3339684.tif,8604251.729096375,3338346.005561858
8605588_3339684.tif,8604557.477209475,3338346.005561858
8605588_3339684.tif,8604863.22532257,3338346.005561858
8605588_3339684.tif,8605168.97343567,3338346.005561858
8605588_3339684.tif,8605474.721548768,3338346.005561858
8605588_3339684.tif,8605780.469661865,3338346.005561858
8605588_3339684.tif,8606086.217774965,3338346.005561858
8605588_3339684.tif,8606391.96588806,3338346.005561858
8605588_3339684.tif,8606697.71400116,3338346.005561858
8605588_3339684.tif,8606927.025085982,3338346.005561858
8605588_3342435.tif,8604251.729096375,3343773.0345693445
8605588_3342435.tif,8604557.477209475,3343773.0345693445
8605588_3342435.tif,8604863.22532257,3343773.0345693445
8605588_3342435.tif,8605168.97343567,3343773.0345693445
8605588_3342435.tif,8605474.721548768,3343773.0345693445
8605588_3342435.tif,8605780.469661865,3343773.0345693445
8605588_3342435.tif,8606086.217774965,3343773.0345693445
8605588_3342435.tif,8606391.96588806,3343773.0345693445
8605588_3342435.tif,8606697.71400116,3343773.0345693445
8605588_3342435.tif,8606927.025085982,3343773.0345693445
8605588_3342435.tif,8604251.729096375,3343467.286456247
8605588_3342435.tif,8604557.477209475,3343467.286456247
8605588_3342435.tif,8604863.22532257,3343467.286456247
8605588_3342435.tif,8605168.97343567,3343467.286456247
8605588_3342435.tif,8605474.721548768,3343467.286456247
8605588_3342435.tif,8605780.469661865,3343467.286456247
8605588_3342435.tif,8606086.217774965,3343467.286456247
8605588_3342435.tif,8606391.96588806,3343467.286456247
8605588_3342435.tif,8606697.71400116,3343467.286456247
8605588_3342435.tif,8606927.025085982,3343467.286456247
8605588_3342435.tif,8604251.729096375,3343161.5383431483
8605588_3342435.tif,8604557.477209475,3343161.5383431483
8605588_3342435.tif,8604863.22532257,3343161.5383431483
8605588_3342435.tif,8605168.97343567,3343161.5383431483
8605588_3342435.tif,8605474.721548768,3343161.5383431483
8605588_3342435.tif,8605780.469661865,3343161.5383431483
8605588_3342435.tif,8606086.217774965,3343161.5383431483
8605588_3342435.tif,8606391.96588806,3343161.5383431483
8605588_3342435.tif,8606697.71400116,3343161.5383431483
8605588_3342435.tif,8606927.025085982,3343161.5383431483
8605588_3342435.tif,8604251.729096375,3342855.7902300507
8605588_3342435.tif,8604557.477209475,3342855.7902300507
8605588_3342435.tif,8604863.22532257,3342855.7902300507
8605588_3342435.tif,8605168.97343567,3342855.7902300507
8605588_3342435.tif,8605474.721548768,3342855.7902300507
8605588_3342435.tif,8605780.469661865,3342855.7902300507
8605588_3342435.tif,8606086.217774965,3342855.7902300507
8605588_3342435.tif,8606391.96588806,3342855.7902300507
8605588_3342435.tif,8606697.71400116,3342855.7902300507
8605588_3342435.tif,8606927.025085982,3342855.7902300507
8605588_3342435.tif,8604251.729096375,3342550.0421169526
8605588_3342435.tif,8604557.477209475,3342550.0421169526
8605588_3342435.tif,8604863.22532257,3342550.0421169526
8605588_3342435.tif,8605168.97343567,3342550.0421169526
8605588_3342435.tif,8605474.721548768,3342550.0421169526
8605588_3342435.tif,8605780.469661865,3342550.0421169526
8605588_3342435.tif,8606086.217774965,3342550.0421169526
8605588_3342435.tif,8606391.96588806,3342550.0421169526
8605588_3342435.tif,8606697.71400116,3342550.0421169526
8605588_3342435.tif,8606927.025085982,3342550.0421169526
8605588_3342435.tif,8604251.729096375,3342244.2940038545
8605588_3342435.tif,8604557.477209475,3342244.2940038545
8605588_3342435.tif,8604863.22532257,3342244.2940038545
8605588_3342435.tif,8605168.97343567,3342244.2940038545
8605588_3342435.tif,8605474.721548768,3342244.2940038545
8605588_3342435.tif,8605780.469661865,3342244.2940038545
8605588_3342435.tif,8606086.217774965,3342244.2940038545
8605588_3342435.tif,8606391.96588806,3342244.2940038545
8605588_3342435.tif,8606697.71400116,3342244.2940038545
8605588_3342435.tif,8606927.025085982,3342244.2940038545
8605588_3342435.tif,8604251.729096375,3341938.545890757
8605588_3342435.tif,8604557.477209475,3341938.545890757
8605588_3342435.tif,8604863.22532257,3341938.545890757
8605588_3342435.tif,8605168.97343567,3341938.545890757
8605588_3342435.tif,8605474.721548768,3341938.545890757
8605588_3342435.tif,8605780.469661865,3341938.545890757
8605588_3342435.tif,8606086.217774965,3341938.545890757
8605588_3342435.tif,8606391.96588806,3341938.545890757
8605588_3342435.tif,8606697.71400116,3341938.545890757
8605588_3342435.tif,8606927.025085982,3341938.545890757
8605588_3342435.tif,8604251.729096375,3341632.7977776583
8605588_3342435.tif,8604557.477209475,3341632.7977776583
8605588_3342435.tif,8604863.22532257,3341632.7977776583
8605588_3342435.tif,8605168.97343567,3341632.7977776583
8605588_3342435.tif,8605474.721548768,3341632.7977776583
8605588_3342435.tif,8605780.469661865,3341632.7977776583
8605588_3342435.tif,8606086.217774965,3341632.7977776583
8605588_3342435.tif,8606391.96588806,3341632.7977776583
8605588_3342435.tif,8606697.71400116,3341632.7977776583
8605588_3342435.tif,8606927.025085982,3341632.7977776583
8605588_3342435.tif,8604251.729096375,3341327.0496645607
8605588_3342435.tif,8604557.477209475,3341327.0496645607
8605588_3342435.tif,8604863.22532257,3341327.0496645607
8605588_3342435.tif,8605168.97343567,3341327.0496645607
8605588_3342435.tif,8605474.721548768,3341327.0496645607
8605588_3342435.tif,8605780.469661865,3341327.0496645607
8605588_3342435.tif,8606086.217774965,3341327.0496645607
8605588_3342435.tif,8606391.96588806,3341327.0496645607
8605588_3342435.tif,8606697.71400116,3341327.0496645607
8605588_3342435.tif,8606927.025085982,3341327.0496645607
8605588_3342435.tif,8604251.729096375,3341097.738579737
8605588_3342435.tif,8604557.477209475,3341097.738579737
8605588_3342435.tif,8604863.22532257,3341097.738579737
8605588_3342435.tif,8605168.97343567,3341097.738579737
8605588_3342435.tif,8605474.721548768,3341097.738579737
8605588_3342435.tif,8605780.469661865,3341097.738579737
8605588_3342435.tif,8606086.217774965,3341097.738579737
8605588_3342435.tif,8606391.96588806,3341097.738579737
8605588_3342435.tif,8606697.71400116,3341097.738579737
8605588_3342435.tif,8606927.025085982,3341097.738579737
8605588_3345187.tif,8604251.729096375,3346524.767587914
8605588_3345187.tif,8604557.477209475,3346524.767587914
8605588_3345187.tif,8604863.22532257,3346524.767587914
8605588_3345187.tif,8605168.97343567,3346524.767587914
8605588_3345187.tif,8605474.721548768,3346524.767587914
8605588_3345187.tif,8605780.469661865,3346524.767587914
8605588_3345187.tif,8606086.217774965,3346524.767587914
8605588_3345187.tif,8606391.96588806,3346524.767587914
8605588_3345187.tif,8606697.71400116,3346524.767587914
8605588_3345187.tif,8606927.025085982,3346524.767587914
8605588_3345187.tif,8604251.729096375,3346219.0194747425
8605588_3345187.tif,8604557.477209475,3346219.0194747425
8605588_3345187.tif,8604863.22532257,3346219.0194747425
8605588_3345187.tif,8605168.97343567,3346219.0194747425
8605588_3345187.tif,8605474.721548768,3346219.0194747425
8605588_3345187.tif,8605780.469661865,3346219.0194747425
8605588_3345187.tif,8606086.217774965,3346219.0194747425
8605588_3345187.tif,8606391.96588806,3346219.0194747425
8605588_3345187.tif,8606697.71400116,3346219.0194747425
8605588_3345187.tif,8606927.025085982,3346219.0194747425
8605588_3345187.tif,8604251.729096375,3345913.271361571
8605588_3345187.tif,8604557.477209475,3345913.271361571
8605588_3345187.tif,8604863.22532257,3345913.271361571
8605588_3345187.tif,8605168.97343567,3345913.271361571
8605588_3345187.tif,8605474.721548768,3345913.271361571
8605588_3345187.tif,8605780.469661865,3345913.271361571
8605588_3345187.tif,8606086.217774965,3345913.271361571
8605588_3345187.tif,8606391.96588806,3345913.271361571
8605588_3345187.tif,8606697.71400116,3345913.271361571
8605588_3345187.tif,8606927.025085982,3345913.271361571
8605588_3345187.tif,8604251.729096375,3345607.5232483996
8605588_3345187.tif,8604557.477209475,3345607.5232483996
8605588_3345187.tif,8604863.22532257,3345607.5232483996
8605588_3345187.tif,8605168.97343567,3345607.5232483996
8605588_3345187.tif,8605474.721548768,3345607.5232483996
8605588_3345187.tif,8605780.469661865,3345607.5232483996
8605588_3345187.tif,8606086.217774965,3345607.5232483996
8605588_3345187.tif,8606391.96588806,3345607.5232483996
8605588_3345187.tif,8606697.71400116,3345607.5232483996
8605588_3345187.tif,8606927.025085982,3345607.5232483996
8605588_3345187.tif,8604251.729096375,3345301.7751352284
8605588_3345187.tif,8604557.477209475,3345301.7751352284
8605588_3345187.tif,8604863.22532257,3345301.7751352284
8605588_3345187.tif,8605168.97343567,3345301.7751352284
8605588_3345187.tif,8605474.721548768,3345301.7751352284
8605588_3345187.tif,8605780.469661865,3345301.7751352284
8605588_3345187.tif,8606086.217774965,3345301.7751352284
8605588_3345187.tif,8606391.96588806,3345301.7751352284
8605588_3345187.tif,8606697.71400116,3345301.7751352284
8605588_3345187.tif,8606927.025085982,3345301.7751352284
8605588_3345187.tif,8604251.729096375,3344996.027022057
8605588_3345187.tif,8604557.477209475,3344996.027022057
8605588_3345187.tif,8604863.22532257,3344996.027022057
8605588_3345187.tif,8605168.97343567,3344996.027022057
8605588_3345187.tif,8605474.721548768,3344996.027022057
8605588_3345187.tif,8605780.469661865,3344996.027022057
8605588_3345187.tif,8606086.217774965,3344996.027022057
8605588_3345187.tif,8606391.96588806,3344996.027022057
8605588_3345187.tif,8606697.71400116,3344996.027022057
8605588_3345187.tif,8606927.025085982,3344996.027022057
8605588_3345187.tif,8604251.729096375,3344690.2789088855
8605588_3345187.tif,8604557.477209475,3344690.2789088855
8605588_3345187.tif,8604863.22532257,3344690.2789088855
8605588_3345187.tif,8605168.97343567,3344690.2789088855
8605588_3345187.tif,8605474.721548768,3344690.2789088855
8605588_3345187.tif,8605780.469661865,3344690.2789088855
8605588_3345187.tif,8606086.217774965,3344690.2789088855
8605588_3345187.tif,8606391.96588806,3344690.2789088855
8605588_3345187.tif,8606697.71400116,3344690.2789088855
8605588_3345187.tif,8606927.025085982,3344690.2789088855
8605588_3345187.tif,8604251.729096375,3344384.530795714
8605588_3345187.tif,8604557.477209475,3344384.530795714
8605588_3345187.tif,8604863.22532257,3344384.530795714
8605588_3345187.tif,8605168.97343567,3344384.530795714
8605588_3345187.tif,8605474.721548768,3344384.530795714
8605588_3345187.tif,8605780.469661865,3344384.530795714
8605588_3345187.tif,8606086.217774965,3344384.530795714
8605588_3345187.tif,8606391.96588806,3344384.530795714
8605588_3345187.tif,8606697.71400116,3344384.530795714
8605588_3345187.tif,8606927.025085982,3344384.530795714
8605588_3345187.tif,8604251.729096375,3344078.7826825427
8605588_3345187.tif,8604557.477209475,3344078.7826825427
8605588_3345187.tif,8604863.22532257,3344078.7826825427
8605588_3345187.tif,8605168.97343567,3344078.7826825427
8605588_3345187.tif,8605474.721548768,3344078.7826825427
8605588_3345187.tif,8605780.469661865,3344078.7826825427
8605588_3345187.tif,8606086.217774965,3344078.7826825427
8605588_3345187.tif,8606391.96588806,3344078.7826825427
8605588_3345187.tif,8606697.71400116,3344078.7826825427
8605588_3345187.tif,8606927.025085982,3344078.7826825427
8605588_3345187.tif,8604251.729096375,3343849.471597664
8605588_3345187.tif,8604557.477209475,3343849.471597664
8605588_3345187.tif,8604863.22532257,3343849.471597664
8605588_3345187.tif,8605168.97343567,3343849.471597664
8605588_3345187.tif,8605474.721548768,3343849.471597664
8605588_3345187.tif,8605780.469661865,3343849.471597664
8605588_3345187.tif,8606086.217774965,3343849.471597664
8605588_3345187.tif,8606391.96588806,3343849.471597664
8605588_3345187.tif,8606697.71400116,3343849.471597664
8605588_3345187.tif,8606927.025085982,3343849.471597664
8605588_3347939.tif,8604251.729096375,3349276.500605842
8605588_3347939.tif,8604557.477209475,3349276.500605842
8605588_3347939.tif,8604863.22532257,3349276.500605842
8605588_3347939.tif,8605168.97343567,3349276.500605842
8605588_3347939.tif,8605474.721548768,3349276.500605842
8605588_3347939.tif,8605780.469661865,3349276.500605842
8605588_3347939.tif,8606086.217774965,3349276.500605842
8605588_3347939.tif,8606391.96588806,3349276.500605842
8605588_3347939.tif,8606697.71400116,3349276.500605842
8605588_3347939.tif,8606927.025085982,3349276.500605842
8605588_3347939.tif,8604251.729096375,3348970.752492744
8605588_3347939.tif,8604557.477209475,3348970.752492744
8605588_3347939.tif,8604863.22532257,3348970.752492744
8605588_3347939.tif,8605168.97343567,3348970.752492744
8605588_3347939.tif,8605474.721548768,3348970.752492744
8605588_3347939.tif,8605780.469661865,3348970.752492744
8605588_3347939.tif,8606086.217774965,3348970.752492744
8605588_3347939.tif,8606391.96588806,3348970.752492744
8605588_3347939.tif,8606697.71400116,3348970.752492744
8605588_3347939.tif,8606927.025085982,3348970.752492744
8605588_3347939.tif,8604251.729096375,3348665.004379646
8605588_3347939.tif,8604557.477209475,3348665.004379646
8605588_3347939.tif,8604863.22532257,3348665.004379646
8605588_3347939.tif,8605168.97343567,3348665.004379646
8605588_3347939.tif,8605474.721548768,3348665.004379646
8605588_3347939.tif,8605780.469661865,3348665.004379646
8605588_3347939.tif,8606086.217774965,3348665.004379646
8605588_3347939.tif,8606391.96588806,3348665.004379646
8605588_3347939.tif,8606697.71400116,3348665.004379646
8605588_3347939.tif,8606927.025085982,3348665.004379646
8605588_3347939.tif,8604251.729096375,3348359.2562665483
8605588_3347939.tif,8604557.477209475,3348359.2562665483
8605588_3347939.tif,8604863.22532257,3348359.2562665483
8605588_3347939.tif,8605168.97343567,3348359.2562665483
8605588_3347939.tif,8605474.721548768,3348359.2562665483
8605588_3347939.tif,8605780.469661865,3348359.2562665483
8605588_3347939.tif,8606086.217774965,3348359.2562665483
8605588_3347939.tif,8606391.96588806,3348359.2562665483
8605588_3347939.tif,8606697.71400116,3348359.2562665483
8605588_3347939.tif,8606927.025085982,3348359.2562665483
8605588_3347939.tif,8604251.729096375,3348053.5081534497
8605588_3347939.tif,8604557.477209475,3348053.5081534497
8605588_3347939.tif,8604863.22532257,3348053.5081534497
8605588_3347939.tif,8605168.97343567,3348053.5081534497
8605588_3347939.tif,8605474.721548768,3348053.5081534497
8605588_3347939.tif,8605780.469661865,3348053.5081534497
8605588_3347939.tif,8606086.217774965,3348053.5081534497
8605588_3347939.tif,8606391.96588806,3348053.5081534497
8605588_3347939.tif,8606697.71400116,3348053.5081534497
8605588_3347939.tif,8606927.025085982,3348053.5081534497
8605588_3347939.tif,8604251.729096375,3347747.760040352
8605588_3347939.tif,8604557.477209475,3347747.760040352
8605588_3347939.tif,8604863.22532257,3347747.760040352
8605588_3347939.tif,8605168.97343567,3347747.760040352
8605588_3347939.tif,8605474.721548768,3347747.760040352
8605588_3347939.tif,8605780.469661865,3347747.760040352
8605588_3347939.tif,8606086.217774965,3347747.760040352
8605588_3347939.tif,8606391.96588806,3347747.760040352
8605588_3347939.tif,8606697.71400116,3347747.760040352
8605588_3347939.tif,8606927.025085982,3347747.760040352
8605588_3347939.tif,8604251.729096375,3347442.011927254
8605588_3347939.tif,8604557.477209475,3347442.011927254
8605588_3347939.tif,8604863.22532257,3347442.011927254
8605588_3347939.tif,8605168.97343567,3347442.011927254
8605588_3347939.tif,8605474.721548768,3347442.011927254
8605588_3347939.tif,8605780.469661865,3347442.011927254
8605588_3347939.tif,8606086.217774965,3347442.011927254
8605588_3347939.tif,8606391.96588806,3347442.011927254
8605588_3347939.tif,8606697.71400116,3347442.011927254
8605588_3347939.tif,8606927.025085982,3347442.011927254
8605588_3347939.tif,8604251.729096375,3347136.263814156
8605588_3347939.tif,8604557.477209475,3347136.263814156
8605588_3347939.tif,8604863.22532257,3347136.263814156
8605588_3347939.tif,8605168.97343567,3347136.263814156
8605588_3347939.tif,8605474.721548768,3347136.263814156
8605588_3347939.tif,8605780.469661865,3347136.263814156
8605588_3347939.tif,8606086.217774965,3347136.263814156
8605588_3347939.tif,8606391.96588806,3347136.263814156
8605588_3347939.tif,8606697.71400116,3347136.263814156
8605588_3347939.tif,8606927.025085982,3347136.263814156
8605588_3347939.tif,8604251.729096375,3346830.515701058
8605588_3347939.tif,8604557.477209475,3346830.515701058
8605588_3347939.tif,8604863.22532257,3346830.515701058
8605588_3347939.tif,8605168.97343567,3346830.515701058
8605588_3347939.tif,8605474.721548768,3346830.515701058
8605588_3347939.tif,8605780.469661865,3346830.515701058
8605588_3347939.tif,8606086.217774965,3346830.515701058
8605588_3347939.tif,8606391.96588806,3346830.515701058
8605588_3347939.tif,8606697.71400116,3346830.515701058
8605588_3347939.tif,8606927.025085982,3346830.515701058
8605588_3347939.tif,8604251.729096375,3346601.204616234
8605588_3347939.tif,8604557.477209475,3346601.204616234
8605588_3347939.tif,8604863.22532257,3346601.204616234
8605588_3347939.tif,8605168.97343567,3346601.204616234
8605588_3347939.tif,8605474.721548768,3346601.204616234
8605588_3347939.tif,8605780.469661865,3346601.204616234
8605588_3347939.tif,8606086.217774965,3346601.204616234
8605588_3347939.tif,8606391.96588806,3346601.204616234
8605588_3347939.tif,8606697.71400116,3346601.204616234
8605588_3347939.tif,8606927.025085982,3346601.204616234
8605588_3350691.tif,8604251.729096375,3352028.23362372
8605588_3350691.tif,8604557.477209475,3352028.23362372
8605588_3350691.tif,8604863.22532257,3352028.23362372
8605588_3350691.tif,8605168.97343567,3352028.23362372
8605588_3350691.tif,8605474.721548768,3352028.23362372
8605588_3350691.tif,8605780.469661865,3352028.23362372
8605588_3350691.tif,8606086.217774965,3352028.23362372
8605588_3350691.tif,8606391.96588806,3352028.23362372
8605588_3350691.tif,8606697.71400116,3352028.23362372
8605588_3350691.tif,8606927.025085982,3352028.23362372
8605588_3350691.tif,8604251.729096375,3351722.485510622
8605588_3350691.tif,8604557.477209475,3351722.485510622
8605588_3350691.tif,8604863.22532257,3351722.485510622
8605588_3350691.tif,8605168.97343567,3351722.485510622
8605588_3350691.tif,8605474.721548768,3351722.485510622
8605588_3350691.tif,8605780.469661865,3351722.485510622
8605588_3350691.tif,8606086.217774965,3351722.485510622
8605588_3350691.tif,8606391.96588806,3351722.485510622
8605588_3350691.tif,8606697.71400116,3351722.485510622
8605588_3350691.tif,8606927.025085982,3351722.485510622
8605588_3350691.tif,8604251.729096375,3351416.7373975245
8605588_3350691.tif,8604557.477209475,3351416.7373975245
8605588_3350691.tif,8604863.22532257,3351416.7373975245
8605588_3350691.tif,8605168.97343567,3351416.7373975245
8605588_3350691.tif,8605474.721548768,3351416.7373975245
8605588_3350691.tif,8605780.469661865,3351416.7373975245
8605588_3350691.tif,8606086.217774965,3351416.7373975245
8605588_3350691.tif,8606391.96588806,3351416.7373975245
8605588_3350691.tif,8606697.71400116,3351416.7373975245
8605588_3350691.tif,8606927.025085982,3351416.7373975245
8605588_3350691.tif,8604251.729096375,3351110.9892844264
8605588_3350691.tif,8604557.477209475,3351110.9892844264
8605588_3350691.tif,8604863.22532257,3351110.9892844264
8605588_3350691.tif,8605168.97343567,3351110.9892844264
8605588_3350691.tif,8605474.721548768,3351110.9892844264
8605588_3350691.tif,8605780.469661865,3351110.9892844264
8605588_3350691.tif,8606086.217774965,3351110.9892844264
8605588_3350691.tif,8606391.96588806,3351110.9892844264
8605588_3350691.tif,8606697.71400116,3351110.9892844264
8605588_3350691.tif,8606927.025085982,3351110.9892844264
8605588_3350691.tif,8604251.729096375,3350805.2411713284
8605588_3350691.tif,8604557.477209475,3350805.2411713284
8605588_3350691.tif,8604863.22532257,3350805.2411713284
8605588_3350691.tif,8605168.97343567,3350805.2411713284
8605588_3350691.tif,8605474.721548768,3350805.2411713284
8605588_3350691.tif,8605780.469661865,3350805.2411713284
8605588_3350691.tif,8606086.217774965,3350805.2411713284
8605588_3350691.tif,8606391.96588806,3350805.2411713284
8605588_3350691.tif,8606697.71400116,3350805.2411713284
8605588_3350691.tif,8606927.025085982,3350805.2411713284
8605588_3350691.tif,8604251.729096375,3350499.4930582307
8605588_3350691.tif,8604557.477209475,3350499.4930582307
8605588_3350691.tif,8604863.22532257,3350499.4930582307
8605588_3350691.tif,8605168.97343567,3350499.4930582307
8605588_3350691.tif,8605474.721548768,3350499.4930582307
8605588_3350691.tif,8605780.469661865,3350499.4930582307
8605588_3350691.tif,8606086.217774965,3350499.4930582307
8605588_3350691.tif,8606391.96588806,3350499.4930582307
8605588_3350691.tif,8606697.71400116,3350499.4930582307
8605588_3350691.tif,8606927.025085982,3350499.4930582307
8605588_3350691.tif,8604251.729096375,3350193.744945133
8605588_3350691.tif,8604557.477209475,3350193.744945133
8605588_3350691.tif,8604863.22532257,3350193.744945133
8605588_3350691.tif,8605168.97343567,3350193.744945133
8605588_3350691.tif,8605474.721548768,3350193.744945133
8605588_3350691.tif,8605780.469661865,3350193.744945133
8605588_3350691.tif,8606086.217774965,3350193.744945133
8605588_3350691.tif,8606391.96588806,3350193.744945133
8605588_3350691.tif,8606697.71400116,3350193.744945133
8605588_3350691.tif,8606927.025085982,3350193.744945133
8605588_3350691.tif,8604251.729096375,3349887.9968320355
8605588_3350691.tif,8604557.477209475,3349887.9968320355
8605588_3350691.tif,8604863.22532257,3349887.9968320355
8605588_3350691.tif,8605168.97343567,3349887.9968320355
8605588_3350691.tif,8605474.721548768,3349887.9968320355
8605588_3350691.tif,8605780.469661865,3349887.9968320355
8605588_3350691.tif,8606086.217774965,3349887.9968320355
8605588_3350691.tif,8606391.96588806,3349887.9968320355
8605588_3350691.tif,8606697.71400116,3349887.9968320355
8605588_3350691.tif,8606927.025085982,3349887.9968320355
8605588_3350691.tif,8604251.729096375,3349582.248718938
8605588_3350691.tif,8604557.477209475,3349582.248718938
8605588_3350691.tif,8604863.22532257,3349582.248718938
8605588_3350691.tif,8605168.97343567,3349582.248718938
8605588_3350691.tif,8605474.721548768,3349582.248718938
8605588_3350691.tif,8605780.469661865,3349582.248718938
8605588_3350691.tif,8606086.217774965,3349582.248718938
8605588_3350691.tif,8606391.96588806,3349582.248718938
8605588_3350691.tif,8606697.71400116,3349582.248718938
8605588_3350691.tif,8606927.025085982,3349582.248718938
8605588_3350691.tif,8604251.729096375,3349352.937634114
8605588_3350691.tif,8604557.477209475,3349352.937634114
8605588_3350691.tif,8604863.22532257,3349352.937634114
8605588_3350691.tif,8605168.97343567,3349352.937634114
8605588_3350691.tif,8605474.721548768,3349352.937634114
8605588_3350691.tif,8605780.469661865,3349352.937634114
8605588_3350691.tif,8606086.217774965,3349352.937634114
8605588_3350691.tif,8606391.96588806,3349352.937634114
8605588_3350691.tif,8606697.71400116,3349352.937634114
8605588_3350691.tif,8606927.025085982,3349352.937634114
8605588_3353442.tif,8604251.729096375,3354779.966641602
8605588_3353442.tif,8604557.477209475,3354779.966641602
8605588_3353442.tif,8604863.22532257,3354779.966641602
8605588_3353442.tif,8605168.97343567,3354779.966641602
8605588_3353442.tif,8605474.721548768,3354779.966641602
8605588_3353442.tif,8605780.469661865,3354779.966641602
8605588_3353442.tif,8606086.217774965,3354779.966641602
8605588_3353442.tif,8606391.96588806,3354779.966641602
8605588_3353442.tif,8606697.71400116,3354779.966641602
8605588_3353442.tif,8606927.025085982,3354779.966641602
8605588_3353442.tif,8604251.729096375,3354474.2185285045
8605588_3353442.tif,8604557.477209475,3354474.2185285045
8605588_3353442.tif,8604863.22532257,3354474.2185285045
8605588_3353442.tif,8605168.97343567,3354474.2185285045
8605588_3353442.tif,8605474.721548768,3354474.2185285045
8605588_3353442.tif,8605780.469661865,3354474.2185285045
8605588_3353442.tif,8606086.217774965,3354474.2185285045
8605588_3353442.tif,8606391.96588806,3354474.2185285045
8605588_3353442.tif,8606697.71400116,3354474.2185285045
8605588_3353442.tif,8606927.025085982,3354474.2185285045
8605588_3353442.tif,8604251.729096375,3354168.470415407
8605588_3353442.tif,8604557.477209475,3354168.470415407
8605588_3353442.tif,8604863.22532257,3354168.470415407
8605588_3353442.tif,8605168.97343567,3354168.470415407
8605588_3353442.tif,8605474.721548768,3354168.470415407
8605588_3353442.tif,8605780.469661865,3354168.470415407
8605588_3353442.tif,8606086.217774965,3354168.470415407
8605588_3353442.tif,8606391.96588806,3354168.470415407
8605588_3353442.tif,8606697.71400116,3354168.470415407
8605588_3353442.tif,8606927.025085982,3354168.470415407
8605588_3353442.tif,8604251.729096375,3353862.7223023083
8605588_3353442.tif,8604557.477209475,3353862.7223023083
8605588_3353442.tif,8604863.22532257,3353862.7223023083
8605588_3353442.tif,8605168.97343567,3353862.7223023083
8605588_3353442.tif,8605474.721548768,3353862.7223023083
8605588_3353442.tif,8605780.469661865,3353862.7223023083
8605588_3353442.tif,8606086.217774965,3353862.7223023083
8605588_3353442.tif,8606391.96588806,3353862.7223023083
8605588_3353442.tif,8606697.71400116,3353862.7223023083
8605588_3353442.tif,8606927.025085982,3353862.7223023083
8605588_3353442.tif,8604251.729096375,3353556.9741892107
8605588_3353442.tif,8604557.477209475,3353556.9741892107
8605588_3353442.tif,8604863.22532257,3353556.9741892107
8605588_3353442.tif,8605168.97343567,3353556.9741892107
8605588_3353442.tif,8605474.721548768,3353556.9741892107
8605588_3353442.tif,8605780.469661865,3353556.9741892107
8605588_3353442.tif,8606086.217774965,3353556.9741892107
8605588_3353442.tif,8606391.96588806,3353556.9741892107
8605588_3353442.tif,8606697.71400116,3353556.9741892107
8605588_3353442.tif,8606927.025085982,3353556.9741892107
8605588_3353442.tif,8604251.729096375,3353251.226076113
8605588_3353442.tif,8604557.477209475,3353251.226076113
8605588_3353442.tif,8604863.22532257,3353251.226076113
8605588_3353442.tif,8605168.97343567,3353251.226076113
8605588_3353442.tif,8605474.721548768,3353251.226076113
8605588_3353442.tif,8605780.469661865,3353251.226076113
8605588_3353442.tif,8606086.217774965,3353251.226076113
8605588_3353442.tif,8606391.96588806,3353251.226076113
8605588_3353442.tif,8606697.71400116,3353251.226076113
8605588_3353442.tif,8606927.025085982,3353251.226076113
8605588_3353442.tif,8604251.729096375,3352945.4779630145
8605588_3353442.tif,8604557.477209475,3352945.4779630145
8605588_3353442.tif,8604863.22532257,3352945.4779630145
8605588_3353442.tif,8605168.97343567,3352945.4779630145
8605588_3353442.tif,8605474.721548768,3352945.4779630145
8605588_3353442.tif,8605780.469661865,3352945.4779630145
8605588_3353442.tif,8606086.217774965,3352945.4779630145
8605588_3353442.tif,8606391.96588806,3352945.4779630145
8605588_3353442.tif,8606697.71400116,3352945.4779630145
8605588_3353442.tif,8606927.025085982,3352945.4779630145
8605588_3353442.tif,8604251.729096375,3352639.729849917
8605588_3353442.tif,8604557.477209475,3352639.729849917
8605588_3353442.tif,8604863.22532257,3352639.729849917
8605588_3353442.tif,8605168.97343567,3352639.729849917
8605588_3353442.tif,8605474.721548768,3352639.729849917
8605588_3353442.tif,8605780.469661865,3352639.729849917
8605588_3353442.tif,8606086.217774965,3352639.729849917
8605588_3353442.tif,8606391.96588806,3352639.729849917
8605588_3353442.tif,8606697.71400116,3352639.729849917
8605588_3353442.tif,8606927.025085982,3352639.729849917
8605588_3353442.tif,8604251.729096375,3352333.9817368193
8605588_3353442.tif,8604557.477209475,3352333.9817368193
8605588_3353442.tif,8604863.22532257,3352333.9817368193
8605588_3353442.tif,8605168.97343567,3352333.9817368193
8605588_3353442.tif,8605474.721548768,3352333.9817368193
8605588_3353442.tif,8605780.469661865,3352333.9817368193
8605588_3353442.tif,8606086.217774965,3352333.9817368193
8605588_3353442.tif,8606391.96588806,3352333.9817368193
8605588_3353442.tif,8606697.71400116,3352333.9817368193
8605588_3353442.tif,8606927.025085982,3352333.9817368193
8605588_3353442.tif,8604251.729096375,3352104.6706519956
8605588_3353442.tif,8604557.477209475,3352104.6706519956
8605588_3353442.tif,8604863.22532257,3352104.6706519956
8605588_3353442.tif,8605168.97343567,3352104.6706519956
8605588_3353442.tif,8605474.721548768,3352104.6706519956
8605588_3353442.tif,8605780.469661865,3352104.6706519956
8605588_3353442.tif,8606086.217774965,3352104.6706519956
8605588_3353442.tif,8606391.96588806,3352104.6706519956
8605588_3353442.tif,8606697.71400116,3352104.6706519956
8605588_3353442.tif,8606927.025085982,3352104.6706519956
8605588_3356194.tif,8604251.729096375,3357531.6996594826
8605588_3356194.tif,8604557.477209475,3357531.6996594826
8605588_3356194.tif,8604863.22532257,3357531.6996594826
8605588_3356194.tif,8605168.97343567,3357531.6996594826
8605588_3356194.tif,8605474.721548768,3357531.6996594826
8605588_3356194.tif,8605780.469661865,3357531.6996594826
8605588_3356194.tif,8606086.217774965,3357531.6996594826
8605588_3356194.tif,8606391.96588806,3357531.6996594826
8605588_3356194.tif,8606697.71400116,3357531.6996594826
8605588_3356194.tif,8606927.025085982,3357531.6996594826
8605588_3356194.tif,8604251.729096375,3357225.951546385
8605588_3356194.tif,8604557.477209475,3357225.951546385
8605588_3356194.tif,8604863.22532257,3357225.951546385
8605588_3356194.tif,8605168.97343567,3357225.951546385
8605588_3356194.tif,8605474.721548768,3357225.951546385
8605588_3356194.tif,8605780.469661865,3357225.951546385
8605588_3356194.tif,8606086.217774965,3357225.951546385
8605588_3356194.tif,8606391.96588806,3357225.951546385
8605588_3356194.tif,8606697.71400116,3357225.951546385
8605588_3356194.tif,8606927.025085982,3357225.951546385
8605588_3356194.tif,8604251.729096375,3356920.2034332873
8605588_3356194.tif,8604557.477209475,3356920.2034332873
8605588_3356194.tif,8604863.22532257,3356920.2034332873
8605588_3356194.tif,8605168.97343567,3356920.2034332873
8605588_3356194.tif,8605474.721548768,3356920.2034332873
8605588_3356194.tif,8605780.469661865,3356920.2034332873
8605588_3356194.tif,8606086.217774965,3356920.2034332873
8605588_3356194.tif,8606391.96588806,3356920.2034332873
8605588_3356194.tif,8606697.71400116,3356920.2034332873
8605588_3356194.tif,8606927.025085982,3356920.2034332873
8605588_3356194.tif,8604251.729096375,3356614.4553201897
8605588_3356194.tif,8604557.477209475,3356614.4553201897
8605588_3356194.tif,8604863.22532257,3356614.4553201897
8605588_3356194.tif,8605168.97343567,3356614.4553201897
8605588_3356194.tif,8605474.721548768,3356614.4553201897
8605588_3356194.tif,8605780.469661865,3356614.4553201897
8605588_3356194.tif,8606086.217774965,3356614.4553201897
8605588_3356194.tif,8606391.96588806,3356614.4553201897
8605588_3356194.tif,8606697.71400116,3356614.4553201897
8605588_3356194.tif,8606927.025085982,3356614.4553201897
8605588_3356194.tif,8604251.729096375,3356308.707207092
8605588_3356194.tif,8604557.477209475,3356308.707207092
8605588_3356194.tif,8604863.22532257,3356308.707207092
8605588_3356194.tif,8605168.97343567,3356308.707207092
8605588_3356194.tif,8605474.721548768,3356308.707207092
8605588_3356194.tif,8605780.469661865,3356308.707207092
8605588_3356194.tif,8606086.217774965,3356308.707207092
8605588_3356194.tif,8606391.96588806,3356308.707207092
8605588_3356194.tif,8606697.71400116,3356308.707207092
8605588_3356194.tif,8606927.025085982,3356308.707207092
8605588_3356194.tif,8604251.729096375,3356002.9590939945
8605588_3356194.tif,8604557.477209475,3356002.9590939945
8605588_3356194.tif,8604863.22532257,3356002.9590939945
8605588_3356194.tif,8605168.97343567,3356002.9590939945
8605588_3356194.tif,8605474.721548768,3356002.9590939945
8605588_3356194.tif,8605780.469661865,3356002.9590939945
8605588_3356194.tif,8606086.217774965,3356002.9590939945
8605588_3356194.tif,8606391.96588806,3356002.9590939945
8605588_3356194.tif,8606697.71400116,3356002.9590939945
8605588_3356194.tif,8606927.025085982,3356002.9590939945
8605588_3356194.tif,8604251.729096375,3355697.210980897
8605588_3356194.tif,8604557.477209475,3355697.210980897
8605588_3356194.tif,8604863.22532257,3355697.210980897
8605588_3356194.tif,8605168.97343567,3355697.210980897
8605588_3356194.tif,8605474.721548768,3355697.210980897
8605588_3356194.tif,8605780.469661865,3355697.210980897
8605588_3356194.tif,8606086.217774965,3355697.210980897
8605588_3356194.tif,8606391.96588806,3355697.210980897
8605588_3356194.tif,8606697.71400116,3355697.210980897
8605588_3356194.tif,8606927.025085982,3355697.210980897
8605588_3356194.tif,8604251.729096375,3355391.462867799
8605588_3356194.tif,8604557.477209475,3355391.462867799
8605588_3356194.tif,8604863.22532257,3355391.462867799
8605588_3356194.tif,8605168.97343567,3355391.462867799
8605588_3356194.tif,8605474.721548768,3355391.462867799
8605588_3356194.tif,8605780.469661865,3355391.462867799
8605588_3356194.tif,8606086.217774965,3355391.462867799
8605588_3356194.tif,8606391.96588806,3355391.462867799
8605588_3356194.tif,8606697.71400116,3355391.462867799
8605588_3356194.tif,8606927.025085982,3355391.462867799
8605588_3356194.tif,8604251.729096375,3355085.714754701
8605588_3356194.tif,8604557.477209475,3355085.714754701
8605588_3356194.tif,8604863.22532257,3355085.714754701
8605588_3356194.tif,8605168.97343567,3355085.714754701
8605588_3356194.tif,8605474.721548768,3355085.714754701
8605588_3356194.tif,8605780.469661865,3355085.714754701
8605588_3356194.tif,8606086.217774965,3355085.714754701
8605588_3356194.tif,8606391.96588806,3355085.714754701
8605588_3356194.tif,8606697.71400116,3355085.714754701
8605588_3356194.tif,8606927.025085982,3355085.714754701
8605588_3356194.tif,8604251.729096375,3354856.403669878
8605588_3356194.tif,8604557.477209475,3354856.403669878
8605588_3356194.tif,8604863.22532257,3354856.403669878
8605588_3356194.tif,8605168.97343567,3354856.403669878
8605588_3356194.tif,8605474.721548768,3354856.403669878
8605588_3356194.tif,8605780.469661865,3354856.403669878
8605588_3356194.tif,8606086.217774965,3354856.403669878
8605588_3356194.tif,8606391.96588806,3354856.403669878
8605588_3356194.tif,8606697.71400116,3354856.403669878
8605588_3356194.tif,8606927.025085982,3354856.403669878
8605588_3358946.tif,8604251.729096375,3360283.432677364
8605588_3358946.tif,8604557.477209475,3360283.432677364
8605588_3358946.tif,8604863.22532257,3360283.432677364
8605588_3358946.tif,8605168.97343567,3360283.432677364
8605588_3358946.tif,8605474.721548768,3360283.432677364
8605588_3358946.tif,8605780.469661865,3360283.432677364
8605588_3358946.tif,8606086.217774965,3360283.432677364
8605588_3358946.tif,8606391.96588806,3360283.432677364
8605588_3358946.tif,8606697.71400116,3360283.432677364
8605588_3358946.tif,8606927.025085982,3360283.432677364
8605588_3358946.tif,8604251.729096375,3359977.6845642664
8605588_3358946.tif,8604557.477209475,3359977.6845642664
8605588_3358946.tif,8604863.22532257,3359977.6845642664
8605588_3358946.tif,8605168.97343567,3359977.6845642664
8605588_3358946.tif,8605474.721548768,3359977.6845642664
8605588_3358946.tif,8605780.469661865,3359977.6845642664
8605588_3358946.tif,8606086.217774965,3359977.6845642664
8605588_3358946.tif,8606391.96588806,3359977.6845642664
8605588_3358946.tif,8606697.71400116,3359977.6845642664
8605588_3358946.tif,8606927.025085982,3359977.6845642664
8605588_3358946.tif,8604251.729096375,3359671.9364511687
8605588_3358946.tif,8604557.477209475,3359671.9364511687
8605588_3358946.tif,8604863.22532257,3359671.9364511687
8605588_3358946.tif,8605168.97343567,3359671.9364511687
8605588_3358946.tif,8605474.721548768,3359671.9364511687
8605588_3358946.tif,8605780.469661865,3359671.9364511687
8605588_3358946.tif,8606086.217774965,3359671.9364511687
8605588_3358946.tif,8606391.96588806,3359671.9364511687
8605588_3358946.tif,8606697.71400116,3359671.9364511687
8605588_3358946.tif,8606927.025085982,3359671.9364511687
8605588_3358946.tif,8604251.729096375,3359366.188338071
8605588_3358946.tif,8604557.477209475,3359366.188338071
8605588_3358946.tif,8604863.22532257,3359366.188338071
8605588_3358946.tif,8605168.97343567,3359366.188338071
8605588_3358946.tif,8605474.721548768,3359366.188338071
8605588_3358946.tif,8605780.469661865,3359366.188338071
8605588_3358946.tif,8606086.217774965,3359366.188338071
8605588_3358946.tif,8606391.96588806,3359366.188338071
8605588_3358946.tif,8606697.71400116,3359366.188338071
8605588_3358946.tif,8606927.025085982,3359366.188338071
8605588_3358946.tif,8604251.729096375,3359060.4402249735
8605588_3358946.tif,8604557.477209475,3359060.4402249735
8605588_3358946.tif,8604863.22532257,3359060.4402249735
8605588_3358946.tif,8605168.97343567,3359060.4402249735
8605588_3358946.tif,8605474.721548768,3359060.4402249735
8605588_3358946.tif,8605780.469661865,3359060.4402249735
8605588_3358946.tif,8606086.217774965,3359060.4402249735
8605588_3358946.tif,8606391.96588806,3359060.4402249735
8605588_3358946.tif,8606697.71400116,3359060.4402249735
8605588_3358946.tif,8606927.025085982,3359060.4402249735
8605588_3358946.tif,8604251.729096375,3358754.692111876
8605588_3358946.tif,8604557.477209475,3358754.692111876
8605588_3358946.tif,8604863.22532257,3358754.692111876
8605588_3358946.tif,8605168.97343567,3358754.692111876
8605588_3358946.tif,8605474.721548768,3358754.692111876
8605588_3358946.tif,8605780.469661865,3358754.692111876
8605588_3358946.tif,8606086.217774965,3358754.692111876
8605588_3358946.tif,8606391.96588806,3358754.692111876
8605588_3358946.tif,8606697.71400116,3358754.692111876
8605588_3358946.tif,8606927.025085982,3358754.692111876
8605588_3358946.tif,8604251.729096375,3358448.9439987782
8605588_3358946.tif,8604557.477209475,3358448.9439987782
8605588_3358946.tif,8604863.22532257,3358448.9439987782
8605588_3358946.tif,8605168.97343567,3358448.9439987782
8605588_3358946.tif,8605474.721548768,3358448.9439987782
8605588_3358946.tif,8605780.469661865,3358448.9439987782
8605588_3358946.tif,8606086.217774965,3358448.9439987782
8605588_3358946.tif,8606391.96588806,3358448.9439987782
8605588_3358946.tif,8606697.71400116,3358448.9439987782
8605588_3358946.tif,8606927.025085982,3358448.9439987782
8605588_3358946.tif,8604251.729096375,3358143.1958856806
8605588_3358946.tif,8604557.477209475,3358143.1958856806
8605588_3358946.tif,8604863.22532257,3358143.1958856806
8605588_3358946.tif,8605168.97343567,3358143.1958856806
8605588_3358946.tif,8605474.721548768,3358143.1958856806
8605588_3358946.tif,8605780.469661865,3358143.1958856806
8605588_3358946.tif,8606086.217774965,3358143.1958856806
8605588_3358946.tif,8606391.96588806,3358143.1958856806
8605588_3358946.tif,8606697.71400116,3358143.1958856806
8605588_3358946.tif,8606927.025085982,3358143.1958856806
8605588_3358946.tif,8604251.729096375,3357837.4477725825
8605588_3358946.tif,8604557.477209475,3357837.4477725825
8605588_3358946.tif,8604863.22532257,3357837.4477725825
8605588_3358946.tif,8605168.97343567,3357837.4477725825
8605588_3358946.tif,8605474.721548768,3357837.4477725825
8605588_3358946.tif,8605780.469661865,3357837.4477725825
8605588_3358946.tif,8606086.217774965,3357837.4477725825
8605588_3358946.tif,8606391.96588806,3357837.4477725825
8605588_3358946.tif,8606697.71400116,3357837.4477725825
8605588_3358946.tif,8606927.025085982,3357837.4477725825
8605588_3358946.tif,8604251.729096375,3357608.1366877593
8605588_3358946.tif,8604557.477209475,3357608.1366877593
8605588_3358946.tif,8604863.22532257,3357608.1366877593
8605588_3358946.tif,8605168.97343567,3357608.1366877593
8605588_3358946.tif,8605474.721548768,3357608.1366877593
8605588_3358946.tif,8605780.469661865,3357608.1366877593
8605588_3358946.tif,8606086.217774965,3357608.1366877593
8605588_3358946.tif,8606391.96588806,3357608.1366877593
8605588_3358946.tif,8606697.71400116,3357608.1366877593
8605588_3358946.tif,8606927.025085982,3357608.1366877593
8605588_3361698.tif,8604251.729096375,3363035.1656952472
8605588_3361698.tif,8604557.477209475,3363035.1656952472
8605588_3361698.tif,8604863.22532257,3363035.1656952472
8605588_3361698.tif,8605168.97343567,3363035.1656952472
8605588_3361698.tif,8605474.721548768,3363035.1656952472
8605588_3361698.tif,8605780.469661865,3363035.1656952472
8605588_3361698.tif,8606086.217774965,3363035.1656952472
8605588_3361698.tif,8606391.96588806,3363035.1656952472
8605588_3361698.tif,8606697.71400116,3363035.1656952472
8605588_3361698.tif,8606927.025085982,3363035.1656952472
8605588_3361698.tif,8604251.729096375,3362729.417582149
8605588_3361698.tif,8604557.477209475,3362729.417582149
8605588_3361698.tif,8604863.22532257,3362729.417582149
8605588_3361698.tif,8605168.97343567,3362729.417582149
8605588_3361698.tif,8605474.721548768,3362729.417582149
8605588_3361698.tif,8605780.469661865,3362729.417582149
8605588_3361698.tif,8606086.217774965,3362729.417582149
8605588_3361698.tif,8606391.96588806,3362729.417582149
8605588_3361698.tif,8606697.71400116,3362729.417582149
8605588_3361698.tif,8606927.025085982,3362729.417582149
8605588_3361698.tif,8604251.729096375,3362423.669469051
8605588_3361698.tif,8604557.477209475,3362423.669469051
8605588_3361698.tif,8604863.22532257,3362423.669469051
8605588_3361698.tif,8605168.97343567,3362423.669469051
8605588_3361698.tif,8605474.721548768,3362423.669469051
8605588_3361698.tif,8605780.469661865,3362423.669469051
8605588_3361698.tif,8606086.217774965,3362423.669469051
8605588_3361698.tif,8606391.96588806,3362423.669469051
8605588_3361698.tif,8606697.71400116,3362423.669469051
8605588_3361698.tif,8606927.025085982,3362423.669469051
8605588_3361698.tif,8604251.729096375,3362117.9213559534
8605588_3361698.tif,8604557.477209475,3362117.9213559534
8605588_3361698.tif,8604863.22532257,3362117.9213559534
8605588_3361698.tif,8605168.97343567,3362117.9213559534
8605588_3361698.tif,8605474.721548768,3362117.9213559534
8605588_3361698.tif,8605780.469661865,3362117.9213559534
8605588_3361698.tif,8606086.217774965,3362117.9213559534
8605588_3361698.tif,8606391.96588806,3362117.9213559534
8605588_3361698.tif,8606697.71400116,3362117.9213559534
8605588_3361698.tif,8606927.025085982,3362117.9213559534
8605588_3361698.tif,8604251.729096375,3361812.173242855
8605588_3361698.tif,8604557.477209475,3361812.173242855
8605588_3361698.tif,8604863.22532257,3361812.173242855
8605588_3361698.tif,8605168.97343567,3361812.173242855
8605588_3361698.tif,8605474.721548768,3361812.173242855
8605588_3361698.tif,8605780.469661865,3361812.173242855
8605588_3361698.tif,8606086.217774965,3361812.173242855
8605588_3361698.tif,8606391.96588806,3361812.173242855
8605588_3361698.tif,8606697.71400116,3361812.173242855
8605588_3361698.tif,8606927.025085982,3361812.173242855
8605588_3361698.tif,8604251.729096375,3361506.4251297573
8605588_3361698.tif,8604557.477209475,3361506.4251297573
8605588_3361698.tif,8604863.22532257,3361506.4251297573
8605588_3361698.tif,8605168.97343567,3361506.4251297573
8605588_3361698.tif,8605474.721548768,3361506.4251297573
8605588_3361698.tif,8605780.469661865,3361506.4251297573
8605588_3361698.tif,8606086.217774965,3361506.4251297573
8605588_3361698.tif,8606391.96588806,3361506.4251297573
8605588_3361698.tif,8606697.71400116,3361506.4251297573
8605588_3361698.tif,8606927.025085982,3361506.4251297573
8605588_3361698.tif,8604251.729096375,3361200.677016659
8605588_3361698.tif,8604557.477209475,3361200.677016659
8605588_3361698.tif,8604863.22532257,3361200.677016659
8605588_3361698.tif,8605168.97343567,3361200.677016659
8605588_3361698.tif,8605474.721548768,3361200.677016659
8605588_3361698.tif,8605780.469661865,3361200.677016659
8605588_3361698.tif,8606086.217774965,3361200.677016659
8605588_3361698.tif,8606391.96588806,3361200.677016659
8605588_3361698.tif,8606697.71400116,3361200.677016659
8605588_3361698.tif,8606927.025085982,3361200.677016659
8605588_3361698.tif,8604251.729096375,3360894.928903561
8605588_3361698.tif,8604557.477209475,3360894.928903561
8605588_3361698.tif,8604863.22532257,3360894.928903561
8605588_3361698.tif,8605168.97343567,3360894.928903561
8605588_3361698.tif,8605474.721548768,3360894.928903561
8605588_3361698.tif,8605780.469661865,3360894.928903561
8605588_3361698.tif,8606086.217774965,3360894.928903561
8605588_3361698.tif,8606391.96588806,3360894.928903561
8605588_3361698.tif,8606697.71400116,3360894.928903561
8605588_3361698.tif,8606927.025085982,3360894.928903561
8605588_3361698.tif,8604251.729096375,3360589.180790463
8605588_3361698.tif,8604557.477209475,3360589.180790463
8605588_3361698.tif,8604863.22532257,3360589.180790463
8605588_3361698.tif,8605168.97343567,3360589.180790463
8605588_3361698.tif,8605474.721548768,3360589.180790463
8605588_3361698.tif,8605780.469661865,3360589.180790463
8605588_3361698.tif,8606086.217774965,3360589.180790463
8605588_3361698.tif,8606391.96588806,3360589.180790463
8605588_3361698.tif,8606697.71400116,3360589.180790463
8605588_3361698.tif,8606927.025085982,3360589.180790463
8605588_3361698.tif,8604251.729096375,3360359.8697056393
8605588_3361698.tif,8604557.477209475,3360359.8697056393
8605588_3361698.tif,8604863.22532257,3360359.8697056393
8605588_3361698.tif,8605168.97343567,3360359.8697056393
8605588_3361698.tif,8605474.721548768,3360359.8697056393
8605588_3361698.tif,8605780.469661865,3360359.8697056393
8605588_3361698.tif,8606086.217774965,3360359.8697056393
8605588_3361698.tif,8606391.96588806,3360359.8697056393
8605588_3361698.tif,8606697.71400116,3360359.8697056393
8605588_3361698.tif,8606927.025085982,3360359.8697056393
8605588_3364449.tif,8604251.729096375,3365786.898712878
8605588_3364449.tif,8604557.477209475,3365786.898712878
8605588_3364449.tif,8604863.22532257,3365786.898712878
8605588_3364449.tif,8605168.97343567,3365786.898712878
8605588_3364449.tif,8605474.721548768,3365786.898712878
8605588_3364449.tif,8605780.469661865,3365786.898712878
8605588_3364449.tif,8606086.217774965,3365786.898712878
8605588_3364449.tif,8606391.96588806,3365786.898712878
8605588_3364449.tif,8606697.71400116,3365786.898712878
8605588_3364449.tif,8606927.025085982,3365786.898712878
8605588_3364449.tif,8604251.729096375,3365481.1505998066
8605588_3364449.tif,8604557.477209475,3365481.1505998066
8605588_3364449.tif,8604863.22532257,3365481.1505998066
8605588_3364449.tif,8605168.97343567,3365481.1505998066
8605588_3364449.tif,8605474.721548768,3365481.1505998066
8605588_3364449.tif,8605780.469661865,3365481.1505998066
8605588_3364449.tif,8606086.217774965,3365481.1505998066
8605588_3364449.tif,8606391.96588806,3365481.1505998066
8605588_3364449.tif,8606697.71400116,3365481.1505998066
8605588_3364449.tif,8606927.025085982,3365481.1505998066
8605588_3364449.tif,8604251.729096375,3365175.402486736
8605588_3364449.tif,8604557.477209475,3365175.402486736
8605588_3364449.tif,8604863.22532257,3365175.402486736
8605588_3364449.tif,8605168.97343567,3365175.402486736
8605588_3364449.tif,8605474.721548768,3365175.402486736
8605588_3364449.tif,8605780.469661865,3365175.402486736
8605588_3364449.tif,8606086.217774965,3365175.402486736
8605588_3364449.tif,8606391.96588806,3365175.402486736
8605588_3364449.tif,8606697.71400116,3365175.402486736
8605588_3364449.tif,8606927.025085982,3365175.402486736
8605588_3364449.tif,8604251.729096375,3364869.6543736644
8605588_3364449.tif,8604557.477209475,3364869.6543736644
8605588_3364449.tif,8604863.22532257,3364869.6543736644
8605588_3364449.tif,8605168.97343567,3364869.6543736644
8605588_3364449.tif,8605474.721548768,3364869.6543736644
8605588_3364449.tif,8605780.469661865,3364869.6543736644
8605588_3364449.tif,8606086.217774965,3364869.6543736644
8605588_3364449.tif,8606391.96588806,3364869.6543736644
8605588_3364449.tif,8606697.71400116,3364869.6543736644
8605588_3364449.tif,8606927.025085982,3364869.6543736644
8605588_3364449.tif,8604251.729096375,3364563.906260594
8605588_3364449.tif,8604557.477209475,3364563.906260594
8605588_3364449.tif,8604863.22532257,3364563.906260594
8605588_3364449.tif,8605168.97343567,3364563.906260594
8605588_3364449.tif,8605474.721548768,3364563.906260594
8605588_3364449.tif,8605780.469661865,3364563.906260594
8605588_3364449.tif,8606086.217774965,3364563.906260594
8605588_3364449.tif,8606391.96588806,3364563.906260594
8605588_3364449.tif,8606697.71400116,3364563.906260594
8605588_3364449.tif,8606927.025085982,3364563.906260594
8605588_3364449.tif,8604251.729096375,3364258.1581475222
8605588_3364449.tif,8604557.477209475,3364258.1581475222
8605588_3364449.tif,8604863.22532257,3364258.1581475222
8605588_3364449.tif,8605168.97343567,3364258.1581475222
8605588_3364449.tif,8605474.721548768,3364258.1581475222
8605588_3364449.tif,8605780.469661865,3364258.1581475222
8605588_3364449.tif,8606086.217774965,3364258.1581475222
8605588_3364449.tif,8606391.96588806,3364258.1581475222
8605588_3364449.tif,8606697.71400116,3364258.1581475222
8605588_3364449.tif,8606927.025085982,3364258.1581475222
8605588_3364449.tif,8604251.729096375,3363952.4100344516
8605588_3364449.tif,8604557.477209475,3363952.4100344516
8605588_3364449.tif,8604863.22532257,3363952.4100344516
8605588_3364449.tif,8605168.97343567,3363952.4100344516
8605588_3364449.tif,8605474.721548768,3363952.4100344516
8605588_3364449.tif,8605780.469661865,3363952.4100344516
8605588_3364449.tif,8606086.217774965,3363952.4100344516
8605588_3364449.tif,8606391.96588806,3363952.4100344516
8605588_3364449.tif,8606697.71400116,3363952.4100344516
8605588_3364449.tif,8606927.025085982,3363952.4100344516
8605588_3364449.tif,8604251.729096375,3363646.66192138
8605588_3364449.tif,8604557.477209475,3363646.66192138
8605588_3364449.tif,8604863.22532257,3363646.66192138
8605588_3364449.tif,8605168.97343567,3363646.66192138
8605588_3364449.tif,8605474.721548768,3363646.66192138
8605588_3364449.tif,8605780.469661865,3363646.66192138
8605588_3364449.tif,8606086.217774965,3363646.66192138
8605588_3364449.tif,8606391.96588806,3363646.66192138
8605588_3364449.tif,8606697.71400116,3363646.66192138
8605588_3364449.tif,8606927.025085982,3363646.66192138
8605588_3364449.tif,8604251.729096375,3363340.9138083095
8605588_3364449.tif,8604557.477209475,3363340.9138083095
8605588_3364449.tif,8604863.22532257,3363340.9138083095
8605588_3364449.tif,8605168.97343567,3363340.9138083095
8605588_3364449.tif,8605474.721548768,3363340.9138083095
8605588_3364449.tif,8605780.469661865,3363340.9138083095
8605588_3364449.tif,8606086.217774965,3363340.9138083095
8605588_3364449.tif,8606391.96588806,3363340.9138083095
8605588_3364449.tif,8606697.71400116,3363340.9138083095
8605588_3364449.tif,8606927.025085982,3363340.9138083095
8605588_3364449.tif,8604251.729096375,3363111.6027235063
8605588_3364449.tif,8604557.477209475,3363111.6027235063
8605588_3364449.tif,8604863.22532257,3363111.6027235063
8605588_3364449.tif,8605168.97343567,3363111.6027235063
8605588_3364449.tif,8605474.721548768,3363111.6027235063
8605588_3364449.tif,8605780.469661865,3363111.6027235063
8605588_3364449.tif,8606086.217774965,3363111.6027235063
8605588_3364449.tif,8606391.96588806,3363111.6027235063
8605588_3364449.tif,8606697.71400116,3363111.6027235063
8605588_3364449.tif,8606927.025085982,3363111.6027235063
8605588_3367201.tif,8604251.729096375,3368538.6317307577
8605588_3367201.tif,8604557.477209475,3368538.6317307577
8605588_3367201.tif,8604863.22532257,3368538.6317307577
8605588_3367201.tif,8605168.97343567,3368538.6317307577
8605588_3367201.tif,8605474.721548768,3368538.6317307577
8605588_3367201.tif,8605780.469661865,3368538.6317307577
8605588_3367201.tif,8606086.217774965,3368538.6317307577
8605588_3367201.tif,8606391.96588806,3368538.6317307577
8605588_3367201.tif,8606697.71400116,3368538.6317307577
8605588_3367201.tif,8606927.025085982,3368538.6317307577
8605588_3367201.tif,8604251.729096375,3368232.883617686
8605588_3367201.tif,8604557.477209475,3368232.883617686
8605588_3367201.tif,8604863.22532257,3368232.883617686
8605588_3367201.tif,8605168.97343567,3368232.883617686
8605588_3367201.tif,8605474.721548768,3368232.883617686
8605588_3367201.tif,8605780.469661865,3368232.883617686
8605588_3367201.tif,8606086.217774965,3368232.883617686
8605588_3367201.tif,8606391.96588806,3368232.883617686
8605588_3367201.tif,8606697.71400116,3368232.883617686
8605588_3367201.tif,8606927.025085982,3368232.883617686
8605588_3367201.tif,8604251.729096375,3367927.135504615
8605588_3367201.tif,8604557.477209475,3367927.135504615
8605588_3367201.tif,8604863.22532257,3367927.135504615
8605588_3367201.tif,8605168.97343567,3367927.135504615
8605588_3367201.tif,8605474.721548768,3367927.135504615
8605588_3367201.tif,8605780.469661865,3367927.135504615
8605588_3367201.tif,8606086.217774965,3367927.135504615
8605588_3367201.tif,8606391.96588806,3367927.135504615
8605588_3367201.tif,8606697.71400116,3367927.135504615
8605588_3367201.tif,8606927.025085982,3367927.135504615
8605588_3367201.tif,8604251.729096375,3367621.387391544
8605588_3367201.tif,8604557.477209475,3367621.387391544
8605588_3367201.tif,8604863.22532257,3367621.387391544
8605588_3367201.tif,8605168.97343567,3367621.387391544
8605588_3367201.tif,8605474.721548768,3367621.387391544
8605588_3367201.tif,8605780.469661865,3367621.387391544
8605588_3367201.tif,8606086.217774965,3367621.387391544
8605588_3367201.tif,8606391.96588806,3367621.387391544
8605588_3367201.tif,8606697.71400116,3367621.387391544
8605588_3367201.tif,8606927.025085982,3367621.387391544
8605588_3367201.tif,8604251.729096375,3367315.6392784724
8605588_3367201.tif,8604557.477209475,3367315.6392784724
8605588_3367201.tif,8604863.22532257,3367315.6392784724
8605588_3367201.tif,8605168.97343567,3367315.6392784724
8605588_3367201.tif,8605474.721548768,3367315.6392784724
8605588_3367201.tif,8605780.469661865,3367315.6392784724
8605588_3367201.tif,8606086.217774965,3367315.6392784724
8605588_3367201.tif,8606391.96588806,3367315.6392784724
8605588_3367201.tif,8606697.71400116,3367315.6392784724
8605588_3367201.tif,8606927.025085982,3367315.6392784724
8605588_3367201.tif,8604251.729096375,3367009.891165402
8605588_3367201.tif,8604557.477209475,3367009.891165402
8605588_3367201.tif,8604863.22532257,3367009.891165402
8605588_3367201.tif,8605168.97343567,3367009.891165402
8605588_3367201.tif,8605474.721548768,3367009.891165402
8605588_3367201.tif,8605780.469661865,3367009.891165402
8605588_3367201.tif,8606086.217774965,3367009.891165402
8605588_3367201.tif,8606391.96588806,3367009.891165402
8605588_3367201.tif,8606697.71400116,3367009.891165402
8605588_3367201.tif,8606927.025085982,3367009.891165402
8605588_3367201.tif,8604251.729096375,3366704.1430523302
8605588_3367201.tif,8604557.477209475,3366704.1430523302
8605588_3367201.tif,8604863.22532257,3366704.1430523302
8605588_3367201.tif,8605168.97343567,3366704.1430523302
8605588_3367201.tif,8605474.721548768,3366704.1430523302
8605588_3367201.tif,8605780.469661865,3366704.1430523302
8605588_3367201.tif,8606086.217774965,3366704.1430523302
8605588_3367201.tif,8606391.96588806,3366704.1430523302
8605588_3367201.tif,8606697.71400116,3366704.1430523302
8605588_3367201.tif,8606927.025085982,3366704.1430523302
8605588_3367201.tif,8604251.729096375,3366398.394939259
8605588_3367201.tif,8604557.477209475,3366398.394939259
8605588_3367201.tif,8604863.22532257,3366398.394939259
8605588_3367201.tif,8605168.97343567,3366398.394939259
8605588_3367201.tif,8605474.721548768,3366398.394939259
8605588_3367201.tif,8605780.469661865,3366398.394939259
8605588_3367201.tif,8606086.217774965,3366398.394939259
8605588_3367201.tif,8606391.96588806,3366398.394939259
8605588_3367201.tif,8606697.71400116,3366398.394939259
8605588_3367201.tif,8606927.025085982,3366398.394939259
8605588_3367201.tif,8604251.729096375,3366092.646826188
8605588_3367201.tif,8604557.477209475,3366092.646826188
8605588_3367201.tif,8604863.22532257,3366092.646826188
8605588_3367201.tif,8605168.97343567,3366092.646826188
8605588_3367201.tif,8605474.721548768,3366092.646826188
8605588_3367201.tif,8605780.469661865,3366092.646826188
8605588_3367201.tif,8606086.217774965,3366092.646826188
8605588_3367201.tif,8606391.96588806,3366092.646826188
8605588_3367201.tif,8606697.71400116,3366092.646826188
8605588_3367201.tif,8606927.025085982,3366092.646826188
8605588_3367201.tif,8604251.729096375,3365863.335741385
8605588_3367201.tif,8604557.477209475,3365863.335741385
8605588_3367201.tif,8604863.22532257,3365863.335741385
8605588_3367201.tif,8605168.97343567,3365863.335741385
8605588_3367201.tif,8605474.721548768,3365863.335741385
8605588_3367201.tif,8605780.469661865,3365863.335741385
8605588_3367201.tif,8606086.217774965,3365863.335741385
8605588_3367201.tif,8606391.96588806,3365863.335741385
8605588_3367201.tif,8606697.71400116,3365863.335741385
8605588_3367201.tif,8606927.025085982,3365863.335741385
8605588_3369953.tif,8604251.729096375,3371290.364748624
8605588_3369953.tif,8604557.477209475,3371290.364748624
8605588_3369953.tif,8604863.22532257,3371290.364748624
8605588_3369953.tif,8605168.97343567,3371290.364748624
8605588_3369953.tif,8605474.721548768,3371290.364748624
8605588_3369953.tif,8605780.469661865,3371290.364748624
8605588_3369953.tif,8606086.217774965,3371290.364748624
8605588_3369953.tif,8606391.96588806,3371290.364748624
8605588_3369953.tif,8606697.71400116,3371290.364748624
8605588_3369953.tif,8606927.025085982,3371290.364748624
8605588_3369953.tif,8604251.729096375,3370984.6166355265
8605588_3369953.tif,8604557.477209475,3370984.6166355265
8605588_3369953.tif,8604863.22532257,3370984.6166355265
8605588_3369953.tif,8605168.97343567,3370984.6166355265
8605588_3369953.tif,8605474.721548768,3370984.6166355265
8605588_3369953.tif,8605780.469661865,3370984.6166355265
8605588_3369953.tif,8606086.217774965,3370984.6166355265
8605588_3369953.tif,8606391.96588806,3370984.6166355265
8605588_3369953.tif,8606697.71400116,3370984.6166355265
8605588_3369953.tif,8606927.025085982,3370984.6166355265
8605588_3369953.tif,8604251.729096375,3370678.8685224284
8605588_3369953.tif,8604557.477209475,3370678.8685224284
8605588_3369953.tif,8604863.22532257,3370678.8685224284
8605588_3369953.tif,8605168.97343567,3370678.8685224284
8605588_3369953.tif,8605474.721548768,3370678.8685224284
8605588_3369953.tif,8605780.469661865,3370678.8685224284
8605588_3369953.tif,8606086.217774965,3370678.8685224284
8605588_3369953.tif,8606391.96588806,3370678.8685224284
8605588_3369953.tif,8606697.71400116,3370678.8685224284
8605588_3369953.tif,8606927.025085982,3370678.8685224284
8605588_3369953.tif,8604251.729096375,3370373.1204093304
8605588_3369953.tif,8604557.477209475,3370373.1204093304
8605588_3369953.tif,8604863.22532257,3370373.1204093304
8605588_3369953.tif,8605168.97343567,3370373.1204093304
8605588_3369953.tif,8605474.721548768,3370373.1204093304
8605588_3369953.tif,8605780.469661865,3370373.1204093304
8605588_3369953.tif,8606086.217774965,3370373.1204093304
8605588_3369953.tif,8606391.96588806,3370373.1204093304
8605588_3369953.tif,8606697.71400116,3370373.1204093304
8605588_3369953.tif,8606927.025085982,3370373.1204093304
8605588_3369953.tif,8604251.729096375,3370067.3722962327
8605588_3369953.tif,8604557.477209475,3370067.3722962327
8605588_3369953.tif,8604863.22532257,3370067.3722962327
8605588_3369953.tif,8605168.97343567,3370067.3722962327
8605588_3369953.tif,8605474.721548768,3370067.3722962327
8605588_3369953.tif,8605780.469661865,3370067.3722962327
8605588_3369953.tif,8606086.217774965,3370067.3722962327
8605588_3369953.tif,8606391.96588806,3370067.3722962327
8605588_3369953.tif,8606697.71400116,3370067.3722962327
8605588_3369953.tif,8606927.025085982,3370067.3722962327
8605588_3369953.tif,8604251.729096375,3369761.6241831346
8605588_3369953.tif,8604557.477209475,3369761.6241831346
8605588_3369953.tif,8604863.22532257,3369761.6241831346
8605588_3369953.tif,8605168.97343567,3369761.6241831346
8605588_3369953.tif,8605474.721548768,3369761.6241831346
8605588_3369953.tif,8605780.469661865,3369761.6241831346
8605588_3369953.tif,8606086.217774965,3369761.6241831346
8605588_3369953.tif,8606391.96588806,3369761.6241831346
8605588_3369953.tif,8606697.71400116,3369761.6241831346
8605588_3369953.tif,8606927.025085982,3369761.6241831346
8605588_3369953.tif,8604251.729096375,3369455.8760700366
8605588_3369953.tif,8604557.477209475,3369455.8760700366
8605588_3369953.tif,8604863.22532257,3369455.8760700366
8605588_3369953.tif,8605168.97343567,3369455.8760700366
8605588_3369953.tif,8605474.721548768,3369455.8760700366
8605588_3369953.tif,8605780.469661865,3369455.8760700366
8605588_3369953.tif,8606086.217774965,3369455.8760700366
8605588_3369953.tif,8606391.96588806,3369455.8760700366
8605588_3369953.tif,8606697.71400116,3369455.8760700366
8605588_3369953.tif,8606927.025085982,3369455.8760700366
8605588_3369953.tif,8604251.729096375,3369150.127956939
8605588_3369953.tif,8604557.477209475,3369150.127956939
8605588_3369953.tif,8604863.22532257,3369150.127956939
8605588_3369953.tif,8605168.97343567,3369150.127956939
8605588_3369953.tif,8605474.721548768,3369150.127956939
8605588_3369953.tif,8605780.469661865,3369150.127956939
8605588_3369953.tif,8606086.217774965,3369150.127956939
8605588_3369953.tif,8606391.96588806,3369150.127956939
8605588_3369953.tif,8606697.71400116,3369150.127956939
8605588_3369953.tif,8606927.025085982,3369150.127956939
8605588_3369953.tif,8604251.729096375,3368844.3798438404
8605588_3369953.tif,8604557.477209475,3368844.3798438404
8605588_3369953.tif,8604863.22532257,3368844.3798438404
8605588_3369953.tif,8605168.97343567,3368844.3798438404
8605588_3369953.tif,8605474.721548768,3368844.3798438404
8605588_3369953.tif,8605780.469661865,3368844.3798438404
8605588_3369953.tif,8606086.217774965,3368844.3798438404
8605588_3369953.tif,8606391.96588806,3368844.3798438404
8605588_3369953.tif,8606697.71400116,3368844.3798438404
8605588_3369953.tif,8606927.025085982,3368844.3798438404
8605588_3369953.tif,8604251.729096375,3368615.068759017
8605588_3369953.tif,8604557.477209475,3368615.068759017
8605588_3369953.tif,8604863.22532257,3368615.068759017
8605588_3369953.tif,8605168.97343567,3368615.068759017
8605588_3369953.tif,8605474.721548768,3368615.068759017
8605588_3369953.tif,8605780.469661865,3368615.068759017
8605588_3369953.tif,8606086.217774965,3368615.068759017
8605588_3369953.tif,8606391.96588806,3368615.068759017
8605588_3369953.tif,8606697.71400116,3368615.068759017
8605588_3369953.tif,8606927.025085982,3368615.068759017
8605588_3372705.tif,8604251.729096375,3374042.097766505
8605588_3372705.tif,8604557.477209475,3374042.097766505
8605588_3372705.tif,8604863.22532257,3374042.097766505
8605588_3372705.tif,8605168.97343567,3374042.097766505
8605588_3372705.tif,8605474.721548768,3374042.097766505
8605588_3372705.tif,8605780.469661865,3374042.097766505
8605588_3372705.tif,8606086.217774965,3374042.097766505
8605588_3372705.tif,8606391.96588806,3374042.097766505
8605588_3372705.tif,8606697.71400116,3374042.097766505
8605588_3372705.tif,8606927.025085982,3374042.097766505
8605588_3372705.tif,8604251.729096375,3373736.349653407
8605588_3372705.tif,8604557.477209475,3373736.349653407
8605588_3372705.tif,8604863.22532257,3373736.349653407
8605588_3372705.tif,8605168.97343567,3373736.349653407
8605588_3372705.tif,8605474.721548768,3373736.349653407
8605588_3372705.tif,8605780.469661865,3373736.349653407
8605588_3372705.tif,8606086.217774965,3373736.349653407
8605588_3372705.tif,8606391.96588806,3373736.349653407
8605588_3372705.tif,8606697.71400116,3373736.349653407
8605588_3372705.tif,8606927.025085982,3373736.349653407
8605588_3372705.tif,8604251.729096375,3373430.6015403084
8605588_3372705.tif,8604557.477209475,3373430.6015403084
8605588_3372705.tif,8604863.22532257,3373430.6015403084
8605588_3372705.tif,8605168.97343567,3373430.6015403084
8605588_3372705.tif,8605474.721548768,3373430.6015403084
8605588_3372705.tif,8605780.469661865,3373430.6015403084
8605588_3372705.tif,8606086.217774965,3373430.6015403084
8605588_3372705.tif,8606391.96588806,3373430.6015403084
8605588_3372705.tif,8606697.71400116,3373430.6015403084
8605588_3372705.tif,8606927.025085982,3373430.6015403084
8605588_3372705.tif,8604251.729096375,3373124.8534272104
8605588_3372705.tif,8604557.477209475,3373124.8534272104
8605588_3372705.tif,8604863.22532257,3373124.8534272104
8605588_3372705.tif,8605168.97343567,3373124.8534272104
8605588_3372705.tif,8605474.721548768,3373124.8534272104
8605588_3372705.tif,8605780.469661865,3373124.8534272104
8605588_3372705.tif,8606086.217774965,3373124.8534272104
8605588_3372705.tif,8606391.96588806,3373124.8534272104
8605588_3372705.tif,8606697.71400116,3373124.8534272104
8605588_3372705.tif,8606927.025085982,3373124.8534272104
8605588_3372705.tif,8604251.729096375,3372819.105314112
8605588_3372705.tif,8604557.477209475,3372819.105314112
8605588_3372705.tif,8604863.22532257,3372819.105314112
8605588_3372705.tif,8605168.97343567,3372819.105314112
8605588_3372705.tif,8605474.721548768,3372819.105314112
8605588_3372705.tif,8605780.469661865,3372819.105314112
8605588_3372705.tif,8606086.217774965,3372819.105314112
8605588_3372705.tif,8606391.96588806,3372819.105314112
8605588_3372705.tif,8606697.71400116,3372819.105314112
8605588_3372705.tif,8606927.025085982,3372819.105314112
8605588_3372705.tif,8604251.729096375,3372513.3572010137
8605588_3372705.tif,8604557.477209475,3372513.3572010137
8605588_3372705.tif,8604863.22532257,3372513.3572010137
8605588_3372705.tif,8605168.97343567,3372513.3572010137
8605588_3372705.tif,8605474.721548768,3372513.3572010137
8605588_3372705.tif,8605780.469661865,3372513.3572010137
8605588_3372705.tif,8606086.217774965,3372513.3572010137
8605588_3372705.tif,8606391.96588806,3372513.3572010137
8605588_3372705.tif,8606697.71400116,3372513.3572010137
8605588_3372705.tif,8606927.025085982,3372513.3572010137
8605588_3372705.tif,8604251.729096375,3372207.609087915
8605588_3372705.tif,8604557.477209475,3372207.609087915
8605588_3372705.tif,8604863.22532257,3372207.609087915
8605588_3372705.tif,8605168.97343567,3372207.609087915
8605588_3372705.tif,8605474.721548768,3372207.609087915
8605588_3372705.tif,8605780.469661865,3372207.609087915
8605588_3372705.tif,8606086.217774965,3372207.609087915
8605588_3372705.tif,8606391.96588806,3372207.609087915
8605588_3372705.tif,8606697.71400116,3372207.609087915
8605588_3372705.tif,8606927.025085982,3372207.609087915
8605588_3372705.tif,8604251.729096375,3371901.860974817
8605588_3372705.tif,8604557.477209475,3371901.860974817
8605588_3372705.tif,8604863.22532257,3371901.860974817
8605588_3372705.tif,8605168.97343567,3371901.860974817
8605588_3372705.tif,8605474.721548768,3371901.860974817
8605588_3372705.tif,8605780.469661865,3371901.860974817
8605588_3372705.tif,8606086.217774965,3371901.860974817
8605588_3372705.tif,8606391.96588806,3371901.860974817
8605588_3372705.tif,8606697.71400116,3371901.860974817
8605588_3372705.tif,8606927.025085982,3371901.860974817
8605588_3372705.tif,8604251.729096375,3371596.112861719
8605588_3372705.tif,8604557.477209475,3371596.112861719
8605588_3372705.tif,8604863.22532257,3371596.112861719
8605588_3372705.tif,8605168.97343567,3371596.112861719
8605588_3372705.tif,8605474.721548768,3371596.112861719
8605588_3372705.tif,8605780.469661865,3371596.112861719
8605588_3372705.tif,8606086.217774965,3371596.112861719
8605588_3372705.tif,8606391.96588806,3371596.112861719
8605588_3372705.tif,8606697.71400116,3371596.112861719
8605588_3372705.tif,8606927.025085982,3371596.112861719
8605588_3372705.tif,8604251.729096375,3371366.8017768953
8605588_3372705.tif,8604557.477209475,3371366.8017768953
8605588_3372705.tif,8604863.22532257,3371366.8017768953
8605588_3372705.tif,8605168.97343567,3371366.8017768953
8605588_3372705.tif,8605474.721548768,3371366.8017768953
8605588_3372705.tif,8605780.469661865,3371366.8017768953
8605588_3372705.tif,8606086.217774965,3371366.8017768953
8605588_3372705.tif,8606391.96588806,3371366.8017768953
8605588_3372705.tif,8606697.71400116,3371366.8017768953
8605588_3372705.tif,8606927.025085982,3371366.8017768953
8608340_3328677.tif,8607003.462114241,3330014.3694799384
8608340_3328677.tif,8607309.210227313,3330014.3694799384
8608340_3328677.tif,8607614.958340384,3330014.3694799384
8608340_3328677.tif,8607920.706453454,3330014.3694799384
8608340_3328677.tif,8608226.454566527,3330014.3694799384
8608340_3328677.tif,8608532.202679597,3330014.3694799384
8608340_3328677.tif,8608837.950792668,3330014.3694799384
8608340_3328677.tif,8609143.69890574,3330014.3694799384
8608340_3328677.tif,8609449.44701881,3330014.3694799384
8608340_3328677.tif,8609678.758103615,3330014.3694799384
8608340_3328677.tif,8607003.462114241,3329708.6213668403
8608340_3328677.tif,8607309.210227313,3329708.6213668403
8608340_3328677.tif,8607614.958340384,3329708.6213668403
8608340_3328677.tif,8607920.706453454,3329708.6213668403
8608340_3328677.tif,8608226.454566527,3329708.6213668403
8608340_3328677.tif,8608532.202679597,3329708.6213668403
8608340_3328677.tif,8608837.950792668,3329708.6213668403
8608340_3328677.tif,8609143.69890574,3329708.6213668403
8608340_3328677.tif,8609449.44701881,3329708.6213668403
8608340_3328677.tif,8609678.758103615,3329708.6213668403
8608340_3328677.tif,8607003.462114241,3329402.8732537422
8608340_3328677.tif,8607309.210227313,3329402.8732537422
8608340_3328677.tif,8607614.958340384,3329402.8732537422
8608340_3328677.tif,8607920.706453454,3329402.8732537422
8608340_3328677.tif,8608226.454566527,3329402.8732537422
8608340_3328677.tif,8608532.202679597,3329402.8732537422
8608340_3328677.tif,8608837.950792668,3329402.8732537422
8608340_3328677.tif,8609143.69890574,3329402.8732537422
8608340_3328677.tif,8609449.44701881,3329402.8732537422
8608340_3328677.tif,8609678.758103615,3329402.8732537422
8608340_3328677.tif,8607003.462114241,3329097.1251406446
8608340_3328677.tif,8607309.210227313,3329097.1251406446
8608340_3328677.tif,8607614.958340384,3329097.1251406446
8608340_3328677.tif,8607920.706453454,3329097.1251406446
8608340_3328677.tif,8608226.454566527,3329097.1251406446
8608340_3328677.tif,8608532.202679597,3329097.1251406446
8608340_3328677.tif,8608837.950792668,3329097.1251406446
8608340_3328677.tif,8609143.69890574,3329097.1251406446
8608340_3328677.tif,8609449.44701881,3329097.1251406446
8608340_3328677.tif,8609678.758103615,3329097.1251406446
8608340_3328677.tif,8607003.462114241,3328791.377027547
8608340_3328677.tif,8607309.210227313,3328791.377027547
8608340_3328677.tif,8607614.958340384,3328791.377027547
8608340_3328677.tif,8607920.706453454,3328791.377027547
8608340_3328677.tif,8608226.454566527,3328791.377027547
8608340_3328677.tif,8608532.202679597,3328791.377027547
8608340_3328677.tif,8608837.950792668,3328791.377027547
8608340_3328677.tif,8609143.69890574,3328791.377027547
8608340_3328677.tif,8609449.44701881,3328791.377027547
8608340_3328677.tif,8609678.758103615,3328791.377027547
8608340_3328677.tif,8607003.462114241,3328485.628914449
8608340_3328677.tif,8607309.210227313,3328485.628914449
8608340_3328677.tif,8607614.958340384,3328485.628914449
8608340_3328677.tif,8607920.706453454,3328485.628914449
8608340_3328677.tif,8608226.454566527,3328485.628914449
8608340_3328677.tif,8608532.202679597,3328485.628914449
8608340_3328677.tif,8608837.950792668,3328485.628914449
8608340_3328677.tif,8609143.69890574,3328485.628914449
8608340_3328677.tif,8609449.44701881,3328485.628914449
8608340_3328677.tif,8609678.758103615,3328485.628914449
8608340_3328677.tif,8607003.462114241,3328179.880801351
8608340_3328677.tif,8607309.210227313,3328179.880801351
8608340_3328677.tif,8607614.958340384,3328179.880801351
8608340_3328677.tif,8607920.706453454,3328179.880801351
8608340_3328677.tif,8608226.454566527,3328179.880801351
8608340_3328677.tif,8608532.202679597,3328179.880801351
8608340_3328677.tif,8608837.950792668,3328179.880801351
8608340_3328677.tif,8609143.69890574,3328179.880801351
8608340_3328677.tif,8609449.44701881,3328179.880801351
8608340_3328677.tif,8609678.758103615,3328179.880801351
8608340_3328677.tif,8607003.462114241,3327874.132688253
8608340_3328677.tif,8607309.210227313,3327874.132688253
8608340_3328677.tif,8607614.958340384,3327874.132688253
8608340_3328677.tif,8607920.706453454,3327874.132688253
8608340_3328677.tif,8608226.454566527,3327874.132688253
8608340_3328677.tif,8608532.202679597,3327874.132688253
8608340_3328677.tif,8608837.950792668,3327874.132688253
8608340_3328677.tif,8609143.69890574,3327874.132688253
8608340_3328677.tif,8609449.44701881,3327874.132688253
8608340_3328677.tif,8609678.758103615,3327874.132688253
8608340_3328677.tif,8607003.462114241,3327568.3845751556
8608340_3328677.tif,8607309.210227313,3327568.3845751556
8608340_3328677.tif,8607614.958340384,3327568.3845751556
8608340_3328677.tif,8607920.706453454,3327568.3845751556
8608340_3328677.tif,8608226.454566527,3327568.3845751556
8608340_3328677.tif,8608532.202679597,3327568.3845751556
8608340_3328677.tif,8608837.950792668,3327568.3845751556
8608340_3328677.tif,8609143.69890574,3327568.3845751556
8608340_3328677.tif,8609449.44701881,3327568.3845751556
8608340_3328677.tif,8609678.758103615,3327568.3845751556
8608340_3328677.tif,8607003.462114241,3327339.073490332
8608340_3328677.tif,8607309.210227313,3327339.073490332
8608340_3328677.tif,8607614.958340384,3327339.073490332
8608340_3328677.tif,8607920.706453454,3327339.073490332
8608340_3328677.tif,8608226.454566527,3327339.073490332
8608340_3328677.tif,8608532.202679597,3327339.073490332
8608340_3328677.tif,8608837.950792668,3327339.073490332
8608340_3328677.tif,8609143.69890574,3327339.073490332
8608340_3328677.tif,8609449.44701881,3327339.073490332
8608340_3328677.tif,8609678.758103615,3327339.073490332
8608340_3331429.tif,8607003.462114241,3332766.102497818
8608340_3331429.tif,8607309.210227313,3332766.102497818
8608340_3331429.tif,8607614.958340384,3332766.102497818
8608340_3331429.tif,8607920.706453454,3332766.102497818
8608340_3331429.tif,8608226.454566527,3332766.102497818
8608340_3331429.tif,8608532.202679597,3332766.102497818
8608340_3331429.tif,8608837.950792668,3332766.102497818
8608340_3331429.tif,8609143.69890574,3332766.102497818
8608340_3331429.tif,8609449.44701881,3332766.102497818
8608340_3331429.tif,8609678.758103615,3332766.102497818
8608340_3331429.tif,8607003.462114241,3332460.3543847203
8608340_3331429.tif,8607309.210227313,3332460.3543847203
8608340_3331429.tif,8607614.958340384,3332460.3543847203
8608340_3331429.tif,8607920.706453454,3332460.3543847203
8608340_3331429.tif,8608226.454566527,3332460.3543847203
8608340_3331429.tif,8608532.202679597,3332460.3543847203
8608340_3331429.tif,8608837.950792668,3332460.3543847203
8608340_3331429.tif,8609143.69890574,3332460.3543847203
8608340_3331429.tif,8609449.44701881,3332460.3543847203
8608340_3331429.tif,8609678.758103615,3332460.3543847203
8608340_3331429.tif,8607003.462114241,3332154.6062716227
8608340_3331429.tif,8607309.210227313,3332154.6062716227
8608340_3331429.tif,8607614.958340384,3332154.6062716227
8608340_3331429.tif,8607920.706453454,3332154.6062716227
8608340_3331429.tif,8608226.454566527,3332154.6062716227
8608340_3331429.tif,8608532.202679597,3332154.6062716227
8608340_3331429.tif,8608837.950792668,3332154.6062716227
8608340_3331429.tif,8609143.69890574,3332154.6062716227
8608340_3331429.tif,8609449.44701881,3332154.6062716227
8608340_3331429.tif,8609678.758103615,3332154.6062716227
8608340_3331429.tif,8607003.462114241,3331848.858158524
8608340_3331429.tif,8607309.210227313,3331848.858158524
8608340_3331429.tif,8607614.958340384,3331848.858158524
8608340_3331429.tif,8607920.706453454,3331848.858158524
8608340_3331429.tif,8608226.454566527,3331848.858158524
8608340_3331429.tif,8608532.202679597,3331848.858158524
8608340_3331429.tif,8608837.950792668,3331848.858158524
8608340_3331429.tif,8609143.69890574,3331848.858158524
8608340_3331429.tif,8609449.44701881,3331848.858158524
8608340_3331429.tif,8609678.758103615,3331848.858158524
8608340_3331429.tif,8607003.462114241,3331543.1100454265
8608340_3331429.tif,8607309.210227313,3331543.1100454265
8608340_3331429.tif,8607614.958340384,3331543.1100454265
8608340_3331429.tif,8607920.706453454,3331543.1100454265
8608340_3331429.tif,8608226.454566527,3331543.1100454265
8608340_3331429.tif,8608532.202679597,3331543.1100454265
8608340_3331429.tif,8608837.950792668,3331543.1100454265
8608340_3331429.tif,8609143.69890574,3331543.1100454265
8608340_3331429.tif,8609449.44701881,3331543.1100454265
8608340_3331429.tif,8609678.758103615,3331543.1100454265
8608340_3331429.tif,8607003.462114241,3331237.361932329
8608340_3331429.tif,8607309.210227313,3331237.361932329
8608340_3331429.tif,8607614.958340384,3331237.361932329
8608340_3331429.tif,8607920.706453454,3331237.361932329
8608340_3331429.tif,8608226.454566527,3331237.361932329
8608340_3331429.tif,8608532.202679597,3331237.361932329
8608340_3331429.tif,8608837.950792668,3331237.361932329
8608340_3331429.tif,8609143.69890574,3331237.361932329
8608340_3331429.tif,8609449.44701881,3331237.361932329
8608340_3331429.tif,8609678.758103615,3331237.361932329
8608340_3331429.tif,8607003.462114241,3330931.6138192303
8608340_3331429.tif,8607309.210227313,3330931.6138192303
8608340_3331429.tif,8607614.958340384,3330931.6138192303
8608340_3331429.tif,8607920.706453454,3330931.6138192303
8608340_3331429.tif,8608226.454566527,3330931.6138192303
8608340_3331429.tif,8608532.202679597,3330931.6138192303
8608340_3331429.tif,8608837.950792668,3330931.6138192303
8608340_3331429.tif,8609143.69890574,3330931.6138192303
8608340_3331429.tif,8609449.44701881,3330931.6138192303
8608340_3331429.tif,8609678.758103615,3330931.6138192303
8608340_3331429.tif,8607003.462114241,3330625.8657061327
8608340_3331429.tif,8607309.210227313,3330625.8657061327
8608340_3331429.tif,8607614.958340384,3330625.8657061327
8608340_3331429.tif,8607920.706453454,3330625.8657061327
8608340_3331429.tif,8608226.454566527,3330625.8657061327
8608340_3331429.tif,8608532.202679597,3330625.8657061327
8608340_3331429.tif,8608837.950792668,3330625.8657061327
8608340_3331429.tif,8609143.69890574,3330625.8657061327
8608340_3331429.tif,8609449.44701881,3330625.8657061327
8608340_3331429.tif,8609678.758103615,3330625.8657061327
8608340_3331429.tif,8607003.462114241,3330320.117593035
8608340_3331429.tif,8607309.210227313,3330320.117593035
8608340_3331429.tif,8607614.958340384,3330320.117593035
8608340_3331429.tif,8607920.706453454,3330320.117593035
8608340_3331429.tif,8608226.454566527,3330320.117593035
8608340_3331429.tif,8608532.202679597,3330320.117593035
8608340_3331429.tif,8608837.950792668,3330320.117593035
8608340_3331429.tif,8609143.69890574,3330320.117593035
8608340_3331429.tif,8609449.44701881,3330320.117593035
8608340_3331429.tif,8609678.758103615,3330320.117593035
8608340_3331429.tif,8607003.462114241,3330090.8065082114
8608340_3331429.tif,8607309.210227313,3330090.8065082114
8608340_3331429.tif,8607614.958340384,3330090.8065082114
8608340_3331429.tif,8607920.706453454,3330090.8065082114
8608340_3331429.tif,8608226.454566527,3330090.8065082114
8608340_3331429.tif,8608532.202679597,3330090.8065082114
8608340_3331429.tif,8608837.950792668,3330090.8065082114
8608340_3331429.tif,8609143.69890574,3330090.8065082114
8608340_3331429.tif,8609449.44701881,3330090.8065082114
8608340_3331429.tif,8609678.758103615,3330090.8065082114
8608340_3334180.tif,8607003.462114241,3335517.8355157003
8608340_3334180.tif,8607309.210227313,3335517.8355157003
8608340_3334180.tif,8607614.958340384,3335517.8355157003
8608340_3334180.tif,8607920.706453454,3335517.8355157003
8608340_3334180.tif,8608226.454566527,3335517.8355157003
8608340_3334180.tif,8608532.202679597,3335517.8355157003
8608340_3334180.tif,8608837.950792668,3335517.8355157003
8608340_3334180.tif,8609143.69890574,3335517.8355157003
8608340_3334180.tif,8609449.44701881,3335517.8355157003
8608340_3334180.tif,8609678.758103615,3335517.8355157003
8608340_3334180.tif,8607003.462114241,3335212.0874026027
8608340_3334180.tif,8607309.210227313,3335212.0874026027
8608340_3334180.tif,8607614.958340384,3335212.0874026027
8608340_3334180.tif,8607920.706453454,3335212.0874026027
8608340_3334180.tif,8608226.454566527,3335212.0874026027
8608340_3334180.tif,8608532.202679597,3335212.0874026027
8608340_3334180.tif,8608837.950792668,3335212.0874026027
8608340_3334180.tif,8609143.69890574,3335212.0874026027
8608340_3334180.tif,8609449.44701881,3335212.0874026027
8608340_3334180.tif,8609678.758103615,3335212.0874026027
8608340_3334180.tif,8607003.462114241,3334906.339289505
8608340_3334180.tif,8607309.210227313,3334906.339289505
8608340_3334180.tif,8607614.958340384,3334906.339289505
8608340_3334180.tif,8607920.706453454,3334906.339289505
8608340_3334180.tif,8608226.454566527,3334906.339289505
8608340_3334180.tif,8608532.202679597,3334906.339289505
8608340_3334180.tif,8608837.950792668,3334906.339289505
8608340_3334180.tif,8609143.69890574,3334906.339289505
8608340_3334180.tif,8609449.44701881,3334906.339289505
8608340_3334180.tif,8609678.758103615,3334906.339289505
8608340_3334180.tif,8607003.462114241,3334600.591176407
8608340_3334180.tif,8607309.210227313,3334600.591176407
8608340_3334180.tif,8607614.958340384,3334600.591176407
8608340_3334180.tif,8607920.706453454,3334600.591176407
8608340_3334180.tif,8608226.454566527,3334600.591176407
8608340_3334180.tif,8608532.202679597,3334600.591176407
8608340_3334180.tif,8608837.950792668,3334600.591176407
8608340_3334180.tif,8609143.69890574,3334600.591176407
8608340_3334180.tif,8609449.44701881,3334600.591176407
8608340_3334180.tif,8609678.758103615,3334600.591176407
8608340_3334180.tif,8607003.462114241,3334294.843063309
8608340_3334180.tif,8607309.210227313,3334294.843063309
8608340_3334180.tif,8607614.958340384,3334294.843063309
8608340_3334180.tif,8607920.706453454,3334294.843063309
8608340_3334180.tif,8608226.454566527,3334294.843063309
8608340_3334180.tif,8608532.202679597,3334294.843063309
8608340_3334180.tif,8608837.950792668,3334294.843063309
8608340_3334180.tif,8609143.69890574,3334294.843063309
8608340_3334180.tif,8609449.44701881,3334294.843063309
8608340_3334180.tif,8609678.758103615,3334294.843063309
8608340_3334180.tif,8607003.462114241,3333989.0949502112
8608340_3334180.tif,8607309.210227313,3333989.0949502112
8608340_3334180.tif,8607614.958340384,3333989.0949502112
8608340_3334180.tif,8607920.706453454,3333989.0949502112
8608340_3334180.tif,8608226.454566527,3333989.0949502112
8608340_3334180.tif,8608532.202679597,3333989.0949502112
8608340_3334180.tif,8608837.950792668,3333989.0949502112
8608340_3334180.tif,8609143.69890574,3333989.0949502112
8608340_3334180.tif,8609449.44701881,3333989.0949502112
8608340_3334180.tif,8609678.758103615,3333989.0949502112
8608340_3334180.tif,8607003.462114241,3333683.3468371136
8608340_3334180.tif,8607309.210227313,3333683.3468371136
8608340_3334180.tif,8607614.958340384,3333683.3468371136
8608340_3334180.tif,8607920.706453454,3333683.3468371136
8608340_3334180.tif,8608226.454566527,3333683.3468371136
8608340_3334180.tif,8608532.202679597,3333683.3468371136
8608340_3334180.tif,8608837.950792668,3333683.3468371136
8608340_3334180.tif,8609143.69890574,3333683.3468371136
8608340_3334180.tif,8609449.44701881,3333683.3468371136
8608340_3334180.tif,8609678.758103615,3333683.3468371136
8608340_3334180.tif,8607003.462114241,3333377.5987240155
8608340_3334180.tif,8607309.210227313,3333377.5987240155
8608340_3334180.tif,8607614.958340384,3333377.5987240155
8608340_3334180.tif,8607920.706453454,3333377.5987240155
8608340_3334180.tif,8608226.454566527,3333377.5987240155
8608340_3334180.tif,8608532.202679597,3333377.5987240155
8608340_3334180.tif,8608837.950792668,3333377.5987240155
8608340_3334180.tif,8609143.69890574,3333377.5987240155
8608340_3334180.tif,8609449.44701881,3333377.5987240155
8608340_3334180.tif,8609678.758103615,3333377.5987240155
8608340_3334180.tif,8607003.462114241,3333071.8506109174
8608340_3334180.tif,8607309.210227313,3333071.8506109174
8608340_3334180.tif,8607614.958340384,3333071.8506109174
8608340_3334180.tif,8607920.706453454,3333071.8506109174
8608340_3334180.tif,8608226.454566527,3333071.8506109174
8608340_3334180.tif,8608532.202679597,3333071.8506109174
8608340_3334180.tif,8608837.950792668,3333071.8506109174
8608340_3334180.tif,8609143.69890574,3333071.8506109174
8608340_3334180.tif,8609449.44701881,3333071.8506109174
8608340_3334180.tif,8609678.758103615,3333071.8506109174
8608340_3334180.tif,8607003.462114241,3332842.539526094
8608340_3334180.tif,8607309.210227313,3332842.539526094
8608340_3334180.tif,8607614.958340384,3332842.539526094
8608340_3334180.tif,8607920.706453454,3332842.539526094
8608340_3334180.tif,8608226.454566527,3332842.539526094
8608340_3334180.tif,8608532.202679597,3332842.539526094
8608340_3334180.tif,8608837.950792668,3332842.539526094
8608340_3334180.tif,8609143.69890574,3332842.539526094
8608340_3334180.tif,8609449.44701881,3332842.539526094
8608340_3334180.tif,8609678.758103615,3332842.539526094
8608340_3336932.tif,8607003.462114241,3338269.568533582
8608340_3336932.tif,8607309.210227313,3338269.568533582
8608340_3336932.tif,8607614.958340384,3338269.568533582
8608340_3336932.tif,8607920.706453454,3338269.568533582
8608340_3336932.tif,8608226.454566527,3338269.568533582
8608340_3336932.tif,8608532.202679597,3338269.568533582
8608340_3336932.tif,8608837.950792668,3338269.568533582
8608340_3336932.tif,8609143.69890574,3338269.568533582
8608340_3336932.tif,8609449.44701881,3338269.568533582
8608340_3336932.tif,8609678.758103615,3338269.568533582
8608340_3336932.tif,8607003.462114241,3337963.820420484
8608340_3336932.tif,8607309.210227313,3337963.820420484
8608340_3336932.tif,8607614.958340384,3337963.820420484
8608340_3336932.tif,8607920.706453454,3337963.820420484
8608340_3336932.tif,8608226.454566527,3337963.820420484
8608340_3336932.tif,8608532.202679597,3337963.820420484
8608340_3336932.tif,8608837.950792668,3337963.820420484
8608340_3336932.tif,8609143.69890574,3337963.820420484
8608340_3336932.tif,8609449.44701881,3337963.820420484
8608340_3336932.tif,8609678.758103615,3337963.820420484
8608340_3336932.tif,8607003.462114241,3337658.072307386
8608340_3336932.tif,8607309.210227313,3337658.072307386
8608340_3336932.tif,8607614.958340384,3337658.072307386
8608340_3336932.tif,8607920.706453454,3337658.072307386
8608340_3336932.tif,8608226.454566527,3337658.072307386
8608340_3336932.tif,8608532.202679597,3337658.072307386
8608340_3336932.tif,8608837.950792668,3337658.072307386
8608340_3336932.tif,8609143.69890574,3337658.072307386
8608340_3336932.tif,8609449.44701881,3337658.072307386
8608340_3336932.tif,8609678.758103615,3337658.072307386
8608340_3336932.tif,8607003.462114241,3337352.3241942874
8608340_3336932.tif,8607309.210227313,3337352.3241942874
8608340_3336932.tif,8607614.958340384,3337352.3241942874
8608340_3336932.tif,8607920.706453454,3337352.3241942874
8608340_3336932.tif,8608226.454566527,3337352.3241942874
8608340_3336932.tif,8608532.202679597,3337352.3241942874
8608340_3336932.tif,8608837.950792668,3337352.3241942874
8608340_3336932.tif,8609143.69890574,3337352.3241942874
8608340_3336932.tif,8609449.44701881,3337352.3241942874
8608340_3336932.tif,8609678.758103615,3337352.3241942874
8608340_3336932.tif,8607003.462114241,3337046.5760811893
8608340_3336932.tif,8607309.210227313,3337046.5760811893
8608340_3336932.tif,8607614.958340384,3337046.5760811893
8608340_3336932.tif,8607920.706453454,3337046.5760811893
8608340_3336932.tif,8608226.454566527,3337046.5760811893
8608340_3336932.tif,8608532.202679597,3337046.5760811893
8608340_3336932.tif,8608837.950792668,3337046.5760811893
8608340_3336932.tif,8609143.69890574,3337046.5760811893
8608340_3336932.tif,8609449.44701881,3337046.5760811893
8608340_3336932.tif,8609678.758103615,3337046.5760811893
8608340_3336932.tif,8607003.462114241,3336740.8279680912
8608340_3336932.tif,8607309.210227313,3336740.8279680912
8608340_3336932.tif,8607614.958340384,3336740.8279680912
8608340_3336932.tif,8607920.706453454,3336740.8279680912
8608340_3336932.tif,8608226.454566527,3336740.8279680912
8608340_3336932.tif,8608532.202679597,3336740.8279680912
8608340_3336932.tif,8608837.950792668,3336740.8279680912
8608340_3336932.tif,8609143.69890574,3336740.8279680912
8608340_3336932.tif,8609449.44701881,3336740.8279680912
8608340_3336932.tif,8609678.758103615,3336740.8279680912
8608340_3336932.tif,8607003.462114241,3336435.079854993
8608340_3336932.tif,8607309.210227313,3336435.079854993
8608340_3336932.tif,8607614.958340384,3336435.079854993
8608340_3336932.tif,8607920.706453454,3336435.079854993
8608340_3336932.tif,8608226.454566527,3336435.079854993
8608340_3336932.tif,8608532.202679597,3336435.079854993
8608340_3336932.tif,8608837.950792668,3336435.079854993
8608340_3336932.tif,8609143.69890574,3336435.079854993
8608340_3336932.tif,8609449.44701881,3336435.079854993
8608340_3336932.tif,8609678.758103615,3336435.079854993
8608340_3336932.tif,8607003.462114241,3336129.331741895
8608340_3336932.tif,8607309.210227313,3336129.331741895
8608340_3336932.tif,8607614.958340384,3336129.331741895
8608340_3336932.tif,8607920.706453454,3336129.331741895
8608340_3336932.tif,8608226.454566527,3336129.331741895
8608340_3336932.tif,8608532.202679597,3336129.331741895
8608340_3336932.tif,8608837.950792668,3336129.331741895
8608340_3336932.tif,8609143.69890574,3336129.331741895
8608340_3336932.tif,8609449.44701881,3336129.331741895
8608340_3336932.tif,8609678.758103615,3336129.331741895
8608340_3336932.tif,8607003.462114241,3335823.5836287965
8608340_3336932.tif,8607309.210227313,3335823.5836287965
8608340_3336932.tif,8607614.958340384,3335823.5836287965
8608340_3336932.tif,8607920.706453454,3335823.5836287965
8608340_3336932.tif,8608226.454566527,3335823.5836287965
8608340_3336932.tif,8608532.202679597,3335823.5836287965
8608340_3336932.tif,8608837.950792668,3335823.5836287965
8608340_3336932.tif,8609143.69890574,3335823.5836287965
8608340_3336932.tif,8609449.44701881,3335823.5836287965
8608340_3336932.tif,8609678.758103615,3335823.5836287965
8608340_3336932.tif,8607003.462114241,3335594.272543973
8608340_3336932.tif,8607309.210227313,3335594.272543973
8608340_3336932.tif,8607614.958340384,3335594.272543973
8608340_3336932.tif,8607920.706453454,3335594.272543973
8608340_3336932.tif,8608226.454566527,3335594.272543973
8608340_3336932.tif,8608532.202679597,3335594.272543973
8608340_3336932.tif,8608837.950792668,3335594.272543973
8608340_3336932.tif,8609143.69890574,3335594.272543973
8608340_3336932.tif,8609449.44701881,3335594.272543973
8608340_3336932.tif,8609678.758103615,3335594.272543973
8608340_3339684.tif,8607003.462114241,3341021.301551464
8608340_3339684.tif,8607309.210227313,3341021.301551464
8608340_3339684.tif,8607614.958340384,3341021.301551464
8608340_3339684.tif,8607920.706453454,3341021.301551464
8608340_3339684.tif,8608226.454566527,3341021.301551464
8608340_3339684.tif,8608532.202679597,3341021.301551464
8608340_3339684.tif,8608837.950792668,3341021.301551464
8608340_3339684.tif,8609143.69890574,3341021.301551464
8608340_3339684.tif,8609449.44701881,3341021.301551464
8608340_3339684.tif,8609678.758103615,3341021.301551464
8608340_3339684.tif,8607003.462114241,3340715.5534383664
8608340_3339684.tif,8607309.210227313,3340715.5534383664
8608340_3339684.tif,8607614.958340384,3340715.5534383664
8608340_3339684.tif,8607920.706453454,3340715.5534383664
8608340_3339684.tif,8608226.454566527,3340715.5534383664
8608340_3339684.tif,8608532.202679597,3340715.5534383664
8608340_3339684.tif,8608837.950792668,3340715.5534383664
8608340_3339684.tif,8609143.69890574,3340715.5534383664
8608340_3339684.tif,8609449.44701881,3340715.5534383664
8608340_3339684.tif,8609678.758103615,3340715.5534383664
8608340_3339684.tif,8607003.462114241,3340409.805325268
8608340_3339684.tif,8607309.210227313,3340409.805325268
8608340_3339684.tif,8607614.958340384,3340409.805325268
8608340_3339684.tif,8607920.706453454,3340409.805325268
8608340_3339684.tif,8608226.454566527,3340409.805325268
8608340_3339684.tif,8608532.202679597,3340409.805325268
8608340_3339684.tif,8608837.950792668,3340409.805325268
8608340_3339684.tif,8609143.69890574,3340409.805325268
8608340_3339684.tif,8609449.44701881,3340409.805325268
8608340_3339684.tif,8609678.758103615,3340409.805325268
8608340_3339684.tif,8607003.462114241,3340104.05721217
8608340_3339684.tif,8607309.210227313,3340104.05721217
8608340_3339684.tif,8607614.958340384,3340104.05721217
8608340_3339684.tif,8607920.706453454,3340104.05721217
8608340_3339684.tif,8608226.454566527,3340104.05721217
8608340_3339684.tif,8608532.202679597,3340104.05721217
8608340_3339684.tif,8608837.950792668,3340104.05721217
8608340_3339684.tif,8609143.69890574,3340104.05721217
8608340_3339684.tif,8609449.44701881,3340104.05721217
8608340_3339684.tif,8609678.758103615,3340104.05721217
8608340_3339684.tif,8607003.462114241,3339798.3090990726
8608340_3339684.tif,8607309.210227313,3339798.3090990726
8608340_3339684.tif,8607614.958340384,3339798.3090990726
8608340_3339684.tif,8607920.706453454,3339798.3090990726
8608340_3339684.tif,8608226.454566527,3339798.3090990726
8608340_3339684.tif,8608532.202679597,3339798.3090990726
8608340_3339684.tif,8608837.950792668,3339798.3090990726
8608340_3339684.tif,8609143.69890574,3339798.3090990726
8608340_3339684.tif,8609449.44701881,3339798.3090990726
8608340_3339684.tif,8609678.758103615,3339798.3090990726
8608340_3339684.tif,8607003.462114241,3339492.560985975
8608340_3339684.tif,8607309.210227313,3339492.560985975
8608340_3339684.tif,8607614.958340384,3339492.560985975
8608340_3339684.tif,8607920.706453454,3339492.560985975
8608340_3339684.tif,8608226.454566527,3339492.560985975
8608340_3339684.tif,8608532.202679597,3339492.560985975
8608340_3339684.tif,8608837.950792668,3339492.560985975
8608340_3339684.tif,8609143.69890574,3339492.560985975
8608340_3339684.tif,8609449.44701881,3339492.560985975
8608340_3339684.tif,8609678.758103615,3339492.560985975
8608340_3339684.tif,8607003.462114241,3339186.8128728773
8608340_3339684.tif,8607309.210227313,3339186.8128728773
8608340_3339684.tif,8607614.958340384,3339186.8128728773
8608340_3339684.tif,8607920.706453454,3339186.8128728773
8608340_3339684.tif,8608226.454566527,3339186.8128728773
8608340_3339684.tif,8608532.202679597,3339186.8128728773
8608340_3339684.tif,8608837.950792668,3339186.8128728773
8608340_3339684.tif,8609143.69890574,3339186.8128728773
8608340_3339684.tif,8609449.44701881,3339186.8128728773
8608340_3339684.tif,8609678.758103615,3339186.8128728773
8608340_3339684.tif,8607003.462114241,3338881.064759779
8608340_3339684.tif,8607309.210227313,3338881.064759779
8608340_3339684.tif,8607614.958340384,3338881.064759779
8608340_3339684.tif,8607920.706453454,3338881.064759779
8608340_3339684.tif,8608226.454566527,3338881.064759779
8608340_3339684.tif,8608532.202679597,3338881.064759779
8608340_3339684.tif,8608837.950792668,3338881.064759779
8608340_3339684.tif,8609143.69890574,3338881.064759779
8608340_3339684.tif,8609449.44701881,3338881.064759779
8608340_3339684.tif,8609678.758103615,3338881.064759779
8608340_3339684.tif,8607003.462114241,3338575.316646681
8608340_3339684.tif,8607309.210227313,3338575.316646681
8608340_3339684.tif,8607614.958340384,3338575.316646681
8608340_3339684.tif,8607920.706453454,3338575.316646681
8608340_3339684.tif,8608226.454566527,3338575.316646681
8608340_3339684.tif,8608532.202679597,3338575.316646681
8608340_3339684.tif,8608837.950792668,3338575.316646681
8608340_3339684.tif,8609143.69890574,3338575.316646681
8608340_3339684.tif,8609449.44701881,3338575.316646681
8608340_3339684.tif,8609678.758103615,3338575.316646681
8608340_3339684.tif,8607003.462114241,3338346.005561858
8608340_3339684.tif,8607309.210227313,3338346.005561858
8608340_3339684.tif,8607614.958340384,3338346.005561858
8608340_3339684.tif,8607920.706453454,3338346.005561858
8608340_3339684.tif,8608226.454566527,3338346.005561858
8608340_3339684.tif,8608532.202679597,3338346.005561858
8608340_3339684.tif,8608837.950792668,3338346.005561858
8608340_3339684.tif,8609143.69890574,3338346.005561858
8608340_3339684.tif,8609449.44701881,3338346.005561858
8608340_3339684.tif,8609678.758103615,3338346.005561858
8608340_3342435.tif,8607003.462114241,3343773.0345693445
8608340_3342435.tif,8607309.210227313,3343773.0345693445
8608340_3342435.tif,8607614.958340384,3343773.0345693445
8608340_3342435.tif,8607920.706453454,3343773.0345693445
8608340_3342435.tif,8608226.454566527,3343773.0345693445
8608340_3342435.tif,8608532.202679597,3343773.0345693445
8608340_3342435.tif,8608837.950792668,3343773.0345693445
8608340_3342435.tif,8609143.69890574,3343773.0345693445
8608340_3342435.tif,8609449.44701881,3343773.0345693445
8608340_3342435.tif,8609678.758103615,3343773.0345693445
8608340_3342435.tif,8607003.462114241,3343467.286456247
8608340_3342435.tif,8607309.210227313,3343467.286456247
8608340_3342435.tif,8607614.958340384,3343467.286456247
8608340_3342435.tif,8607920.706453454,3343467.286456247
8608340_3342435.tif,8608226.454566527,3343467.286456247
8608340_3342435.tif,8608532.202679597,3343467.286456247
8608340_3342435.tif,8608837.950792668,3343467.286456247
8608340_3342435.tif,8609143.69890574,3343467.286456247
8608340_3342435.tif,8609449.44701881,3343467.286456247
8608340_3342435.tif,8609678.758103615,3343467.286456247
8608340_3342435.tif,8607003.462114241,3343161.5383431483
8608340_3342435.tif,8607309.210227313,3343161.5383431483
8608340_3342435.tif,8607614.958340384,3343161.5383431483
8608340_3342435.tif,8607920.706453454,3343161.5383431483
8608340_3342435.tif,8608226.454566527,3343161.5383431483
8608340_3342435.tif,8608532.202679597,3343161.5383431483
8608340_3342435.tif,8608837.950792668,3343161.5383431483
8608340_3342435.tif,8609143.69890574,3343161.5383431483
8608340_3342435.tif,8609449.44701881,3343161.5383431483
8608340_3342435.tif,8609678.758103615,3343161.5383431483
8608340_3342435.tif,8607003.462114241,3342855.7902300507
8608340_3342435.tif,8607309.210227313,3342855.7902300507
8608340_3342435.tif,8607614.958340384,3342855.7902300507
8608340_3342435.tif,8607920.706453454,3342855.7902300507
8608340_3342435.tif,8608226.454566527,3342855.7902300507
8608340_3342435.tif,8608532.202679597,3342855.7902300507
8608340_3342435.tif,8608837.950792668,3342855.7902300507
8608340_3342435.tif,8609143.69890574,3342855.7902300507
8608340_3342435.tif,8609449.44701881,3342855.7902300507
8608340_3342435.tif,8609678.758103615,3342855.7902300507
8608340_3342435.tif,8607003.462114241,3342550.0421169526
8608340_3342435.tif,8607309.210227313,3342550.0421169526
8608340_3342435.tif,8607614.958340384,3342550.0421169526
8608340_3342435.tif,8607920.706453454,3342550.0421169526
8608340_3342435.tif,8608226.454566527,3342550.0421169526
8608340_3342435.tif,8608532.202679597,3342550.0421169526
8608340_3342435.tif,8608837.950792668,3342550.0421169526
8608340_3342435.tif,8609143.69890574,3342550.0421169526
8608340_3342435.tif,8609449.44701881,3342550.0421169526
8608340_3342435.tif,8609678.758103615,3342550.0421169526
8608340_3342435.tif,8607003.462114241,3342244.2940038545
8608340_3342435.tif,8607309.210227313,3342244.2940038545
8608340_3342435.tif,8607614.958340384,3342244.2940038545
8608340_3342435.tif,8607920.706453454,3342244.2940038545
8608340_3342435.tif,8608226.454566527,3342244.2940038545
8608340_3342435.tif,8608532.202679597,3342244.2940038545
8608340_3342435.tif,8608837.950792668,3342244.2940038545
8608340_3342435.tif,8609143.69890574,3342244.2940038545
8608340_3342435.tif,8609449.44701881,3342244.2940038545
8608340_3342435.tif,8609678.758103615,3342244.2940038545
8608340_3342435.tif,8607003.462114241,3341938.545890757
8608340_3342435.tif,8607309.210227313,3341938.545890757
8608340_3342435.tif,8607614.958340384,3341938.545890757
8608340_3342435.tif,8607920.706453454,3341938.545890757
8608340_3342435.tif,8608226.454566527,3341938.545890757
8608340_3342435.tif,8608532.202679597,3341938.545890757
8608340_3342435.tif,8608837.950792668,3341938.545890757
8608340_3342435.tif,8609143.69890574,3341938.545890757
8608340_3342435.tif,8609449.44701881,3341938.545890757
8608340_3342435.tif,8609678.758103615,3341938.545890757
8608340_3342435.tif,8607003.462114241,3341632.7977776583
8608340_3342435.tif,8607309.210227313,3341632.7977776583
8608340_3342435.tif,8607614.958340384,3341632.7977776583
8608340_3342435.tif,8607920.706453454,3341632.7977776583
8608340_3342435.tif,8608226.454566527,3341632.7977776583
8608340_3342435.tif,8608532.202679597,3341632.7977776583
8608340_3342435.tif,8608837.950792668,3341632.7977776583
8608340_3342435.tif,8609143.69890574,3341632.7977776583
8608340_3342435.tif,8609449.44701881,3341632.7977776583
8608340_3342435.tif,8609678.758103615,3341632.7977776583
8608340_3342435.tif,8607003.462114241,3341327.0496645607
8608340_3342435.tif,8607309.210227313,3341327.0496645607
8608340_3342435.tif,8607614.958340384,3341327.0496645607
8608340_3342435.tif,8607920.706453454,3341327.0496645607
8608340_3342435.tif,8608226.454566527,3341327.0496645607
8608340_3342435.tif,8608532.202679597,3341327.0496645607
8608340_3342435.tif,8608837.950792668,3341327.0496645607
8608340_3342435.tif,8609143.69890574,3341327.0496645607
8608340_3342435.tif,8609449.44701881,3341327.0496645607
8608340_3342435.tif,8609678.758103615,3341327.0496645607
8608340_3342435.tif,8607003.462114241,3341097.738579737
8608340_3342435.tif,8607309.210227313,3341097.738579737
8608340_3342435.tif,8607614.958340384,3341097.738579737
8608340_3342435.tif,8607920.706453454,3341097.738579737
8608340_3342435.tif,8608226.454566527,3341097.738579737
8608340_3342435.tif,8608532.202679597,3341097.738579737
8608340_3342435.tif,8608837.950792668,3341097.738579737
8608340_3342435.tif,8609143.69890574,3341097.738579737
8608340_3342435.tif,8609449.44701881,3341097.738579737
8608340_3342435.tif,8609678.758103615,3341097.738579737
8608340_3345187.tif,8607003.462114241,3346524.767587914
8608340_3345187.tif,8607309.210227313,3346524.767587914
8608340_3345187.tif,8607614.958340384,3346524.767587914
8608340_3345187.tif,8607920.706453454,3346524.767587914
8608340_3345187.tif,8608226.454566527,3346524.767587914
8608340_3345187.tif,8608532.202679597,3346524.767587914
8608340_3345187.tif,8608837.950792668,3346524.767587914
8608340_3345187.tif,8609143.69890574,3346524.767587914
8608340_3345187.tif,8609449.44701881,3346524.767587914
8608340_3345187.tif,8609678.758103615,3346524.767587914
8608340_3345187.tif,8607003.462114241,3346219.0194747425
8608340_3345187.tif,8607309.210227313,3346219.0194747425
8608340_3345187.tif,8607614.958340384,3346219.0194747425
8608340_3345187.tif,8607920.706453454,3346219.0194747425
8608340_3345187.tif,8608226.454566527,3346219.0194747425
8608340_3345187.tif,8608532.202679597,3346219.0194747425
8608340_3345187.tif,8608837.950792668,3346219.0194747425
8608340_3345187.tif,8609143.69890574,3346219.0194747425
8608340_3345187.tif,8609449.44701881,3346219.0194747425
8608340_3345187.tif,8609678.758103615,3346219.0194747425
8608340_3345187.tif,8607003.462114241,3345913.271361571
8608340_3345187.tif,8607309.210227313,3345913.271361571
8608340_3345187.tif,8607614.958340384,3345913.271361571
8608340_3345187.tif,8607920.706453454,3345913.271361571
8608340_3345187.tif,8608226.454566527,3345913.271361571
8608340_3345187.tif,8608532.202679597,3345913.271361571
8608340_3345187.tif,8608837.950792668,3345913.271361571
8608340_3345187.tif,8609143.69890574,3345913.271361571
8608340_3345187.tif,8609449.44701881,3345913.271361571
8608340_3345187.tif,8609678.758103615,3345913.271361571
8608340_3345187.tif,8607003.462114241,3345607.5232483996
8608340_3345187.tif,8607309.210227313,3345607.5232483996
8608340_3345187.tif,8607614.958340384,3345607.5232483996
8608340_3345187.tif,8607920.706453454,3345607.5232483996
8608340_3345187.tif,8608226.454566527,3345607.5232483996
8608340_3345187.tif,8608532.202679597,3345607.5232483996
8608340_3345187.tif,8608837.950792668,3345607.5232483996
8608340_3345187.tif,8609143.69890574,3345607.5232483996
8608340_3345187.tif,8609449.44701881,3345607.5232483996
8608340_3345187.tif,8609678.758103615,3345607.5232483996
8608340_3345187.tif,8607003.462114241,3345301.7751352284
8608340_3345187.tif,8607309.210227313,3345301.7751352284
8608340_3345187.tif,8607614.958340384,3345301.7751352284
8608340_3345187.tif,8607920.706453454,3345301.7751352284
8608340_3345187.tif,8608226.454566527,3345301.7751352284
8608340_3345187.tif,8608532.202679597,3345301.7751352284
8608340_3345187.tif,8608837.950792668,3345301.7751352284
8608340_3345187.tif,8609143.69890574,3345301.7751352284
8608340_3345187.tif,8609449.44701881,3345301.7751352284
8608340_3345187.tif,8609678.758103615,3345301.7751352284
8608340_3345187.tif,8607003.462114241,3344996.027022057
8608340_3345187.tif,8607309.210227313,3344996.027022057
8608340_3345187.tif,8607614.958340384,3344996.027022057
8608340_3345187.tif,8607920.706453454,3344996.027022057
8608340_3345187.tif,8608226.454566527,3344996.027022057
8608340_3345187.tif,8608532.202679597,3344996.027022057
8608340_3345187.tif,8608837.950792668,3344996.027022057
8608340_3345187.tif,8609143.69890574,3344996.027022057
8608340_3345187.tif,8609449.44701881,3344996.027022057
8608340_3345187.tif,8609678.758103615,3344996.027022057
8608340_3345187.tif,8607003.462114241,3344690.2789088855
8608340_3345187.tif,8607309.210227313,3344690.2789088855
8608340_3345187.tif,8607614.958340384,3344690.2789088855
8608340_3345187.tif,8607920.706453454,3344690.2789088855
8608340_3345187.tif,8608226.454566527,3344690.2789088855
8608340_3345187.tif,8608532.202679597,3344690.2789088855
8608340_3345187.tif,8608837.950792668,3344690.2789088855
8608340_3345187.tif,8609143.69890574,3344690.2789088855
8608340_3345187.tif,8609449.44701881,3344690.2789088855
8608340_3345187.tif,8609678.758103615,3344690.2789088855
8608340_3345187.tif,8607003.462114241,3344384.530795714
8608340_3345187.tif,8607309.210227313,3344384.530795714
8608340_3345187.tif,8607614.958340384,3344384.530795714
8608340_3345187.tif,8607920.706453454,3344384.530795714
8608340_3345187.tif,8608226.454566527,3344384.530795714
8608340_3345187.tif,8608532.202679597,3344384.530795714
8608340_3345187.tif,8608837.950792668,3344384.530795714
8608340_3345187.tif,8609143.69890574,3344384.530795714
8608340_3345187.tif,8609449.44701881,3344384.530795714
8608340_3345187.tif,8609678.758103615,3344384.530795714
8608340_3345187.tif,8607003.462114241,3344078.7826825427
8608340_3345187.tif,8607309.210227313,3344078.7826825427
8608340_3345187.tif,8607614.958340384,3344078.7826825427
8608340_3345187.tif,8607920.706453454,3344078.7826825427
8608340_3345187.tif,8608226.454566527,3344078.7826825427
8608340_3345187.tif,8608532.202679597,3344078.7826825427
8608340_3345187.tif,8608837.950792668,3344078.7826825427
8608340_3345187.tif,8609143.69890574,3344078.7826825427
8608340_3345187.tif,8609449.44701881,3344078.7826825427
8608340_3345187.tif,8609678.758103615,3344078.7826825427
8608340_3345187.tif,8607003.462114241,3343849.471597664
8608340_3345187.tif,8607309.210227313,3343849.471597664
8608340_3345187.tif,8607614.958340384,3343849.471597664
8608340_3345187.tif,8607920.706453454,3343849.471597664
8608340_3345187.tif,8608226.454566527,3343849.471597664
8608340_3345187.tif,8608532.202679597,3343849.471597664
8608340_3345187.tif,8608837.950792668,3343849.471597664
8608340_3345187.tif,8609143.69890574,3343849.471597664
8608340_3345187.tif,8609449.44701881,3343849.471597664
8608340_3345187.tif,8609678.758103615,3343849.471597664
8608340_3347939.tif,8607003.462114241,3349276.500605842
8608340_3347939.tif,8607309.210227313,3349276.500605842
8608340_3347939.tif,8607614.958340384,3349276.500605842
8608340_3347939.tif,8607920.706453454,3349276.500605842
8608340_3347939.tif,8608226.454566527,3349276.500605842
8608340_3347939.tif,8608532.202679597,3349276.500605842
8608340_3347939.tif,8608837.950792668,3349276.500605842
8608340_3347939.tif,8609143.69890574,3349276.500605842
8608340_3347939.tif,8609449.44701881,3349276.500605842
8608340_3347939.tif,8609678.758103615,3349276.500605842
8608340_3347939.tif,8607003.462114241,3348970.752492744
8608340_3347939.tif,8607309.210227313,3348970.752492744
8608340_3347939.tif,8607614.958340384,3348970.752492744
8608340_3347939.tif,8607920.706453454,3348970.752492744
8608340_3347939.tif,8608226.454566527,3348970.752492744
8608340_3347939.tif,8608532.202679597,3348970.752492744
8608340_3347939.tif,8608837.950792668,3348970.752492744
8608340_3347939.tif,8609143.69890574,3348970.752492744
8608340_3347939.tif,8609449.44701881,3348970.752492744
8608340_3347939.tif,8609678.758103615,3348970.752492744
8608340_3347939.tif,8607003.462114241,3348665.004379646
8608340_3347939.tif,8607309.210227313,3348665.004379646
8608340_3347939.tif,8607614.958340384,3348665.004379646
8608340_3347939.tif,8607920.706453454,3348665.004379646
8608340_3347939.tif,8608226.454566527,3348665.004379646
8608340_3347939.tif,8608532.202679597,3348665.004379646
8608340_3347939.tif,8608837.950792668,3348665.004379646
8608340_3347939.tif,8609143.69890574,3348665.004379646
8608340_3347939.tif,8609449.44701881,3348665.004379646
8608340_3347939.tif,8609678.758103615,3348665.004379646
8608340_3347939.tif,8607003.462114241,3348359.2562665483
8608340_3347939.tif,8607309.210227313,3348359.2562665483
8608340_3347939.tif,8607614.958340384,3348359.2562665483
8608340_3347939.tif,8607920.706453454,3348359.2562665483
8608340_3347939.tif,8608226.454566527,3348359.2562665483
8608340_3347939.tif,8608532.202679597,3348359.2562665483
8608340_3347939.tif,8608837.950792668,3348359.2562665483
8608340_3347939.tif,8609143.69890574,3348359.2562665483
8608340_3347939.tif,8609449.44701881,3348359.2562665483
8608340_3347939.tif,8609678.758103615,3348359.2562665483
8608340_3347939.tif,8607003.462114241,3348053.5081534497
8608340_3347939.tif,8607309.210227313,3348053.5081534497
8608340_3347939.tif,8607614.958340384,3348053.5081534497
8608340_3347939.tif,8607920.706453454,3348053.5081534497
8608340_3347939.tif,8608226.454566527,3348053.5081534497
8608340_3347939.tif,8608532.202679597,3348053.5081534497
8608340_3347939.tif,8608837.950792668,3348053.5081534497
8608340_3347939.tif,8609143.69890574,3348053.5081534497
8608340_3347939.tif,8609449.44701881,3348053.5081534497
8608340_3347939.tif,8609678.758103615,3348053.5081534497
8608340_3347939.tif,8607003.462114241,3347747.760040352
8608340_3347939.tif,8607309.210227313,3347747.760040352
8608340_3347939.tif,8607614.958340384,3347747.760040352
8608340_3347939.tif,8607920.706453454,3347747.760040352
8608340_3347939.tif,8608226.454566527,3347747.760040352
8608340_3347939.tif,8608532.202679597,3347747.760040352
8608340_3347939.tif,8608837.950792668,3347747.760040352
8608340_3347939.tif,8609143.69890574,3347747.760040352
8608340_3347939.tif,8609449.44701881,3347747.760040352
8608340_3347939.tif,8609678.758103615,3347747.760040352
8608340_3347939.tif,8607003.462114241,3347442.011927254
8608340_3347939.tif,8607309.210227313,3347442.011927254
8608340_3347939.tif,8607614.958340384,3347442.011927254
8608340_3347939.tif,8607920.706453454,3347442.011927254
8608340_3347939.tif,8608226.454566527,3347442.011927254
8608340_3347939.tif,8608532.202679597,3347442.011927254
8608340_3347939.tif,8608837.950792668,3347442.011927254
8608340_3347939.tif,8609143.69890574,3347442.011927254
8608340_3347939.tif,8609449.44701881,3347442.011927254
8608340_3347939.tif,8609678.758103615,3347442.011927254
8608340_3347939.tif,8607003.462114241,3347136.263814156
8608340_3347939.tif,8607309.210227313,3347136.263814156
8608340_3347939.tif,8607614.958340384,3347136.263814156
8608340_3347939.tif,8607920.706453454,3347136.263814156
8608340_3347939.tif,8608226.454566527,3347136.263814156
8608340_3347939.tif,8608532.202679597,3347136.263814156
8608340_3347939.tif,8608837.950792668,3347136.263814156
8608340_3347939.tif,8609143.69890574,3347136.263814156
8608340_3347939.tif,8609449.44701881,3347136.263814156
8608340_3347939.tif,8609678.758103615,3347136.263814156
8608340_3347939.tif,8607003.462114241,3346830.515701058
8608340_3347939.tif,8607309.210227313,3346830.515701058
8608340_3347939.tif,8607614.958340384,3346830.515701058
8608340_3347939.tif,8607920.706453454,3346830.515701058
8608340_3347939.tif,8608226.454566527,3346830.515701058
8608340_3347939.tif,8608532.202679597,3346830.515701058
8608340_3347939.tif,8608837.950792668,3346830.515701058
8608340_3347939.tif,8609143.69890574,3346830.515701058
8608340_3347939.tif,8609449.44701881,3346830.515701058
8608340_3347939.tif,8609678.758103615,3346830.515701058
8608340_3347939.tif,8607003.462114241,3346601.204616234
8608340_3347939.tif,8607309.210227313,3346601.204616234
8608340_3347939.tif,8607614.958340384,3346601.204616234
8608340_3347939.tif,8607920.706453454,3346601.204616234
8608340_3347939.tif,8608226.454566527,3346601.204616234
8608340_3347939.tif,8608532.202679597,3346601.204616234
8608340_3347939.tif,8608837.950792668,3346601.204616234
8608340_3347939.tif,8609143.69890574,3346601.204616234
8608340_3347939.tif,8609449.44701881,3346601.204616234
8608340_3347939.tif,8609678.758103615,3346601.204616234
8608340_3350691.tif,8607003.462114241,3352028.23362372
8608340_3350691.tif,8607309.210227313,3352028.23362372
8608340_3350691.tif,8607614.958340384,3352028.23362372
8608340_3350691.tif,8607920.706453454,3352028.23362372
8608340_3350691.tif,8608226.454566527,3352028.23362372
8608340_3350691.tif,8608532.202679597,3352028.23362372
8608340_3350691.tif,8608837.950792668,3352028.23362372
8608340_3350691.tif,8609143.69890574,3352028.23362372
8608340_3350691.tif,8609449.44701881,3352028.23362372
8608340_3350691.tif,8609678.758103615,3352028.23362372
8608340_3350691.tif,8607003.462114241,3351722.485510622
8608340_3350691.tif,8607309.210227313,3351722.485510622
8608340_3350691.tif,8607614.958340384,3351722.485510622
8608340_3350691.tif,8607920.706453454,3351722.485510622
8608340_3350691.tif,8608226.454566527,3351722.485510622
8608340_3350691.tif,8608532.202679597,3351722.485510622
8608340_3350691.tif,8608837.950792668,3351722.485510622
8608340_3350691.tif,8609143.69890574,3351722.485510622
8608340_3350691.tif,8609449.44701881,3351722.485510622
8608340_3350691.tif,8609678.758103615,3351722.485510622
8608340_3350691.tif,8607003.462114241,3351416.7373975245
8608340_3350691.tif,8607309.210227313,3351416.7373975245
8608340_3350691.tif,8607614.958340384,3351416.7373975245
8608340_3350691.tif,8607920.706453454,3351416.7373975245
8608340_3350691.tif,8608226.454566527,3351416.7373975245
8608340_3350691.tif,8608532.202679597,3351416.7373975245
8608340_3350691.tif,8608837.950792668,3351416.7373975245
8608340_3350691.tif,8609143.69890574,3351416.7373975245
8608340_3350691.tif,8609449.44701881,3351416.7373975245
8608340_3350691.tif,8609678.758103615,3351416.7373975245
8608340_3350691.tif,8607003.462114241,3351110.9892844264
8608340_3350691.tif,8607309.210227313,3351110.9892844264
8608340_3350691.tif,8607614.958340384,3351110.9892844264
8608340_3350691.tif,8607920.706453454,3351110.9892844264
8608340_3350691.tif,8608226.454566527,3351110.9892844264
8608340_3350691.tif,8608532.202679597,3351110.9892844264
8608340_3350691.tif,8608837.950792668,3351110.9892844264
8608340_3350691.tif,8609143.69890574,3351110.9892844264
8608340_3350691.tif,8609449.44701881,3351110.9892844264
8608340_3350691.tif,8609678.758103615,3351110.9892844264
8608340_3350691.tif,8607003.462114241,3350805.2411713284
8608340_3350691.tif,8607309.210227313,3350805.2411713284
8608340_3350691.tif,8607614.958340384,3350805.2411713284
8608340_3350691.tif,8607920.706453454,3350805.2411713284
8608340_3350691.tif,8608226.454566527,3350805.2411713284
8608340_3350691.tif,8608532.202679597,3350805.2411713284
8608340_3350691.tif,8608837.950792668,3350805.2411713284
8608340_3350691.tif,8609143.69890574,3350805.2411713284
8608340_3350691.tif,8609449.44701881,3350805.2411713284
8608340_3350691.tif,8609678.758103615,3350805.2411713284
8608340_3350691.tif,8607003.462114241,3350499.4930582307
8608340_3350691.tif,8607309.210227313,3350499.4930582307
8608340_3350691.tif,8607614.958340384,3350499.4930582307
8608340_3350691.tif,8607920.706453454,3350499.4930582307
8608340_3350691.tif,8608226.454566527,3350499.4930582307
8608340_3350691.tif,8608532.202679597,3350499.4930582307
8608340_3350691.tif,8608837.950792668,3350499.4930582307
8608340_3350691.tif,8609143.69890574,3350499.4930582307
8608340_3350691.tif,8609449.44701881,3350499.4930582307
8608340_3350691.tif,8609678.758103615,3350499.4930582307
8608340_3350691.tif,8607003.462114241,3350193.744945133
8608340_3350691.tif,8607309.210227313,3350193.744945133
8608340_3350691.tif,8607614.958340384,3350193.744945133
8608340_3350691.tif,8607920.706453454,3350193.744945133
8608340_3350691.tif,8608226.454566527,3350193.744945133
8608340_3350691.tif,8608532.202679597,3350193.744945133
8608340_3350691.tif,8608837.950792668,3350193.744945133
8608340_3350691.tif,8609143.69890574,3350193.744945133
8608340_3350691.tif,8609449.44701881,3350193.744945133
8608340_3350691.tif,8609678.758103615,3350193.744945133
8608340_3350691.tif,8607003.462114241,3349887.9968320355
8608340_3350691.tif,8607309.210227313,3349887.9968320355
8608340_3350691.tif,8607614.958340384,3349887.9968320355
8608340_3350691.tif,8607920.706453454,3349887.9968320355
8608340_3350691.tif,8608226.454566527,3349887.9968320355
8608340_3350691.tif,8608532.202679597,3349887.9968320355
8608340_3350691.tif,8608837.950792668,3349887.9968320355
8608340_3350691.tif,8609143.69890574,3349887.9968320355
8608340_3350691.tif,8609449.44701881,3349887.9968320355
8608340_3350691.tif,8609678.758103615,3349887.9968320355
8608340_3350691.tif,8607003.462114241,3349582.248718938
8608340_3350691.tif,8607309.210227313,3349582.248718938
8608340_3350691.tif,8607614.958340384,3349582.248718938
8608340_3350691.tif,8607920.706453454,3349582.248718938
8608340_3350691.tif,8608226.454566527,3349582.248718938
8608340_3350691.tif,8608532.202679597,3349582.248718938
8608340_3350691.tif,8608837.950792668,3349582.248718938
8608340_3350691.tif,8609143.69890574,3349582.248718938
8608340_3350691.tif,8609449.44701881,3349582.248718938
8608340_3350691.tif,8609678.758103615,3349582.248718938
8608340_3350691.tif,8607003.462114241,3349352.937634114
8608340_3350691.tif,8607309.210227313,3349352.937634114
8608340_3350691.tif,8607614.958340384,3349352.937634114
8608340_3350691.tif,8607920.706453454,3349352.937634114
8608340_3350691.tif,8608226.454566527,3349352.937634114
8608340_3350691.tif,8608532.202679597,3349352.937634114
8608340_3350691.tif,8608837.950792668,3349352.937634114
8608340_3350691.tif,8609143.69890574,3349352.937634114
8608340_3350691.tif,8609449.44701881,3349352.937634114
8608340_3350691.tif,8609678.758103615,3349352.937634114
8608340_3353442.tif,8607003.462114241,3354779.966641602
8608340_3353442.tif,8607309.210227313,3354779.966641602
8608340_3353442.tif,8607614.958340384,3354779.966641602
8608340_3353442.tif,8607920.706453454,3354779.966641602
8608340_3353442.tif,8608226.454566527,3354779.966641602
8608340_3353442.tif,8608532.202679597,3354779.966641602
8608340_3353442.tif,8608837.950792668,3354779.966641602
8608340_3353442.tif,8609143.69890574,3354779.966641602
8608340_3353442.tif,8609449.44701881,3354779.966641602
8608340_3353442.tif,8609678.758103615,3354779.966641602
8608340_3353442.tif,8607003.462114241,3354474.2185285045
8608340_3353442.tif,8607309.210227313,3354474.2185285045
8608340_3353442.tif,8607614.958340384,3354474.2185285045
8608340_3353442.tif,8607920.706453454,3354474.2185285045
8608340_3353442.tif,8608226.454566527,3354474.2185285045
8608340_3353442.tif,8608532.202679597,3354474.2185285045
8608340_3353442.tif,8608837.950792668,3354474.2185285045
8608340_3353442.tif,8609143.69890574,3354474.2185285045
8608340_3353442.tif,8609449.44701881,3354474.2185285045
8608340_3353442.tif,8609678.758103615,3354474.2185285045
8608340_3353442.tif,8607003.462114241,3354168.470415407
8608340_3353442.tif,8607309.210227313,3354168.470415407
8608340_3353442.tif,8607614.958340384,3354168.470415407
8608340_3353442.tif,8607920.706453454,3354168.470415407
8608340_3353442.tif,8608226.454566527,3354168.470415407
8608340_3353442.tif,8608532.202679597,3354168.470415407
8608340_3353442.tif,8608837.950792668,3354168.470415407
8608340_3353442.tif,8609143.69890574,3354168.470415407
8608340_3353442.tif,8609449.44701881,3354168.470415407
8608340_3353442.tif,8609678.758103615,3354168.470415407
8608340_3353442.tif,8607003.462114241,3353862.7223023083
8608340_3353442.tif,8607309.210227313,3353862.7223023083
8608340_3353442.tif,8607614.958340384,3353862.7223023083
8608340_3353442.tif,8607920.706453454,3353862.7223023083
8608340_3353442.tif,8608226.454566527,3353862.7223023083
8608340_3353442.tif,8608532.202679597,3353862.7223023083
8608340_3353442.tif,8608837.950792668,3353862.7223023083
8608340_3353442.tif,8609143.69890574,3353862.7223023083
8608340_3353442.tif,8609449.44701881,3353862.7223023083
8608340_3353442.tif,8609678.758103615,3353862.7223023083
8608340_3353442.tif,8607003.462114241,3353556.9741892107
8608340_3353442.tif,8607309.210227313,3353556.9741892107
8608340_3353442.tif,8607614.958340384,3353556.9741892107
8608340_3353442.tif,8607920.706453454,3353556.9741892107
8608340_3353442.tif,8608226.454566527,3353556.9741892107
8608340_3353442.tif,8608532.202679597,3353556.9741892107
8608340_3353442.tif,8608837.950792668,3353556.9741892107
8608340_3353442.tif,8609143.69890574,3353556.9741892107
8608340_3353442.tif,8609449.44701881,3353556.9741892107
8608340_3353442.tif,8609678.758103615,3353556.9741892107
8608340_3353442.tif,8607003.462114241,3353251.226076113
8608340_3353442.tif,8607309.210227313,3353251.226076113
8608340_3353442.tif,8607614.958340384,3353251.226076113
8608340_3353442.tif,8607920.706453454,3353251.226076113
8608340_3353442.tif,8608226.454566527,3353251.226076113
8608340_3353442.tif,8608532.202679597,3353251.226076113
8608340_3353442.tif,8608837.950792668,3353251.226076113
8608340_3353442.tif,8609143.69890574,3353251.226076113
8608340_3353442.tif,8609449.44701881,3353251.226076113
8608340_3353442.tif,8609678.758103615,3353251.226076113
8608340_3353442.tif,8607003.462114241,3352945.4779630145
8608340_3353442.tif,8607309.210227313,3352945.4779630145
8608340_3353442.tif,8607614.958340384,3352945.4779630145
8608340_3353442.tif,8607920.706453454,3352945.4779630145
8608340_3353442.tif,8608226.454566527,3352945.4779630145
8608340_3353442.tif,8608532.202679597,3352945.4779630145
8608340_3353442.tif,8608837.950792668,3352945.4779630145
8608340_3353442.tif,8609143.69890574,3352945.4779630145
8608340_3353442.tif,8609449.44701881,3352945.4779630145
8608340_3353442.tif,8609678.758103615,3352945.4779630145
8608340_3353442.tif,8607003.462114241,3352639.729849917
8608340_3353442.tif,8607309.210227313,3352639.729849917
8608340_3353442.tif,8607614.958340384,3352639.729849917
8608340_3353442.tif,8607920.706453454,3352639.729849917
8608340_3353442.tif,8608226.454566527,3352639.729849917
8608340_3353442.tif,8608532.202679597,3352639.729849917
8608340_3353442.tif,8608837.950792668,3352639.729849917
8608340_3353442.tif,8609143.69890574,3352639.729849917
8608340_3353442.tif,8609449.44701881,3352639.729849917
8608340_3353442.tif,8609678.758103615,3352639.729849917
8608340_3353442.tif,8607003.462114241,3352333.9817368193
8608340_3353442.tif,8607309.210227313,3352333.9817368193
8608340_3353442.tif,8607614.958340384,3352333.9817368193
8608340_3353442.tif,8607920.706453454,3352333.9817368193
8608340_3353442.tif,8608226.454566527,3352333.9817368193
8608340_3353442.tif,8608532.202679597,3352333.9817368193
8608340_3353442.tif,8608837.950792668,3352333.9817368193
8608340_3353442.tif,8609143.69890574,3352333.9817368193
8608340_3353442.tif,8609449.44701881,3352333.9817368193
8608340_3353442.tif,8609678.758103615,3352333.9817368193
8608340_3353442.tif,8607003.462114241,3352104.6706519956
8608340_3353442.tif,8607309.210227313,3352104.6706519956
8608340_3353442.tif,8607614.958340384,3352104.6706519956
8608340_3353442.tif,8607920.706453454,3352104.6706519956
8608340_3353442.tif,8608226.454566527,3352104.6706519956
8608340_3353442.tif,8608532.202679597,3352104.6706519956
8608340_3353442.tif,8608837.950792668,3352104.6706519956
8608340_3353442.tif,8609143.69890574,3352104.6706519956
8608340_3353442.tif,8609449.44701881,3352104.6706519956
8608340_3353442.tif,8609678.758103615,3352104.6706519956
8608340_3356194.tif,8607003.462114241,3357531.6996594826
8608340_3356194.tif,8607309.210227313,3357531.6996594826
8608340_3356194.tif,8607614.958340384,3357531.6996594826
8608340_3356194.tif,8607920.706453454,3357531.6996594826
8608340_3356194.tif,8608226.454566527,3357531.6996594826
8608340_3356194.tif,8608532.202679597,3357531.6996594826
8608340_3356194.tif,8608837.950792668,3357531.6996594826
8608340_3356194.tif,8609143.69890574,3357531.6996594826
8608340_3356194.tif,8609449.44701881,3357531.6996594826
8608340_3356194.tif,8609678.758103615,3357531.6996594826
8608340_3356194.tif,8607003.462114241,3357225.951546385
8608340_3356194.tif,8607309.210227313,3357225.951546385
8608340_3356194.tif,8607614.958340384,3357225.951546385
8608340_3356194.tif,8607920.706453454,3357225.951546385
8608340_3356194.tif,8608226.454566527,3357225.951546385
8608340_3356194.tif,8608532.202679597,3357225.951546385
8608340_3356194.tif,8608837.950792668,3357225.951546385
8608340_3356194.tif,8609143.69890574,3357225.951546385
8608340_3356194.tif,8609449.44701881,3357225.951546385
8608340_3356194.tif,8609678.758103615,3357225.951546385
8608340_3356194.tif,8607003.462114241,3356920.2034332873
8608340_3356194.tif,8607309.210227313,3356920.2034332873
8608340_3356194.tif,8607614.958340384,3356920.2034332873
8608340_3356194.tif,8607920.706453454,3356920.2034332873
8608340_3356194.tif,8608226.454566527,3356920.2034332873
8608340_3356194.tif,8608532.202679597,3356920.2034332873
8608340_3356194.tif,8608837.950792668,3356920.2034332873
8608340_3356194.tif,8609143.69890574,3356920.2034332873
8608340_3356194.tif,8609449.44701881,3356920.2034332873
8608340_3356194.tif,8609678.758103615,3356920.2034332873
8608340_3356194.tif,8607003.462114241,3356614.4553201897
8608340_3356194.tif,8607309.210227313,3356614.4553201897
8608340_3356194.tif,8607614.958340384,3356614.4553201897
8608340_3356194.tif,8607920.706453454,3356614.4553201897
8608340_3356194.tif,8608226.454566527,3356614.4553201897
8608340_3356194.tif,8608532.202679597,3356614.4553201897
8608340_3356194.tif,8608837.950792668,3356614.4553201897
8608340_3356194.tif,8609143.69890574,3356614.4553201897
8608340_3356194.tif,8609449.44701881,3356614.4553201897
8608340_3356194.tif,8609678.758103615,3356614.4553201897
8608340_3356194.tif,8607003.462114241,3356308.707207092
8608340_3356194.tif,8607309.210227313,3356308.707207092
8608340_3356194.tif,8607614.958340384,3356308.707207092
8608340_3356194.tif,8607920.706453454,3356308.707207092
8608340_3356194.tif,8608226.454566527,3356308.707207092
8608340_3356194.tif,8608532.202679597,3356308.707207092
8608340_3356194.tif,8608837.950792668,3356308.707207092
8608340_3356194.tif,8609143.69890574,3356308.707207092
8608340_3356194.tif,8609449.44701881,3356308.707207092
8608340_3356194.tif,8609678.758103615,3356308.707207092
8608340_3356194.tif,8607003.462114241,3356002.9590939945
8608340_3356194.tif,8607309.210227313,3356002.9590939945
8608340_3356194.tif,8607614.958340384,3356002.9590939945
8608340_3356194.tif,8607920.706453454,3356002.9590939945
8608340_3356194.tif,8608226.454566527,3356002.9590939945
8608340_3356194.tif,8608532.202679597,3356002.9590939945
8608340_3356194.tif,8608837.950792668,3356002.9590939945
8608340_3356194.tif,8609143.69890574,3356002.9590939945
8608340_3356194.tif,8609449.44701881,3356002.9590939945
8608340_3356194.tif,8609678.758103615,3356002.9590939945
8608340_3356194.tif,8607003.462114241,3355697.210980897
8608340_3356194.tif,8607309.210227313,3355697.210980897
8608340_3356194.tif,8607614.958340384,3355697.210980897
8608340_3356194.tif,8607920.706453454,3355697.210980897
8608340_3356194.tif,8608226.454566527,3355697.210980897
8608340_3356194.tif,8608532.202679597,3355697.210980897
8608340_3356194.tif,8608837.950792668,3355697.210980897
8608340_3356194.tif,8609143.69890574,3355697.210980897
8608340_3356194.tif,8609449.44701881,3355697.210980897
8608340_3356194.tif,8609678.758103615,3355697.210980897
8608340_3356194.tif,8607003.462114241,3355391.462867799
8608340_3356194.tif,8607309.210227313,3355391.462867799
8608340_3356194.tif,8607614.958340384,3355391.462867799
8608340_3356194.tif,8607920.706453454,3355391.462867799
8608340_3356194.tif,8608226.454566527,3355391.462867799
8608340_3356194.tif,8608532.202679597,3355391.462867799
8608340_3356194.tif,8608837.950792668,3355391.462867799
8608340_3356194.tif,8609143.69890574,3355391.462867799
8608340_3356194.tif,8609449.44701881,3355391.462867799
8608340_3356194.tif,8609678.758103615,3355391.462867799
8608340_3356194.tif,8607003.462114241,3355085.714754701
8608340_3356194.tif,8607309.210227313,3355085.714754701
8608340_3356194.tif,8607614.958340384,3355085.714754701
8608340_3356194.tif,8607920.706453454,3355085.714754701
8608340_3356194.tif,8608226.454566527,3355085.714754701
8608340_3356194.tif,8608532.202679597,3355085.714754701
8608340_3356194.tif,8608837.950792668,3355085.714754701
8608340_3356194.tif,8609143.69890574,3355085.714754701
8608340_3356194.tif,8609449.44701881,3355085.714754701
8608340_3356194.tif,8609678.758103615,3355085.714754701
8608340_3356194.tif,8607003.462114241,3354856.403669878
8608340_3356194.tif,8607309.210227313,3354856.403669878
8608340_3356194.tif,8607614.958340384,3354856.403669878
8608340_3356194.tif,8607920.706453454,3354856.403669878
8608340_3356194.tif,8608226.454566527,3354856.403669878
8608340_3356194.tif,8608532.202679597,3354856.403669878
8608340_3356194.tif,8608837.950792668,3354856.403669878
8608340_3356194.tif,8609143.69890574,3354856.403669878
8608340_3356194.tif,8609449.44701881,3354856.403669878
8608340_3356194.tif,8609678.758103615,3354856.403669878
8608340_3358946.tif,8607003.462114241,3360283.432677364
8608340_3358946.tif,8607309.210227313,3360283.432677364
8608340_3358946.tif,8607614.958340384,3360283.432677364
8608340_3358946.tif,8607920.706453454,3360283.432677364
8608340_3358946.tif,8608226.454566527,3360283.432677364
8608340_3358946.tif,8608532.202679597,3360283.432677364
8608340_3358946.tif,8608837.950792668,3360283.432677364
8608340_3358946.tif,8609143.69890574,3360283.432677364
8608340_3358946.tif,8609449.44701881,3360283.432677364
8608340_3358946.tif,8609678.758103615,3360283.432677364
8608340_3358946.tif,8607003.462114241,3359977.6845642664
8608340_3358946.tif,8607309.210227313,3359977.6845642664
8608340_3358946.tif,8607614.958340384,3359977.6845642664
8608340_3358946.tif,8607920.706453454,3359977.6845642664
8608340_3358946.tif,8608226.454566527,3359977.6845642664
8608340_3358946.tif,8608532.202679597,3359977.6845642664
8608340_3358946.tif,8608837.950792668,3359977.6845642664
8608340_3358946.tif,8609143.69890574,3359977.6845642664
8608340_3358946.tif,8609449.44701881,3359977.6845642664
8608340_3358946.tif,8609678.758103615,3359977.6845642664
8608340_3358946.tif,8607003.462114241,3359671.9364511687
8608340_3358946.tif,8607309.210227313,3359671.9364511687
8608340_3358946.tif,8607614.958340384,3359671.9364511687
8608340_3358946.tif,8607920.706453454,3359671.9364511687
8608340_3358946.tif,8608226.454566527,3359671.9364511687
8608340_3358946.tif,8608532.202679597,3359671.9364511687
8608340_3358946.tif,8608837.950792668,3359671.9364511687
8608340_3358946.tif,8609143.69890574,3359671.9364511687
8608340_3358946.tif,8609449.44701881,3359671.9364511687
8608340_3358946.tif,8609678.758103615,3359671.9364511687
8608340_3358946.tif,8607003.462114241,3359366.188338071
8608340_3358946.tif,8607309.210227313,3359366.188338071
8608340_3358946.tif,8607614.958340384,3359366.188338071
8608340_3358946.tif,8607920.706453454,3359366.188338071
8608340_3358946.tif,8608226.454566527,3359366.188338071
8608340_3358946.tif,8608532.202679597,3359366.188338071
8608340_3358946.tif,8608837.950792668,3359366.188338071
8608340_3358946.tif,8609143.69890574,3359366.188338071
8608340_3358946.tif,8609449.44701881,3359366.188338071
8608340_3358946.tif,8609678.758103615,3359366.188338071
8608340_3358946.tif,8607003.462114241,3359060.4402249735
8608340_3358946.tif,8607309.210227313,3359060.4402249735
8608340_3358946.tif,8607614.958340384,3359060.4402249735
8608340_3358946.tif,8607920.706453454,3359060.4402249735
8608340_3358946.tif,8608226.454566527,3359060.4402249735
8608340_3358946.tif,8608532.202679597,3359060.4402249735
8608340_3358946.tif,8608837.950792668,3359060.4402249735
8608340_3358946.tif,8609143.69890574,3359060.4402249735
8608340_3358946.tif,8609449.44701881,3359060.4402249735
8608340_3358946.tif,8609678.758103615,3359060.4402249735
8608340_3358946.tif,8607003.462114241,3358754.692111876
8608340_3358946.tif,8607309.210227313,3358754.692111876
8608340_3358946.tif,8607614.958340384,3358754.692111876
8608340_3358946.tif,8607920.706453454,3358754.692111876
8608340_3358946.tif,8608226.454566527,3358754.692111876
8608340_3358946.tif,8608532.202679597,3358754.692111876
8608340_3358946.tif,8608837.950792668,3358754.692111876
8608340_3358946.tif,8609143.69890574,3358754.692111876
8608340_3358946.tif,8609449.44701881,3358754.692111876
8608340_3358946.tif,8609678.758103615,3358754.692111876
8608340_3358946.tif,8607003.462114241,3358448.9439987782
8608340_3358946.tif,8607309.210227313,3358448.9439987782
8608340_3358946.tif,8607614.958340384,3358448.9439987782
8608340_3358946.tif,8607920.706453454,3358448.9439987782
8608340_3358946.tif,8608226.454566527,3358448.9439987782
8608340_3358946.tif,8608532.202679597,3358448.9439987782
8608340_3358946.tif,8608837.950792668,3358448.9439987782
8608340_3358946.tif,8609143.69890574,3358448.9439987782
8608340_3358946.tif,8609449.44701881,3358448.9439987782
8608340_3358946.tif,8609678.758103615,3358448.9439987782
8608340_3358946.tif,8607003.462114241,3358143.1958856806
8608340_3358946.tif,8607309.210227313,3358143.1958856806
8608340_3358946.tif,8607614.958340384,3358143.1958856806
8608340_3358946.tif,8607920.706453454,3358143.1958856806
8608340_3358946.tif,8608226.454566527,3358143.1958856806
8608340_3358946.tif,8608532.202679597,3358143.1958856806
8608340_3358946.tif,8608837.950792668,3358143.1958856806
8608340_3358946.tif,8609143.69890574,3358143.1958856806
8608340_3358946.tif,8609449.44701881,3358143.1958856806
8608340_3358946.tif,8609678.758103615,3358143.1958856806
8608340_3358946.tif,8607003.462114241,3357837.4477725825
8608340_3358946.tif,8607309.210227313,3357837.4477725825
8608340_3358946.tif,8607614.958340384,3357837.4477725825
8608340_3358946.tif,8607920.706453454,3357837.4477725825
8608340_3358946.tif,8608226.454566527,3357837.4477725825
8608340_3358946.tif,8608532.202679597,3357837.4477725825
8608340_3358946.tif,8608837.950792668,3357837.4477725825
8608340_3358946.tif,8609143.69890574,3357837.4477725825
8608340_3358946.tif,8609449.44701881,3357837.4477725825
8608340_3358946.tif,8609678.758103615,3357837.4477725825
8608340_3358946.tif,8607003.462114241,3357608.1366877593
8608340_3358946.tif,8607309.210227313,3357608.1366877593
8608340_3358946.tif,8607614.958340384,3357608.1366877593
8608340_3358946.tif,8607920.706453454,3357608.1366877593
8608340_3358946.tif,8608226.454566527,3357608.1366877593
8608340_3358946.tif,8608532.202679597,3357608.1366877593
8608340_3358946.tif,8608837.950792668,3357608.1366877593
8608340_3358946.tif,8609143.69890574,3357608.1366877593
8608340_3358946.tif,8609449.44701881,3357608.1366877593
8608340_3358946.tif,8609678.758103615,3357608.1366877593
8608340_3361698.tif,8607003.462114241,3363035.1656952472
8608340_3361698.tif,8607309.210227313,3363035.1656952472
8608340_3361698.tif,8607614.958340384,3363035.1656952472
8608340_3361698.tif,8607920.706453454,3363035.1656952472
8608340_3361698.tif,8608226.454566527,3363035.1656952472
8608340_3361698.tif,8608532.202679597,3363035.1656952472
8608340_3361698.tif,8608837.950792668,3363035.1656952472
8608340_3361698.tif,8609143.69890574,3363035.1656952472
8608340_3361698.tif,8609449.44701881,3363035.1656952472
8608340_3361698.tif,8609678.758103615,3363035.1656952472
8608340_3361698.tif,8607003.462114241,3362729.417582149
8608340_3361698.tif,8607309.210227313,3362729.417582149
8608340_3361698.tif,8607614.958340384,3362729.417582149
8608340_3361698.tif,8607920.706453454,3362729.417582149
8608340_3361698.tif,8608226.454566527,3362729.417582149
8608340_3361698.tif,8608532.202679597,3362729.417582149
8608340_3361698.tif,8608837.950792668,3362729.417582149
8608340_3361698.tif,8609143.69890574,3362729.417582149
8608340_3361698.tif,8609449.44701881,3362729.417582149
8608340_3361698.tif,8609678.758103615,3362729.417582149
8608340_3361698.tif,8607003.462114241,3362423.669469051
8608340_3361698.tif,8607309.210227313,3362423.669469051
8608340_3361698.tif,8607614.958340384,3362423.669469051
8608340_3361698.tif,8607920.706453454,3362423.669469051
8608340_3361698.tif,8608226.454566527,3362423.669469051
8608340_3361698.tif,8608532.202679597,3362423.669469051
8608340_3361698.tif,8608837.950792668,3362423.669469051
8608340_3361698.tif,8609143.69890574,3362423.669469051
8608340_3361698.tif,8609449.44701881,3362423.669469051
8608340_3361698.tif,8609678.758103615,3362423.669469051
8608340_3361698.tif,8607003.462114241,3362117.9213559534
8608340_3361698.tif,8607309.210227313,3362117.9213559534
8608340_3361698.tif,8607614.958340384,3362117.9213559534
8608340_3361698.tif,8607920.706453454,3362117.9213559534
8608340_3361698.tif,8608226.454566527,3362117.9213559534
8608340_3361698.tif,8608532.202679597,3362117.9213559534
8608340_3361698.tif,8608837.950792668,3362117.9213559534
8608340_3361698.tif,8609143.69890574,3362117.9213559534
8608340_3361698.tif,8609449.44701881,3362117.9213559534
8608340_3361698.tif,8609678.758103615,3362117.9213559534
8608340_3361698.tif,8607003.462114241,3361812.173242855
8608340_3361698.tif,8607309.210227313,3361812.173242855
8608340_3361698.tif,8607614.958340384,3361812.173242855
8608340_3361698.tif,8607920.706453454,3361812.173242855
8608340_3361698.tif,8608226.454566527,3361812.173242855
8608340_3361698.tif,8608532.202679597,3361812.173242855
8608340_3361698.tif,8608837.950792668,3361812.173242855
8608340_3361698.tif,8609143.69890574,3361812.173242855
8608340_3361698.tif,8609449.44701881,3361812.173242855
8608340_3361698.tif,8609678.758103615,3361812.173242855
8608340_3361698.tif,8607003.462114241,3361506.4251297573
8608340_3361698.tif,8607309.210227313,3361506.4251297573
8608340_3361698.tif,8607614.958340384,3361506.4251297573
8608340_3361698.tif,8607920.706453454,3361506.4251297573
8608340_3361698.tif,8608226.454566527,3361506.4251297573
8608340_3361698.tif,8608532.202679597,3361506.4251297573
8608340_3361698.tif,8608837.950792668,3361506.4251297573
8608340_3361698.tif,8609143.69890574,3361506.4251297573
8608340_3361698.tif,8609449.44701881,3361506.4251297573
8608340_3361698.tif,8609678.758103615,3361506.4251297573
8608340_3361698.tif,8607003.462114241,3361200.677016659
8608340_3361698.tif,8607309.210227313,3361200.677016659
8608340_3361698.tif,8607614.958340384,3361200.677016659
8608340_3361698.tif,8607920.706453454,3361200.677016659
8608340_3361698.tif,8608226.454566527,3361200.677016659
8608340_3361698.tif,8608532.202679597,3361200.677016659
8608340_3361698.tif,8608837.950792668,3361200.677016659
8608340_3361698.tif,8609143.69890574,3361200.677016659
8608340_3361698.tif,8609449.44701881,3361200.677016659
8608340_3361698.tif,8609678.758103615,3361200.677016659
8608340_3361698.tif,8607003.462114241,3360894.928903561
8608340_3361698.tif,8607309.210227313,3360894.928903561
8608340_3361698.tif,8607614.958340384,3360894.928903561
8608340_3361698.tif,8607920.706453454,3360894.928903561
8608340_3361698.tif,8608226.454566527,3360894.928903561
8608340_3361698.tif,8608532.202679597,3360894.928903561
8608340_3361698.tif,8608837.950792668,3360894.928903561
8608340_3361698.tif,8609143.69890574,3360894.928903561
8608340_3361698.tif,8609449.44701881,3360894.928903561
8608340_3361698.tif,8609678.758103615,3360894.928903561
8608340_3361698.tif,8607003.462114241,3360589.180790463
8608340_3361698.tif,8607309.210227313,3360589.180790463
8608340_3361698.tif,8607614.958340384,3360589.180790463
8608340_3361698.tif,8607920.706453454,3360589.180790463
8608340_3361698.tif,8608226.454566527,3360589.180790463
8608340_3361698.tif,8608532.202679597,3360589.180790463
8608340_3361698.tif,8608837.950792668,3360589.180790463
8608340_3361698.tif,8609143.69890574,3360589.180790463
8608340_3361698.tif,8609449.44701881,3360589.180790463
8608340_3361698.tif,8609678.758103615,3360589.180790463
8608340_3361698.tif,8607003.462114241,3360359.8697056393
8608340_3361698.tif,8607309.210227313,3360359.8697056393
8608340_3361698.tif,8607614.958340384,3360359.8697056393
8608340_3361698.tif,8607920.706453454,3360359.8697056393
8608340_3361698.tif,8608226.454566527,3360359.8697056393
8608340_3361698.tif,8608532.202679597,3360359.8697056393
8608340_3361698.tif,8608837.950792668,3360359.8697056393
8608340_3361698.tif,8609143.69890574,3360359.8697056393
8608340_3361698.tif,8609449.44701881,3360359.8697056393
8608340_3361698.tif,8609678.758103615,3360359.8697056393
8608340_3364449.tif,8607003.462114241,3365786.898712878
8608340_3364449.tif,8607309.210227313,3365786.898712878
8608340_3364449.tif,8607614.958340384,3365786.898712878
8608340_3364449.tif,8607920.706453454,3365786.898712878
8608340_3364449.tif,8608226.454566527,3365786.898712878
8608340_3364449.tif,8608532.202679597,3365786.898712878
8608340_3364449.tif,8608837.950792668,3365786.898712878
8608340_3364449.tif,8609143.69890574,3365786.898712878
8608340_3364449.tif,8609449.44701881,3365786.898712878
8608340_3364449.tif,8609678.758103615,3365786.898712878
8608340_3364449.tif,8607003.462114241,3365481.1505998066
8608340_3364449.tif,8607309.210227313,3365481.1505998066
8608340_3364449.tif,8607614.958340384,3365481.1505998066
8608340_3364449.tif,8607920.706453454,3365481.1505998066
8608340_3364449.tif,8608226.454566527,3365481.1505998066
8608340_3364449.tif,8608532.202679597,3365481.1505998066
8608340_3364449.tif,8608837.950792668,3365481.1505998066
8608340_3364449.tif,8609143.69890574,3365481.1505998066
8608340_3364449.tif,8609449.44701881,3365481.1505998066
8608340_3364449.tif,8609678.758103615,3365481.1505998066
8608340_3364449.tif,8607003.462114241,3365175.402486736
8608340_3364449.tif,8607309.210227313,3365175.402486736
8608340_3364449.tif,8607614.958340384,3365175.402486736
8608340_3364449.tif,8607920.706453454,3365175.402486736
8608340_3364449.tif,8608226.454566527,3365175.402486736
8608340_3364449.tif,8608532.202679597,3365175.402486736
8608340_3364449.tif,8608837.950792668,3365175.402486736
8608340_3364449.tif,8609143.69890574,3365175.402486736
8608340_3364449.tif,8609449.44701881,3365175.402486736
8608340_3364449.tif,8609678.758103615,3365175.402486736
8608340_3364449.tif,8607003.462114241,3364869.6543736644
8608340_3364449.tif,8607309.210227313,3364869.6543736644
8608340_3364449.tif,8607614.958340384,3364869.6543736644
8608340_3364449.tif,8607920.706453454,3364869.6543736644
8608340_3364449.tif,8608226.454566527,3364869.6543736644
8608340_3364449.tif,8608532.202679597,3364869.6543736644
8608340_3364449.tif,8608837.950792668,3364869.6543736644
8608340_3364449.tif,8609143.69890574,3364869.6543736644
8608340_3364449.tif,8609449.44701881,3364869.6543736644
8608340_3364449.tif,8609678.758103615,3364869.6543736644
8608340_3364449.tif,8607003.462114241,3364563.906260594
8608340_3364449.tif,8607309.210227313,3364563.906260594
8608340_3364449.tif,8607614.958340384,3364563.906260594
8608340_3364449.tif,8607920.706453454,3364563.906260594
8608340_3364449.tif,8608226.454566527,3364563.906260594
8608340_3364449.tif,8608532.202679597,3364563.906260594
8608340_3364449.tif,8608837.950792668,3364563.906260594
8608340_3364449.tif,8609143.69890574,3364563.906260594
8608340_3364449.tif,8609449.44701881,3364563.906260594
8608340_3364449.tif,8609678.758103615,3364563.906260594
8608340_3364449.tif,8607003.462114241,3364258.1581475222
8608340_3364449.tif,8607309.210227313,3364258.1581475222
8608340_3364449.tif,8607614.958340384,3364258.1581475222
8608340_3364449.tif,8607920.706453454,3364258.1581475222
8608340_3364449.tif,8608226.454566527,3364258.1581475222
8608340_3364449.tif,8608532.202679597,3364258.1581475222
8608340_3364449.tif,8608837.950792668,3364258.1581475222
8608340_3364449.tif,8609143.69890574,3364258.1581475222
8608340_3364449.tif,8609449.44701881,3364258.1581475222
8608340_3364449.tif,8609678.758103615,3364258.1581475222
8608340_3364449.tif,8607003.462114241,3363952.4100344516
8608340_3364449.tif,8607309.210227313,3363952.4100344516
8608340_3364449.tif,8607614.958340384,3363952.4100344516
8608340_3364449.tif,8607920.706453454,3363952.4100344516
8608340_3364449.tif,8608226.454566527,3363952.4100344516
8608340_3364449.tif,8608532.202679597,3363952.4100344516
8608340_3364449.tif,8608837.950792668,3363952.4100344516
8608340_3364449.tif,8609143.69890574,3363952.4100344516
8608340_3364449.tif,8609449.44701881,3363952.4100344516
8608340_3364449.tif,8609678.758103615,3363952.4100344516
8608340_3364449.tif,8607003.462114241,3363646.66192138
8608340_3364449.tif,8607309.210227313,3363646.66192138
8608340_3364449.tif,8607614.958340384,3363646.66192138
8608340_3364449.tif,8607920.706453454,3363646.66192138
8608340_3364449.tif,8608226.454566527,3363646.66192138
8608340_3364449.tif,8608532.202679597,3363646.66192138
8608340_3364449.tif,8608837.950792668,3363646.66192138
8608340_3364449.tif,8609143.69890574,3363646.66192138
8608340_3364449.tif,8609449.44701881,3363646.66192138
8608340_3364449.tif,8609678.758103615,3363646.66192138
8608340_3364449.tif,8607003.462114241,3363340.9138083095
8608340_3364449.tif,8607309.210227313,3363340.9138083095
8608340_3364449.tif,8607614.958340384,3363340.9138083095
8608340_3364449.tif,8607920.706453454,3363340.9138083095
8608340_3364449.tif,8608226.454566527,3363340.9138083095
8608340_3364449.tif,8608532.202679597,3363340.9138083095
8608340_3364449.tif,8608837.950792668,3363340.9138083095
8608340_3364449.tif,8609143.69890574,3363340.9138083095
8608340_3364449.tif,8609449.44701881,3363340.9138083095
8608340_3364449.tif,8609678.758103615,3363340.9138083095
8608340_3364449.tif,8607003.462114241,3363111.6027235063
8608340_3364449.tif,8607309.210227313,3363111.6027235063
8608340_3364449.tif,8607614.958340384,3363111.6027235063
8608340_3364449.tif,8607920.706453454,3363111.6027235063
8608340_3364449.tif,8608226.454566527,3363111.6027235063
8608340_3364449.tif,8608532.202679597,3363111.6027235063
8608340_3364449.tif,8608837.950792668,3363111.6027235063
8608340_3364449.tif,8609143.69890574,3363111.6027235063
8608340_3364449.tif,8609449.44701881,3363111.6027235063
8608340_3364449.tif,8609678.758103615,3363111.6027235063
8608340_3367201.tif,8607003.462114241,3368538.6317307577
8608340_3367201.tif,8607309.210227313,3368538.6317307577
8608340_3367201.tif,8607614.958340384,3368538.6317307577
8608340_3367201.tif,8607920.706453454,3368538.6317307577
8608340_3367201.tif,8608226.454566527,3368538.6317307577
8608340_3367201.tif,8608532.202679597,3368538.6317307577
8608340_3367201.tif,8608837.950792668,3368538.6317307577
8608340_3367201.tif,8609143.69890574,3368538.6317307577
8608340_3367201.tif,8609449.44701881,3368538.6317307577
8608340_3367201.tif,8609678.758103615,3368538.6317307577
8608340_3367201.tif,8607003.462114241,3368232.883617686
8608340_3367201.tif,8607309.210227313,3368232.883617686
8608340_3367201.tif,8607614.958340384,3368232.883617686
8608340_3367201.tif,8607920.706453454,3368232.883617686
8608340_3367201.tif,8608226.454566527,3368232.883617686
8608340_3367201.tif,8608532.202679597,3368232.883617686
8608340_3367201.tif,8608837.950792668,3368232.883617686
8608340_3367201.tif,8609143.69890574,3368232.883617686
8608340_3367201.tif,8609449.44701881,3368232.883617686
8608340_3367201.tif,8609678.758103615,3368232.883617686
8608340_3367201.tif,8607003.462114241,3367927.135504615
8608340_3367201.tif,8607309.210227313,3367927.135504615
8608340_3367201.tif,8607614.958340384,3367927.135504615
8608340_3367201.tif,8607920.706453454,3367927.135504615
8608340_3367201.tif,8608226.454566527,3367927.135504615
8608340_3367201.tif,8608532.202679597,3367927.135504615
8608340_3367201.tif,8608837.950792668,3367927.135504615
8608340_3367201.tif,8609143.69890574,3367927.135504615
8608340_3367201.tif,8609449.44701881,3367927.135504615
8608340_3367201.tif,8609678.758103615,3367927.135504615
8608340_3367201.tif,8607003.462114241,3367621.387391544
8608340_3367201.tif,8607309.210227313,3367621.387391544
8608340_3367201.tif,8607614.958340384,3367621.387391544
8608340_3367201.tif,8607920.706453454,3367621.387391544
8608340_3367201.tif,8608226.454566527,3367621.387391544
8608340_3367201.tif,8608532.202679597,3367621.387391544
8608340_3367201.tif,8608837.950792668,3367621.387391544
8608340_3367201.tif,8609143.69890574,3367621.387391544
8608340_3367201.tif,8609449.44701881,3367621.387391544
8608340_3367201.tif,8609678.758103615,3367621.387391544
8608340_3367201.tif,8607003.462114241,3367315.6392784724
8608340_3367201.tif,8607309.210227313,3367315.6392784724
8608340_3367201.tif,8607614.958340384,3367315.6392784724
8608340_3367201.tif,8607920.706453454,3367315.6392784724
8608340_3367201.tif,8608226.454566527,3367315.6392784724
8608340_3367201.tif,8608532.202679597,3367315.6392784724
8608340_3367201.tif,8608837.950792668,3367315.6392784724
8608340_3367201.tif,8609143.69890574,3367315.6392784724
8608340_3367201.tif,8609449.44701881,3367315.6392784724
8608340_3367201.tif,8609678.758103615,3367315.6392784724
8608340_3367201.tif,8607003.462114241,3367009.891165402
8608340_3367201.tif,8607309.210227313,3367009.891165402
8608340_3367201.tif,8607614.958340384,3367009.891165402
8608340_3367201.tif,8607920.706453454,3367009.891165402
8608340_3367201.tif,8608226.454566527,3367009.891165402
8608340_3367201.tif,8608532.202679597,3367009.891165402
8608340_3367201.tif,8608837.950792668,3367009.891165402
8608340_3367201.tif,8609143.69890574,3367009.891165402
8608340_3367201.tif,8609449.44701881,3367009.891165402
8608340_3367201.tif,8609678.758103615,3367009.891165402
8608340_3367201.tif,8607003.462114241,3366704.1430523302
8608340_3367201.tif,8607309.210227313,3366704.1430523302
8608340_3367201.tif,8607614.958340384,3366704.1430523302
8608340_3367201.tif,8607920.706453454,3366704.1430523302
8608340_3367201.tif,8608226.454566527,3366704.1430523302
8608340_3367201.tif,8608532.202679597,3366704.1430523302
8608340_3367201.tif,8608837.950792668,3366704.1430523302
8608340_3367201.tif,8609143.69890574,3366704.1430523302
8608340_3367201.tif,8609449.44701881,3366704.1430523302
8608340_3367201.tif,8609678.758103615,3366704.1430523302
8608340_3367201.tif,8607003.462114241,3366398.394939259
8608340_3367201.tif,8607309.210227313,3366398.394939259
8608340_3367201.tif,8607614.958340384,3366398.394939259
8608340_3367201.tif,8607920.706453454,3366398.394939259
8608340_3367201.tif,8608226.454566527,3366398.394939259
8608340_3367201.tif,8608532.202679597,3366398.394939259
8608340_3367201.tif,8608837.950792668,3366398.394939259
8608340_3367201.tif,8609143.69890574,3366398.394939259
8608340_3367201.tif,8609449.44701881,3366398.394939259
8608340_3367201.tif,8609678.758103615,3366398.394939259
8608340_3367201.tif,8607003.462114241,3366092.646826188
8608340_3367201.tif,8607309.210227313,3366092.646826188
8608340_3367201.tif,8607614.958340384,3366092.646826188
8608340_3367201.tif,8607920.706453454,3366092.646826188
8608340_3367201.tif,8608226.454566527,3366092.646826188
8608340_3367201.tif,8608532.202679597,3366092.646826188
8608340_3367201.tif,8608837.950792668,3366092.646826188
8608340_3367201.tif,8609143.69890574,3366092.646826188
8608340_3367201.tif,8609449.44701881,3366092.646826188
8608340_3367201.tif,8609678.758103615,3366092.646826188
8608340_3367201.tif,8607003.462114241,3365863.335741385
8608340_3367201.tif,8607309.210227313,3365863.335741385
8608340_3367201.tif,8607614.958340384,3365863.335741385
8608340_3367201.tif,8607920.706453454,3365863.335741385
8608340_3367201.tif,8608226.454566527,3365863.335741385
8608340_3367201.tif,8608532.202679597,3365863.335741385
8608340_3367201.tif,8608837.950792668,3365863.335741385
8608340_3367201.tif,8609143.69890574,3365863.335741385
8608340_3367201.tif,8609449.44701881,3365863.335741385
8608340_3367201.tif,8609678.758103615,3365863.335741385
8608340_3369953.tif,8607003.462114241,3371290.364748624
8608340_3369953.tif,8607309.210227313,3371290.364748624
8608340_3369953.tif,8607614.958340384,3371290.364748624
8608340_3369953.tif,8607920.706453454,3371290.364748624
8608340_3369953.tif,8608226.454566527,3371290.364748624
8608340_3369953.tif,8608532.202679597,3371290.364748624
8608340_3369953.tif,8608837.950792668,3371290.364748624
8608340_3369953.tif,8609143.69890574,3371290.364748624
8608340_3369953.tif,8609449.44701881,3371290.364748624
8608340_3369953.tif,8609678.758103615,3371290.364748624
8608340_3369953.tif,8607003.462114241,3370984.6166355265
8608340_3369953.tif,8607309.210227313,3370984.6166355265
8608340_3369953.tif,8607614.958340384,3370984.6166355265
8608340_3369953.tif,8607920.706453454,3370984.6166355265
8608340_3369953.tif,8608226.454566527,3370984.6166355265
8608340_3369953.tif,8608532.202679597,3370984.6166355265
8608340_3369953.tif,8608837.950792668,3370984.6166355265
8608340_3369953.tif,8609143.69890574,3370984.6166355265
8608340_3369953.tif,8609449.44701881,3370984.6166355265
8608340_3369953.tif,8609678.758103615,3370984.6166355265
8608340_3369953.tif,8607003.462114241,3370678.8685224284
8608340_3369953.tif,8607309.210227313,3370678.8685224284
8608340_3369953.tif,8607614.958340384,3370678.8685224284
8608340_3369953.tif,8607920.706453454,3370678.8685224284
8608340_3369953.tif,8608226.454566527,3370678.8685224284
8608340_3369953.tif,8608532.202679597,3370678.8685224284
8608340_3369953.tif,8608837.950792668,3370678.8685224284
8608340_3369953.tif,8609143.69890574,3370678.8685224284
8608340_3369953.tif,8609449.44701881,3370678.8685224284
8608340_3369953.tif,8609678.758103615,3370678.8685224284
8608340_3369953.tif,8607003.462114241,3370373.1204093304
8608340_3369953.tif,8607309.210227313,3370373.1204093304
8608340_3369953.tif,8607614.958340384,3370373.1204093304
8608340_3369953.tif,8607920.706453454,3370373.1204093304
8608340_3369953.tif,8608226.454566527,3370373.1204093304
8608340_3369953.tif,8608532.202679597,3370373.1204093304
8608340_3369953.tif,8608837.950792668,3370373.1204093304
8608340_3369953.tif,8609143.69890574,3370373.1204093304
8608340_3369953.tif,8609449.44701881,3370373.1204093304
8608340_3369953.tif,8609678.758103615,3370373.1204093304
8608340_3369953.tif,8607003.462114241,3370067.3722962327
8608340_3369953.tif,8607309.210227313,3370067.3722962327
8608340_3369953.tif,8607614.958340384,3370067.3722962327
8608340_3369953.tif,8607920.706453454,3370067.3722962327
8608340_3369953.tif,8608226.454566527,3370067.3722962327
8608340_3369953.tif,8608532.202679597,3370067.3722962327
8608340_3369953.tif,8608837.950792668,3370067.3722962327
8608340_3369953.tif,8609143.69890574,3370067.3722962327
8608340_3369953.tif,8609449.44701881,3370067.3722962327
8608340_3369953.tif,8609678.758103615,3370067.3722962327
8608340_3369953.tif,8607003.462114241,3369761.6241831346
8608340_3369953.tif,8607309.210227313,3369761.6241831346
8608340_3369953.tif,8607614.958340384,3369761.6241831346
8608340_3369953.tif,8607920.706453454,3369761.6241831346
8608340_3369953.tif,8608226.454566527,3369761.6241831346
8608340_3369953.tif,8608532.202679597,3369761.6241831346
8608340_3369953.tif,8608837.950792668,3369761.6241831346
8608340_3369953.tif,8609143.69890574,3369761.6241831346
8608340_3369953.tif,8609449.44701881,3369761.6241831346
8608340_3369953.tif,8609678.758103615,3369761.6241831346
8608340_3369953.tif,8607003.462114241,3369455.8760700366
8608340_3369953.tif,8607309.210227313,3369455.8760700366
8608340_3369953.tif,8607614.958340384,3369455.8760700366
8608340_3369953.tif,8607920.706453454,3369455.8760700366
8608340_3369953.tif,8608226.454566527,3369455.8760700366
8608340_3369953.tif,8608532.202679597,3369455.8760700366
8608340_3369953.tif,8608837.950792668,3369455.8760700366
8608340_3369953.tif,8609143.69890574,3369455.8760700366
8608340_3369953.tif,8609449.44701881,3369455.8760700366
8608340_3369953.tif,8609678.758103615,3369455.8760700366
8608340_3369953.tif,8607003.462114241,3369150.127956939
8608340_3369953.tif,8607309.210227313,3369150.127956939
8608340_3369953.tif,8607614.958340384,3369150.127956939
8608340_3369953.tif,8607920.706453454,3369150.127956939
8608340_3369953.tif,8608226.454566527,3369150.127956939
8608340_3369953.tif,8608532.202679597,3369150.127956939
8608340_3369953.tif,8608837.950792668,3369150.127956939
8608340_3369953.tif,8609143.69890574,3369150.127956939
8608340_3369953.tif,8609449.44701881,3369150.127956939
8608340_3369953.tif,8609678.758103615,3369150.127956939
8608340_3369953.tif,8607003.462114241,3368844.3798438404
8608340_3369953.tif,8607309.210227313,3368844.3798438404
8608340_3369953.tif,8607614.958340384,3368844.3798438404
8608340_3369953.tif,8607920.706453454,3368844.3798438404
8608340_3369953.tif,8608226.454566527,3368844.3798438404
8608340_3369953.tif,8608532.202679597,3368844.3798438404
8608340_3369953.tif,8608837.950792668,3368844.3798438404
8608340_3369953.tif,8609143.69890574,3368844.3798438404
8608340_3369953.tif,8609449.44701881,3368844.3798438404
8608340_3369953.tif,8609678.758103615,3368844.3798438404
8608340_3369953.tif,8607003.462114241,3368615.068759017
8608340_3369953.tif,8607309.210227313,3368615.068759017
8608340_3369953.tif,8607614.958340384,3368615.068759017
8608340_3369953.tif,8607920.706453454,3368615.068759017
8608340_3369953.tif,8608226.454566527,3368615.068759017
8608340_3369953.tif,8608532.202679597,3368615.068759017
8608340_3369953.tif,8608837.950792668,3368615.068759017
8608340_3369953.tif,8609143.69890574,3368615.068759017
8608340_3369953.tif,8609449.44701881,3368615.068759017
8608340_3369953.tif,8609678.758103615,3368615.068759017
8608340_3372705.tif,8607003.462114241,3374042.097766505
8608340_3372705.tif,8607309.210227313,3374042.097766505
8608340_3372705.tif,8607614.958340384,3374042.097766505
8608340_3372705.tif,8607920.706453454,3374042.097766505
8608340_3372705.tif,8608226.454566527,3374042.097766505
8608340_3372705.tif,8608532.202679597,3374042.097766505
8608340_3372705.tif,8608837.950792668,3374042.097766505
8608340_3372705.tif,8609143.69890574,3374042.097766505
8608340_3372705.tif,8609449.44701881,3374042.097766505
8608340_3372705.tif,8609678.758103615,3374042.097766505
8608340_3372705.tif,8607003.462114241,3373736.349653407
8608340_3372705.tif,8607309.210227313,3373736.349653407
8608340_3372705.tif,8607614.958340384,3373736.349653407
8608340_3372705.tif,8607920.706453454,3373736.349653407
8608340_3372705.tif,8608226.454566527,3373736.349653407
8608340_3372705.tif,8608532.202679597,3373736.349653407
8608340_3372705.tif,8608837.950792668,3373736.349653407
8608340_3372705.tif,8609143.69890574,3373736.349653407
8608340_3372705.tif,8609449.44701881,3373736.349653407
8608340_3372705.tif,8609678.758103615,3373736.349653407
8608340_3372705.tif,8607003.462114241,3373430.6015403084
8608340_3372705.tif,8607309.210227313,3373430.6015403084
8608340_3372705.tif,8607614.958340384,3373430.6015403084
8608340_3372705.tif,8607920.706453454,3373430.6015403084
8608340_3372705.tif,8608226.454566527,3373430.6015403084
8608340_3372705.tif,8608532.202679597,3373430.6015403084
8608340_3372705.tif,8608837.950792668,3373430.6015403084
8608340_3372705.tif,8609143.69890574,3373430.6015403084
8608340_3372705.tif,8609449.44701881,3373430.6015403084
8608340_3372705.tif,8609678.758103615,3373430.6015403084
8608340_3372705.tif,8607003.462114241,3373124.8534272104
8608340_3372705.tif,8607309.210227313,3373124.8534272104
8608340_3372705.tif,8607614.958340384,3373124.8534272104
8608340_3372705.tif,8607920.706453454,3373124.8534272104
8608340_3372705.tif,8608226.454566527,3373124.8534272104
8608340_3372705.tif,8608532.202679597,3373124.8534272104
8608340_3372705.tif,8608837.950792668,3373124.8534272104
8608340_3372705.tif,8609143.69890574,3373124.8534272104
8608340_3372705.tif,8609449.44701881,3373124.8534272104
8608340_3372705.tif,8609678.758103615,3373124.8534272104
8608340_3372705.tif,8607003.462114241,3372819.105314112
8608340_3372705.tif,8607309.210227313,3372819.105314112
8608340_3372705.tif,8607614.958340384,3372819.105314112
8608340_3372705.tif,8607920.706453454,3372819.105314112
8608340_3372705.tif,8608226.454566527,3372819.105314112
8608340_3372705.tif,8608532.202679597,3372819.105314112
8608340_3372705.tif,8608837.950792668,3372819.105314112
8608340_3372705.tif,8609143.69890574,3372819.105314112
8608340_3372705.tif,8609449.44701881,3372819.105314112
8608340_3372705.tif,8609678.758103615,3372819.105314112
8608340_3372705.tif,8607003.462114241,3372513.3572010137
8608340_3372705.tif,8607309.210227313,3372513.3572010137
8608340_3372705.tif,8607614.958340384,3372513.3572010137
8608340_3372705.tif,8607920.706453454,3372513.3572010137
8608340_3372705.tif,8608226.454566527,3372513.3572010137
8608340_3372705.tif,8608532.202679597,3372513.3572010137
8608340_3372705.tif,8608837.950792668,3372513.3572010137
8608340_3372705.tif,8609143.69890574,3372513.3572010137
8608340_3372705.tif,8609449.44701881,3372513.3572010137
8608340_3372705.tif,8609678.758103615,3372513.3572010137
8608340_3372705.tif,8607003.462114241,3372207.609087915
8608340_3372705.tif,8607309.210227313,3372207.609087915
8608340_3372705.tif,8607614.958340384,3372207.609087915
8608340_3372705.tif,8607920.706453454,3372207.609087915
8608340_3372705.tif,8608226.454566527,3372207.609087915
8608340_3372705.tif,8608532.202679597,3372207.609087915
8608340_3372705.tif,8608837.950792668,3372207.609087915
8608340_3372705.tif,8609143.69890574,3372207.609087915
8608340_3372705.tif,8609449.44701881,3372207.609087915
8608340_3372705.tif,8609678.758103615,3372207.609087915
8608340_3372705.tif,8607003.462114241,3371901.860974817
8608340_3372705.tif,8607309.210227313,3371901.860974817
8608340_3372705.tif,8607614.958340384,3371901.860974817
8608340_3372705.tif,8607920.706453454,3371901.860974817
8608340_3372705.tif,8608226.454566527,3371901.860974817
8608340_3372705.tif,8608532.202679597,3371901.860974817
8608340_3372705.tif,8608837.950792668,3371901.860974817
8608340_3372705.tif,8609143.69890574,3371901.860974817
8608340_3372705.tif,8609449.44701881,3371901.860974817
8608340_3372705.tif,8609678.758103615,3371901.860974817
8608340_3372705.tif,8607003.462114241,3371596.112861719
8608340_3372705.tif,8607309.210227313,3371596.112861719
8608340_3372705.tif,8607614.958340384,3371596.112861719
8608340_3372705.tif,8607920.706453454,3371596.112861719
8608340_3372705.tif,8608226.454566527,3371596.112861719
8608340_3372705.tif,8608532.202679597,3371596.112861719
8608340_3372705.tif,8608837.950792668,3371596.112861719
8608340_3372705.tif,8609143.69890574,3371596.112861719
8608340_3372705.tif,8609449.44701881,3371596.112861719
8608340_3372705.tif,8609678.758103615,3371596.112861719
8608340_3372705.tif,8607003.462114241,3371366.8017768953
8608340_3372705.tif,8607309.210227313,3371366.8017768953
8608340_3372705.tif,8607614.958340384,3371366.8017768953
8608340_3372705.tif,8607920.706453454,3371366.8017768953
8608340_3372705.tif,8608226.454566527,3371366.8017768953
8608340_3372705.tif,8608532.202679597,3371366.8017768953
8608340_3372705.tif,8608837.950792668,3371366.8017768953
8608340_3372705.tif,8609143.69890574,3371366.8017768953
8608340_3372705.tif,8609449.44701881,3371366.8017768953
8608340_3372705.tif,8609678.758103615,3371366.8017768953
8611092_3328677.tif,8609755.19513212,3330014.3694799384
8611092_3328677.tif,8610060.943245191,3330014.3694799384
8611092_3328677.tif,8610366.691358263,3330014.3694799384
8611092_3328677.tif,8610672.439471334,3330014.3694799384
8611092_3328677.tif,8610978.187584406,3330014.3694799384
8611092_3328677.tif,8611283.935697477,3330014.3694799384
8611092_3328677.tif,8611589.683810547,3330014.3694799384
8611092_3328677.tif,8611895.43192362,3330014.3694799384
8611092_3328677.tif,8612201.18003669,3330014.3694799384
8611092_3328677.tif,8612430.491121493,3330014.3694799384
8611092_3328677.tif,8609755.19513212,3329708.6213668403
8611092_3328677.tif,8610060.943245191,3329708.6213668403
8611092_3328677.tif,8610366.691358263,3329708.6213668403
8611092_3328677.tif,8610672.439471334,3329708.6213668403
8611092_3328677.tif,8610978.187584406,3329708.6213668403
8611092_3328677.tif,8611283.935697477,3329708.6213668403
8611092_3328677.tif,8611589.683810547,3329708.6213668403
8611092_3328677.tif,8611895.43192362,3329708.6213668403
8611092_3328677.tif,8612201.18003669,3329708.6213668403
8611092_3328677.tif,8612430.491121493,3329708.6213668403
8611092_3328677.tif,8609755.19513212,3329402.8732537422
8611092_3328677.tif,8610060.943245191,3329402.8732537422
8611092_3328677.tif,8610366.691358263,3329402.8732537422
8611092_3328677.tif,8610672.439471334,3329402.8732537422
8611092_3328677.tif,8610978.187584406,3329402.8732537422
8611092_3328677.tif,8611283.935697477,3329402.8732537422
8611092_3328677.tif,8611589.683810547,3329402.8732537422
8611092_3328677.tif,8611895.43192362,3329402.8732537422
8611092_3328677.tif,8612201.18003669,3329402.8732537422
8611092_3328677.tif,8612430.491121493,3329402.8732537422
8611092_3328677.tif,8609755.19513212,3329097.1251406446
8611092_3328677.tif,8610060.943245191,3329097.1251406446
8611092_3328677.tif,8610366.691358263,3329097.1251406446
8611092_3328677.tif,8610672.439471334,3329097.1251406446
8611092_3328677.tif,8610978.187584406,3329097.1251406446
8611092_3328677.tif,8611283.935697477,3329097.1251406446
8611092_3328677.tif,8611589.683810547,3329097.1251406446
8611092_3328677.tif,8611895.43192362,3329097.1251406446
8611092_3328677.tif,8612201.18003669,3329097.1251406446
8611092_3328677.tif,8612430.491121493,3329097.1251406446
8611092_3328677.tif,8609755.19513212,3328791.377027547
8611092_3328677.tif,8610060.943245191,3328791.377027547
8611092_3328677.tif,8610366.691358263,3328791.377027547
8611092_3328677.tif,8610672.439471334,3328791.377027547
8611092_3328677.tif,8610978.187584406,3328791.377027547
8611092_3328677.tif,8611283.935697477,3328791.377027547
8611092_3328677.tif,8611589.683810547,3328791.377027547
8611092_3328677.tif,8611895.43192362,3328791.377027547
8611092_3328677.tif,8612201.18003669,3328791.377027547
8611092_3328677.tif,8612430.491121493,3328791.377027547
8611092_3328677.tif,8609755.19513212,3328485.628914449
8611092_3328677.tif,8610060.943245191,3328485.628914449
8611092_3328677.tif,8610366.691358263,3328485.628914449
8611092_3328677.tif,8610672.439471334,3328485.628914449
8611092_3328677.tif,8610978.187584406,3328485.628914449
8611092_3328677.tif,8611283.935697477,3328485.628914449
8611092_3328677.tif,8611589.683810547,3328485.628914449
8611092_3328677.tif,8611895.43192362,3328485.628914449
8611092_3328677.tif,8612201.18003669,3328485.628914449
8611092_3328677.tif,8612430.491121493,3328485.628914449
8611092_3328677.tif,8609755.19513212,3328179.880801351
8611092_3328677.tif,8610060.943245191,3328179.880801351
8611092_3328677.tif,8610366.691358263,3328179.880801351
8611092_3328677.tif,8610672.439471334,3328179.880801351
8611092_3328677.tif,8610978.187584406,3328179.880801351
8611092_3328677.tif,8611283.935697477,3328179.880801351
8611092_3328677.tif,8611589.683810547,3328179.880801351
8611092_3328677.tif,8611895.43192362,3328179.880801351
8611092_3328677.tif,8612201.18003669,3328179.880801351
8611092_3328677.tif,8612430.491121493,3328179.880801351
8611092_3328677.tif,8609755.19513212,3327874.132688253
8611092_3328677.tif,8610060.943245191,3327874.132688253
8611092_3328677.tif,8610366.691358263,3327874.132688253
8611092_3328677.tif,8610672.439471334,3327874.132688253
8611092_3328677.tif,8610978.187584406,3327874.132688253
8611092_3328677.tif,8611283.935697477,3327874.132688253
8611092_3328677.tif,8611589.683810547,3327874.132688253
8611092_3328677.tif,8611895.43192362,3327874.132688253
8611092_3328677.tif,8612201.18003669,3327874.132688253
8611092_3328677.tif,8612430.491121493,3327874.132688253
8611092_3328677.tif,8609755.19513212,3327568.3845751556
8611092_3328677.tif,8610060.943245191,3327568.3845751556
8611092_3328677.tif,8610366.691358263,3327568.3845751556
8611092_3328677.tif,8610672.439471334,3327568.3845751556
8611092_3328677.tif,8610978.187584406,3327568.3845751556
8611092_3328677.tif,8611283.935697477,3327568.3845751556
8611092_3328677.tif,8611589.683810547,3327568.3845751556
8611092_3328677.tif,8611895.43192362,3327568.3845751556
8611092_3328677.tif,8612201.18003669,3327568.3845751556
8611092_3328677.tif,8612430.491121493,3327568.3845751556
8611092_3328677.tif,8609755.19513212,3327339.073490332
8611092_3328677.tif,8610060.943245191,3327339.073490332
8611092_3328677.tif,8610366.691358263,3327339.073490332
8611092_3328677.tif,8610672.439471334,3327339.073490332
8611092_3328677.tif,8610978.187584406,3327339.073490332
8611092_3328677.tif,8611283.935697477,3327339.073490332
8611092_3328677.tif,8611589.683810547,3327339.073490332
8611092_3328677.tif,8611895.43192362,3327339.073490332
8611092_3328677.tif,8612201.18003669,3327339.073490332
8611092_3328677.tif,8612430.491121493,3327339.073490332
8611092_3331429.tif,8609755.19513212,3332766.102497818
8611092_3331429.tif,8610060.943245191,3332766.102497818
8611092_3331429.tif,8610366.691358263,3332766.102497818
8611092_3331429.tif,8610672.439471334,3332766.102497818
8611092_3331429.tif,8610978.187584406,3332766.102497818
8611092_3331429.tif,8611283.935697477,3332766.102497818
8611092_3331429.tif,8611589.683810547,3332766.102497818
8611092_3331429.tif,8611895.43192362,3332766.102497818
8611092_3331429.tif,8612201.18003669,3332766.102497818
8611092_3331429.tif,8612430.491121493,3332766.102497818
8611092_3331429.tif,8609755.19513212,3332460.3543847203
8611092_3331429.tif,8610060.943245191,3332460.3543847203
8611092_3331429.tif,8610366.691358263,3332460.3543847203
8611092_3331429.tif,8610672.439471334,3332460.3543847203
8611092_3331429.tif,8610978.187584406,3332460.3543847203
8611092_3331429.tif,8611283.935697477,3332460.3543847203
8611092_3331429.tif,8611589.683810547,3332460.3543847203
8611092_3331429.tif,8611895.43192362,3332460.3543847203
8611092_3331429.tif,8612201.18003669,3332460.3543847203
8611092_3331429.tif,8612430.491121493,3332460.3543847203
8611092_3331429.tif,8609755.19513212,3332154.6062716227
8611092_3331429.tif,8610060.943245191,3332154.6062716227
8611092_3331429.tif,8610366.691358263,3332154.6062716227
8611092_3331429.tif,8610672.439471334,3332154.6062716227
8611092_3331429.tif,8610978.187584406,3332154.6062716227
8611092_3331429.tif,8611283.935697477,3332154.6062716227
8611092_3331429.tif,8611589.683810547,3332154.6062716227
8611092_3331429.tif,8611895.43192362,3332154.6062716227
8611092_3331429.tif,8612201.18003669,3332154.6062716227
8611092_3331429.tif,8612430.491121493,3332154.6062716227
8611092_3331429.tif,8609755.19513212,3331848.858158524
8611092_3331429.tif,8610060.943245191,3331848.858158524
8611092_3331429.tif,8610366.691358263,3331848.858158524
8611092_3331429.tif,8610672.439471334,3331848.858158524
8611092_3331429.tif,8610978.187584406,3331848.858158524
8611092_3331429.tif,8611283.935697477,3331848.858158524
8611092_3331429.tif,8611589.683810547,3331848.858158524
8611092_3331429.tif,8611895.43192362,3331848.858158524
8611092_3331429.tif,8612201.18003669,3331848.858158524
8611092_3331429.tif,8612430.491121493,3331848.858158524
8611092_3331429.tif,8609755.19513212,3331543.1100454265
8611092_3331429.tif,8610060.943245191,3331543.1100454265
8611092_3331429.tif,8610366.691358263,3331543.1100454265
8611092_3331429.tif,8610672.439471334,3331543.1100454265
8611092_3331429.tif,8610978.187584406,3331543.1100454265
8611092_3331429.tif,8611283.935697477,3331543.1100454265
8611092_3331429.tif,8611589.683810547,3331543.1100454265
8611092_3331429.tif,8611895.43192362,3331543.1100454265
8611092_3331429.tif,8612201.18003669,3331543.1100454265
8611092_3331429.tif,8612430.491121493,3331543.1100454265
8611092_3331429.tif,8609755.19513212,3331237.361932329
8611092_3331429.tif,8610060.943245191,3331237.361932329
8611092_3331429.tif,8610366.691358263,3331237.361932329
8611092_3331429.tif,8610672.439471334,3331237.361932329
8611092_3331429.tif,8610978.187584406,3331237.361932329
8611092_3331429.tif,8611283.935697477,3331237.361932329
8611092_3331429.tif,8611589.683810547,3331237.361932329
8611092_3331429.tif,8611895.43192362,3331237.361932329
8611092_3331429.tif,8612201.18003669,3331237.361932329
8611092_3331429.tif,8612430.491121493,3331237.361932329
8611092_3331429.tif,8609755.19513212,3330931.6138192303
8611092_3331429.tif,8610060.943245191,3330931.6138192303
8611092_3331429.tif,8610366.691358263,3330931.6138192303
8611092_3331429.tif,8610672.439471334,3330931.6138192303
8611092_3331429.tif,8610978.187584406,3330931.6138192303
8611092_3331429.tif,8611283.935697477,3330931.6138192303
8611092_3331429.tif,8611589.683810547,3330931.6138192303
8611092_3331429.tif,8611895.43192362,3330931.6138192303
8611092_3331429.tif,8612201.18003669,3330931.6138192303
8611092_3331429.tif,8612430.491121493,3330931.6138192303
8611092_3331429.tif,8609755.19513212,3330625.8657061327
8611092_3331429.tif,8610060.943245191,3330625.8657061327
8611092_3331429.tif,8610366.691358263,3330625.8657061327
8611092_3331429.tif,8610672.439471334,3330625.8657061327
8611092_3331429.tif,8610978.187584406,3330625.8657061327
8611092_3331429.tif,8611283.935697477,3330625.8657061327
8611092_3331429.tif,8611589.683810547,3330625.8657061327
8611092_3331429.tif,8611895.43192362,3330625.8657061327
8611092_3331429.tif,8612201.18003669,3330625.8657061327
8611092_3331429.tif,8612430.491121493,3330625.8657061327
8611092_3331429.tif,8609755.19513212,3330320.117593035
8611092_3331429.tif,8610060.943245191,3330320.117593035
8611092_3331429.tif,8610366.691358263,3330320.117593035
8611092_3331429.tif,8610672.439471334,3330320.117593035
8611092_3331429.tif,8610978.187584406,3330320.117593035
8611092_3331429.tif,8611283.935697477,3330320.117593035
8611092_3331429.tif,8611589.683810547,3330320.117593035
8611092_3331429.tif,8611895.43192362,3330320.117593035
8611092_3331429.tif,8612201.18003669,3330320.117593035
8611092_3331429.tif,8612430.491121493,3330320.117593035
8611092_3331429.tif,8609755.19513212,3330090.8065082114
8611092_3331429.tif,8610060.943245191,3330090.8065082114
8611092_3331429.tif,8610366.691358263,3330090.8065082114
8611092_3331429.tif,8610672.439471334,3330090.8065082114
8611092_3331429.tif,8610978.187584406,3330090.8065082114
8611092_3331429.tif,8611283.935697477,3330090.8065082114
8611092_3331429.tif,8611589.683810547,3330090.8065082114
8611092_3331429.tif,8611895.43192362,3330090.8065082114
8611092_3331429.tif,8612201.18003669,3330090.8065082114
8611092_3331429.tif,8612430.491121493,3330090.8065082114
8611092_3334180.tif,8609755.19513212,3335517.8355157003
8611092_3334180.tif,8610060.943245191,3335517.8355157003
8611092_3334180.tif,8610366.691358263,3335517.8355157003
8611092_3334180.tif,8610672.439471334,3335517.8355157003
8611092_3334180.tif,8610978.187584406,3335517.8355157003
8611092_3334180.tif,8611283.935697477,3335517.8355157003
8611092_3334180.tif,8611589.683810547,3335517.8355157003
8611092_3334180.tif,8611895.43192362,3335517.8355157003
8611092_3334180.tif,8612201.18003669,3335517.8355157003
8611092_3334180.tif,8612430.491121493,3335517.8355157003
8611092_3334180.tif,8609755.19513212,3335212.0874026027
8611092_3334180.tif,8610060.943245191,3335212.0874026027
8611092_3334180.tif,8610366.691358263,3335212.0874026027
8611092_3334180.tif,8610672.439471334,3335212.0874026027
8611092_3334180.tif,8610978.187584406,3335212.0874026027
8611092_3334180.tif,8611283.935697477,3335212.0874026027
8611092_3334180.tif,8611589.683810547,3335212.0874026027
8611092_3334180.tif,8611895.43192362,3335212.0874026027
8611092_3334180.tif,8612201.18003669,3335212.0874026027
8611092_3334180.tif,8612430.491121493,3335212.0874026027
8611092_3334180.tif,8609755.19513212,3334906.339289505
8611092_3334180.tif,8610060.943245191,3334906.339289505
8611092_3334180.tif,8610366.691358263,3334906.339289505
8611092_3334180.tif,8610672.439471334,3334906.339289505
8611092_3334180.tif,8610978.187584406,3334906.339289505
8611092_3334180.tif,8611283.935697477,3334906.339289505
8611092_3334180.tif,8611589.683810547,3334906.339289505
8611092_3334180.tif,8611895.43192362,3334906.339289505
8611092_3334180.tif,8612201.18003669,3334906.339289505
8611092_3334180.tif,8612430.491121493,3334906.339289505
8611092_3334180.tif,8609755.19513212,3334600.591176407
8611092_3334180.tif,8610060.943245191,3334600.591176407
8611092_3334180.tif,8610366.691358263,3334600.591176407
8611092_3334180.tif,8610672.439471334,3334600.591176407
8611092_3334180.tif,8610978.187584406,3334600.591176407
8611092_3334180.tif,8611283.935697477,3334600.591176407
8611092_3334180.tif,8611589.683810547,3334600.591176407
8611092_3334180.tif,8611895.43192362,3334600.591176407
8611092_3334180.tif,8612201.18003669,3334600.591176407
8611092_3334180.tif,8612430.491121493,3334600.591176407
8611092_3334180.tif,8609755.19513212,3334294.843063309
8611092_3334180.tif,8610060.943245191,3334294.843063309
8611092_3334180.tif,8610366.691358263,3334294.843063309
8611092_3334180.tif,8610672.439471334,3334294.843063309
8611092_3334180.tif,8610978.187584406,3334294.843063309
8611092_3334180.tif,8611283.935697477,3334294.843063309
8611092_3334180.tif,8611589.683810547,3334294.843063309
8611092_3334180.tif,8611895.43192362,3334294.843063309
8611092_3334180.tif,8612201.18003669,3334294.843063309
8611092_3334180.tif,8612430.491121493,3334294.843063309
8611092_3334180.tif,8609755.19513212,3333989.0949502112
8611092_3334180.tif,8610060.943245191,3333989.0949502112
8611092_3334180.tif,8610366.691358263,3333989.0949502112
8611092_3334180.tif,8610672.439471334,3333989.0949502112
8611092_3334180.tif,8610978.187584406,3333989.0949502112
8611092_3334180.tif,8611283.935697477,3333989.0949502112
8611092_3334180.tif,8611589.683810547,3333989.0949502112
8611092_3334180.tif,8611895.43192362,3333989.0949502112
8611092_3334180.tif,8612201.18003669,3333989.0949502112
8611092_3334180.tif,8612430.491121493,3333989.0949502112
8611092_3334180.tif,8609755.19513212,3333683.3468371136
8611092_3334180.tif,8610060.943245191,3333683.3468371136
8611092_3334180.tif,8610366.691358263,3333683.3468371136
8611092_3334180.tif,8610672.439471334,3333683.3468371136
8611092_3334180.tif,8610978.187584406,3333683.3468371136
8611092_3334180.tif,8611283.935697477,3333683.3468371136
8611092_3334180.tif,8611589.683810547,3333683.3468371136
8611092_3334180.tif,8611895.43192362,3333683.3468371136
8611092_3334180.tif,8612201.18003669,3333683.3468371136
8611092_3334180.tif,8612430.491121493,3333683.3468371136
8611092_3334180.tif,8609755.19513212,3333377.5987240155
8611092_3334180.tif,8610060.943245191,3333377.5987240155
8611092_3334180.tif,8610366.691358263,3333377.5987240155
8611092_3334180.tif,8610672.439471334,3333377.5987240155
8611092_3334180.tif,8610978.187584406,3333377.5987240155
8611092_3334180.tif,8611283.935697477,3333377.5987240155
8611092_3334180.tif,8611589.683810547,3333377.5987240155
8611092_3334180.tif,8611895.43192362,3333377.5987240155
8611092_3334180.tif,8612201.18003669,3333377.5987240155
8611092_3334180.tif,8612430.491121493,3333377.5987240155
8611092_3334180.tif,8609755.19513212,3333071.8506109174
8611092_3334180.tif,8610060.943245191,3333071.8506109174
8611092_3334180.tif,8610366.691358263,3333071.8506109174
8611092_3334180.tif,8610672.439471334,3333071.8506109174
8611092_3334180.tif,8610978.187584406,3333071.8506109174
8611092_3334180.tif,8611283.935697477,3333071.8506109174
8611092_3334180.tif,8611589.683810547,3333071.8506109174
8611092_3334180.tif,8611895.43192362,3333071.8506109174
8611092_3334180.tif,8612201.18003669,3333071.8506109174
8611092_3334180.tif,8612430.491121493,3333071.8506109174
8611092_3334180.tif,8609755.19513212,3332842.539526094
8611092_3334180.tif,8610060.943245191,3332842.539526094
8611092_3334180.tif,8610366.691358263,3332842.539526094
8611092_3334180.tif,8610672.439471334,3332842.539526094
8611092_3334180.tif,8610978.187584406,3332842.539526094
8611092_3334180.tif,8611283.935697477,3332842.539526094
8611092_3334180.tif,8611589.683810547,3332842.539526094
8611092_3334180.tif,8611895.43192362,3332842.539526094
8611092_3334180.tif,8612201.18003669,3332842.539526094
8611092_3334180.tif,8612430.491121493,3332842.539526094
8611092_3336932.tif,8609755.19513212,3338269.568533582
8611092_3336932.tif,8610060.943245191,3338269.568533582
8611092_3336932.tif,8610366.691358263,3338269.568533582
8611092_3336932.tif,8610672.439471334,3338269.568533582
8611092_3336932.tif,8610978.187584406,3338269.568533582
8611092_3336932.tif,8611283.935697477,3338269.568533582
8611092_3336932.tif,8611589.683810547,3338269.568533582
8611092_3336932.tif,8611895.43192362,3338269.568533582
8611092_3336932.tif,8612201.18003669,3338269.568533582
8611092_3336932.tif,8612430.491121493,3338269.568533582
8611092_3336932.tif,8609755.19513212,3337963.820420484
8611092_3336932.tif,8610060.943245191,3337963.820420484
8611092_3336932.tif,8610366.691358263,3337963.820420484
8611092_3336932.tif,8610672.439471334,3337963.820420484
8611092_3336932.tif,8610978.187584406,3337963.820420484
8611092_3336932.tif,8611283.935697477,3337963.820420484
8611092_3336932.tif,8611589.683810547,3337963.820420484
8611092_3336932.tif,8611895.43192362,3337963.820420484
8611092_3336932.tif,8612201.18003669,3337963.820420484
8611092_3336932.tif,8612430.491121493,3337963.820420484
8611092_3336932.tif,8609755.19513212,3337658.072307386
8611092_3336932.tif,8610060.943245191,3337658.072307386
8611092_3336932.tif,8610366.691358263,3337658.072307386
8611092_3336932.tif,8610672.439471334,3337658.072307386
8611092_3336932.tif,8610978.187584406,3337658.072307386
8611092_3336932.tif,8611283.935697477,3337658.072307386
8611092_3336932.tif,8611589.683810547,3337658.072307386
8611092_3336932.tif,8611895.43192362,3337658.072307386
8611092_3336932.tif,8612201.18003669,3337658.072307386
8611092_3336932.tif,8612430.491121493,3337658.072307386
8611092_3336932.tif,8609755.19513212,3337352.3241942874
8611092_3336932.tif,8610060.943245191,3337352.3241942874
8611092_3336932.tif,8610366.691358263,3337352.3241942874
8611092_3336932.tif,8610672.439471334,3337352.3241942874
8611092_3336932.tif,8610978.187584406,3337352.3241942874
8611092_3336932.tif,8611283.935697477,3337352.3241942874
8611092_3336932.tif,8611589.683810547,3337352.3241942874
8611092_3336932.tif,8611895.43192362,3337352.3241942874
8611092_3336932.tif,8612201.18003669,3337352.3241942874
8611092_3336932.tif,8612430.491121493,3337352.3241942874
8611092_3336932.tif,8609755.19513212,3337046.5760811893
8611092_3336932.tif,8610060.943245191,3337046.5760811893
8611092_3336932.tif,8610366.691358263,3337046.5760811893
8611092_3336932.tif,8610672.439471334,3337046.5760811893
8611092_3336932.tif,8610978.187584406,3337046.5760811893
8611092_3336932.tif,8611283.935697477,3337046.5760811893
8611092_3336932.tif,8611589.683810547,3337046.5760811893
8611092_3336932.tif,8611895.43192362,3337046.5760811893
8611092_3336932.tif,8612201.18003669,3337046.5760811893
8611092_3336932.tif,8612430.491121493,3337046.5760811893
8611092_3336932.tif,8609755.19513212,3336740.8279680912
8611092_3336932.tif,8610060.943245191,3336740.8279680912
8611092_3336932.tif,8610366.691358263,3336740.8279680912
8611092_3336932.tif,8610672.439471334,3336740.8279680912
8611092_3336932.tif,8610978.187584406,3336740.8279680912
8611092_3336932.tif,8611283.935697477,3336740.8279680912
8611092_3336932.tif,8611589.683810547,3336740.8279680912
8611092_3336932.tif,8611895.43192362,3336740.8279680912
8611092_3336932.tif,8612201.18003669,3336740.8279680912
8611092_3336932.tif,8612430.491121493,3336740.8279680912
8611092_3336932.tif,8609755.19513212,3336435.079854993
8611092_3336932.tif,8610060.943245191,3336435.079854993
8611092_3336932.tif,8610366.691358263,3336435.079854993
8611092_3336932.tif,8610672.439471334,3336435.079854993
8611092_3336932.tif,8610978.187584406,3336435.079854993
8611092_3336932.tif,8611283.935697477,3336435.079854993
8611092_3336932.tif,8611589.683810547,3336435.079854993
8611092_3336932.tif,8611895.43192362,3336435.079854993
8611092_3336932.tif,8612201.18003669,3336435.079854993
8611092_3336932.tif,8612430.491121493,3336435.079854993
8611092_3336932.tif,8609755.19513212,3336129.331741895
8611092_3336932.tif,8610060.943245191,3336129.331741895
8611092_3336932.tif,8610366.691358263,3336129.331741895
8611092_3336932.tif,8610672.439471334,3336129.331741895
8611092_3336932.tif,8610978.187584406,3336129.331741895
8611092_3336932.tif,8611283.935697477,3336129.331741895
8611092_3336932.tif,8611589.683810547,3336129.331741895
8611092_3336932.tif,8611895.43192362,3336129.331741895
8611092_3336932.tif,8612201.18003669,3336129.331741895
8611092_3336932.tif,8612430.491121493,3336129.331741895
8611092_3336932.tif,8609755.19513212,3335823.5836287965
8611092_3336932.tif,8610060.943245191,3335823.5836287965
8611092_3336932.tif,8610366.691358263,3335823.5836287965
8611092_3336932.tif,8610672.439471334,3335823.5836287965
8611092_3336932.tif,8610978.187584406,3335823.5836287965
8611092_3336932.tif,8611283.935697477,3335823.5836287965
8611092_3336932.tif,8611589.683810547,3335823.5836287965
8611092_3336932.tif,8611895.43192362,3335823.5836287965
8611092_3336932.tif,8612201.18003669,3335823.5836287965
8611092_3336932.tif,8612430.491121493,3335823.5836287965
8611092_3336932.tif,8609755.19513212,3335594.272543973
8611092_3336932.tif,8610060.943245191,3335594.272543973
8611092_3336932.tif,8610366.691358263,3335594.272543973
8611092_3336932.tif,8610672.439471334,3335594.272543973
8611092_3336932.tif,8610978.187584406,3335594.272543973
8611092_3336932.tif,8611283.935697477,3335594.272543973
8611092_3336932.tif,8611589.683810547,3335594.272543973
8611092_3336932.tif,8611895.43192362,3335594.272543973
8611092_3336932.tif,8612201.18003669,3335594.272543973
8611092_3336932.tif,8612430.491121493,3335594.272543973
8611092_3339684.tif,8609755.19513212,3341021.301551464
8611092_3339684.tif,8610060.943245191,3341021.301551464
8611092_3339684.tif,8610366.691358263,3341021.301551464
8611092_3339684.tif,8610672.439471334,3341021.301551464
8611092_3339684.tif,8610978.187584406,3341021.301551464
8611092_3339684.tif,8611283.935697477,3341021.301551464
8611092_3339684.tif,8611589.683810547,3341021.301551464
8611092_3339684.tif,8611895.43192362,3341021.301551464
8611092_3339684.tif,8612201.18003669,3341021.301551464
8611092_3339684.tif,8612430.491121493,3341021.301551464
8611092_3339684.tif,8609755.19513212,3340715.5534383664
8611092_3339684.tif,8610060.943245191,3340715.5534383664
8611092_3339684.tif,8610366.691358263,3340715.5534383664
8611092_3339684.tif,8610672.439471334,3340715.5534383664
8611092_3339684.tif,8610978.187584406,3340715.5534383664
8611092_3339684.tif,8611283.935697477,3340715.5534383664
8611092_3339684.tif,8611589.683810547,3340715.5534383664
8611092_3339684.tif,8611895.43192362,3340715.5534383664
8611092_3339684.tif,8612201.18003669,3340715.5534383664
8611092_3339684.tif,8612430.491121493,3340715.5534383664
8611092_3339684.tif,8609755.19513212,3340409.805325268
8611092_3339684.tif,8610060.943245191,3340409.805325268
8611092_3339684.tif,8610366.691358263,3340409.805325268
8611092_3339684.tif,8610672.439471334,3340409.805325268
8611092_3339684.tif,8610978.187584406,3340409.805325268
8611092_3339684.tif,8611283.935697477,3340409.805325268
8611092_3339684.tif,8611589.683810547,3340409.805325268
8611092_3339684.tif,8611895.43192362,3340409.805325268
8611092_3339684.tif,8612201.18003669,3340409.805325268
8611092_3339684.tif,8612430.491121493,3340409.805325268
8611092_3339684.tif,8609755.19513212,3340104.05721217
8611092_3339684.tif,8610060.943245191,3340104.05721217
8611092_3339684.tif,8610366.691358263,3340104.05721217
8611092_3339684.tif,8610672.439471334,3340104.05721217
8611092_3339684.tif,8610978.187584406,3340104.05721217
8611092_3339684.tif,8611283.935697477,3340104.05721217
8611092_3339684.tif,8611589.683810547,3340104.05721217
8611092_3339684.tif,8611895.43192362,3340104.05721217
8611092_3339684.tif,8612201.18003669,3340104.05721217
8611092_3339684.tif,8612430.491121493,3340104.05721217
8611092_3339684.tif,8609755.19513212,3339798.3090990726
8611092_3339684.tif,8610060.943245191,3339798.3090990726
8611092_3339684.tif,8610366.691358263,3339798.3090990726
8611092_3339684.tif,8610672.439471334,3339798.3090990726
8611092_3339684.tif,8610978.187584406,3339798.3090990726
8611092_3339684.tif,8611283.935697477,3339798.3090990726
8611092_3339684.tif,8611589.683810547,3339798.3090990726
8611092_3339684.tif,8611895.43192362,3339798.3090990726
8611092_3339684.tif,8612201.18003669,3339798.3090990726
8611092_3339684.tif,8612430.491121493,3339798.3090990726
8611092_3339684.tif,8609755.19513212,3339492.560985975
8611092_3339684.tif,8610060.943245191,3339492.560985975
8611092_3339684.tif,8610366.691358263,3339492.560985975
8611092_3339684.tif,8610672.439471334,3339492.560985975
8611092_3339684.tif,8610978.187584406,3339492.560985975
8611092_3339684.tif,8611283.935697477,3339492.560985975
8611092_3339684.tif,8611589.683810547,3339492.560985975
8611092_3339684.tif,8611895.43192362,3339492.560985975
8611092_3339684.tif,8612201.18003669,3339492.560985975
8611092_3339684.tif,8612430.491121493,3339492.560985975
8611092_3339684.tif,8609755.19513212,3339186.8128728773
8611092_3339684.tif,8610060.943245191,3339186.8128728773
8611092_3339684.tif,8610366.691358263,3339186.8128728773
8611092_3339684.tif,8610672.439471334,3339186.8128728773
8611092_3339684.tif,8610978.187584406,3339186.8128728773
8611092_3339684.tif,8611283.935697477,3339186.8128728773
8611092_3339684.tif,8611589.683810547,3339186.8128728773
8611092_3339684.tif,8611895.43192362,3339186.8128728773
8611092_3339684.tif,8612201.18003669,3339186.8128728773
8611092_3339684.tif,8612430.491121493,3339186.8128728773
8611092_3339684.tif,8609755.19513212,3338881.064759779
8611092_3339684.tif,8610060.943245191,3338881.064759779
8611092_3339684.tif,8610366.691358263,3338881.064759779
8611092_3339684.tif,8610672.439471334,3338881.064759779
8611092_3339684.tif,8610978.187584406,3338881.064759779
8611092_3339684.tif,8611283.935697477,3338881.064759779
8611092_3339684.tif,8611589.683810547,3338881.064759779
8611092_3339684.tif,8611895.43192362,3338881.064759779
8611092_3339684.tif,8612201.18003669,3338881.064759779
8611092_3339684.tif,8612430.491121493,3338881.064759779
8611092_3339684.tif,8609755.19513212,3338575.316646681
8611092_3339684.tif,8610060.943245191,3338575.316646681
8611092_3339684.tif,8610366.691358263,3338575.316646681
8611092_3339684.tif,8610672.439471334,3338575.316646681
8611092_3339684.tif,8610978.187584406,3338575.316646681
8611092_3339684.tif,8611283.935697477,3338575.316646681
8611092_3339684.tif,8611589.683810547,3338575.316646681
8611092_3339684.tif,8611895.43192362,3338575.316646681
8611092_3339684.tif,8612201.18003669,3338575.316646681
8611092_3339684.tif,8612430.491121493,3338575.316646681
8611092_3339684.tif,8609755.19513212,3338346.005561858
8611092_3339684.tif,8610060.943245191,3338346.005561858
8611092_3339684.tif,8610366.691358263,3338346.005561858
8611092_3339684.tif,8610672.439471334,3338346.005561858
8611092_3339684.tif,8610978.187584406,3338346.005561858
8611092_3339684.tif,8611283.935697477,3338346.005561858
8611092_3339684.tif,8611589.683810547,3338346.005561858
8611092_3339684.tif,8611895.43192362,3338346.005561858
8611092_3339684.tif,8612201.18003669,3338346.005561858
8611092_3339684.tif,8612430.491121493,3338346.005561858
8611092_3342435.tif,8609755.19513212,3343773.0345693445
8611092_3342435.tif,8610060.943245191,3343773.0345693445
8611092_3342435.tif,8610366.691358263,3343773.0345693445
8611092_3342435.tif,8610672.439471334,3343773.0345693445
8611092_3342435.tif,8610978.187584406,3343773.0345693445
8611092_3342435.tif,8611283.935697477,3343773.0345693445
8611092_3342435.tif,8611589.683810547,3343773.0345693445
8611092_3342435.tif,8611895.43192362,3343773.0345693445
8611092_3342435.tif,8612201.18003669,3343773.0345693445
8611092_3342435.tif,8612430.491121493,3343773.0345693445
8611092_3342435.tif,8609755.19513212,3343467.286456247
8611092_3342435.tif,8610060.943245191,3343467.286456247
8611092_3342435.tif,8610366.691358263,3343467.286456247
8611092_3342435.tif,8610672.439471334,3343467.286456247
8611092_3342435.tif,8610978.187584406,3343467.286456247
8611092_3342435.tif,8611283.935697477,3343467.286456247
8611092_3342435.tif,8611589.683810547,3343467.286456247
8611092_3342435.tif,8611895.43192362,3343467.286456247
8611092_3342435.tif,8612201.18003669,3343467.286456247
8611092_3342435.tif,8612430.491121493,3343467.286456247
8611092_3342435.tif,8609755.19513212,3343161.5383431483
8611092_3342435.tif,8610060.943245191,3343161.5383431483
8611092_3342435.tif,8610366.691358263,3343161.5383431483
8611092_3342435.tif,8610672.439471334,3343161.5383431483
8611092_3342435.tif,8610978.187584406,3343161.5383431483
8611092_3342435.tif,8611283.935697477,3343161.5383431483
8611092_3342435.tif,8611589.683810547,3343161.5383431483
8611092_3342435.tif,8611895.43192362,3343161.5383431483
8611092_3342435.tif,8612201.18003669,3343161.5383431483
8611092_3342435.tif,8612430.491121493,3343161.5383431483
8611092_3342435.tif,8609755.19513212,3342855.7902300507
8611092_3342435.tif,8610060.943245191,3342855.7902300507
8611092_3342435.tif,8610366.691358263,3342855.7902300507
8611092_3342435.tif,8610672.439471334,3342855.7902300507
8611092_3342435.tif,8610978.187584406,3342855.7902300507
8611092_3342435.tif,8611283.935697477,3342855.7902300507
8611092_3342435.tif,8611589.683810547,3342855.7902300507
8611092_3342435.tif,8611895.43192362,3342855.7902300507
8611092_3342435.tif,8612201.18003669,3342855.7902300507
8611092_3342435.tif,8612430.491121493,3342855.7902300507
8611092_3342435.tif,8609755.19513212,3342550.0421169526
8611092_3342435.tif,8610060.943245191,3342550.0421169526
8611092_3342435.tif,8610366.691358263,3342550.0421169526
8611092_3342435.tif,8610672.439471334,3342550.0421169526
8611092_3342435.tif,8610978.187584406,3342550.0421169526
8611092_3342435.tif,8611283.935697477,3342550.0421169526
8611092_3342435.tif,8611589.683810547,3342550.0421169526
8611092_3342435.tif,8611895.43192362,3342550.0421169526
8611092_3342435.tif,8612201.18003669,3342550.0421169526
8611092_3342435.tif,8612430.491121493,3342550.0421169526
8611092_3342435.tif,8609755.19513212,3342244.2940038545
8611092_3342435.tif,8610060.943245191,3342244.2940038545
8611092_3342435.tif,8610366.691358263,3342244.2940038545
8611092_3342435.tif,8610672.439471334,3342244.2940038545
8611092_3342435.tif,8610978.187584406,3342244.2940038545
8611092_3342435.tif,8611283.935697477,3342244.2940038545
8611092_3342435.tif,8611589.683810547,3342244.2940038545
8611092_3342435.tif,8611895.43192362,3342244.2940038545
8611092_3342435.tif,8612201.18003669,3342244.2940038545
8611092_3342435.tif,8612430.491121493,3342244.2940038545
8611092_3342435.tif,8609755.19513212,3341938.545890757
8611092_3342435.tif,8610060.943245191,3341938.545890757
8611092_3342435.tif,8610366.691358263,3341938.545890757
8611092_3342435.tif,8610672.439471334,3341938.545890757
8611092_3342435.tif,8610978.187584406,3341938.545890757
8611092_3342435.tif,8611283.935697477,3341938.545890757
8611092_3342435.tif,8611589.683810547,3341938.545890757
8611092_3342435.tif,8611895.43192362,3341938.545890757
8611092_3342435.tif,8612201.18003669,3341938.545890757
8611092_3342435.tif,8612430.491121493,3341938.545890757
8611092_3342435.tif,8609755.19513212,3341632.7977776583
8611092_3342435.tif,8610060.943245191,3341632.7977776583
8611092_3342435.tif,8610366.691358263,3341632.7977776583
8611092_3342435.tif,8610672.439471334,3341632.7977776583
8611092_3342435.tif,8610978.187584406,3341632.7977776583
8611092_3342435.tif,8611283.935697477,3341632.7977776583
8611092_3342435.tif,8611589.683810547,3341632.7977776583
8611092_3342435.tif,8611895.43192362,3341632.7977776583
8611092_3342435.tif,8612201.18003669,3341632.7977776583
8611092_3342435.tif,8612430.491121493,3341632.7977776583
8611092_3342435.tif,8609755.19513212,3341327.0496645607
8611092_3342435.tif,8610060.943245191,3341327.0496645607
8611092_3342435.tif,8610366.691358263,3341327.0496645607
8611092_3342435.tif,8610672.439471334,3341327.0496645607
8611092_3342435.tif,8610978.187584406,3341327.0496645607
8611092_3342435.tif,8611283.935697477,3341327.0496645607
8611092_3342435.tif,8611589.683810547,3341327.0496645607
8611092_3342435.tif,8611895.43192362,3341327.0496645607
8611092_3342435.tif,8612201.18003669,3341327.0496645607
8611092_3342435.tif,8612430.491121493,3341327.0496645607
8611092_3342435.tif,8609755.19513212,3341097.738579737
8611092_3342435.tif,8610060.943245191,3341097.738579737
8611092_3342435.tif,8610366.691358263,3341097.738579737
8611092_3342435.tif,8610672.439471334,3341097.738579737
8611092_3342435.tif,8610978.187584406,3341097.738579737
8611092_3342435.tif,8611283.935697477,3341097.738579737
8611092_3342435.tif,8611589.683810547,3341097.738579737
8611092_3342435.tif,8611895.43192362,3341097.738579737
8611092_3342435.tif,8612201.18003669,3341097.738579737
8611092_3342435.tif,8612430.491121493,3341097.738579737
8611092_3345187.tif,8609755.19513212,3346524.767587914
8611092_3345187.tif,8610060.943245191,3346524.767587914
8611092_3345187.tif,8610366.691358263,3346524.767587914
8611092_3345187.tif,8610672.439471334,3346524.767587914
8611092_3345187.tif,8610978.187584406,3346524.767587914
8611092_3345187.tif,8611283.935697477,3346524.767587914
8611092_3345187.tif,8611589.683810547,3346524.767587914
8611092_3345187.tif,8611895.43192362,3346524.767587914
8611092_3345187.tif,8612201.18003669,3346524.767587914
8611092_3345187.tif,8612430.491121493,3346524.767587914
8611092_3345187.tif,8609755.19513212,3346219.0194747425
8611092_3345187.tif,8610060.943245191,3346219.0194747425
8611092_3345187.tif,8610366.691358263,3346219.0194747425
8611092_3345187.tif,8610672.439471334,3346219.0194747425
8611092_3345187.tif,8610978.187584406,3346219.0194747425
8611092_3345187.tif,8611283.935697477,3346219.0194747425
8611092_3345187.tif,8611589.683810547,3346219.0194747425
8611092_3345187.tif,8611895.43192362,3346219.0194747425
8611092_3345187.tif,8612201.18003669,3346219.0194747425
8611092_3345187.tif,8612430.491121493,3346219.0194747425
8611092_3345187.tif,8609755.19513212,3345913.271361571
8611092_3345187.tif,8610060.943245191,3345913.271361571
8611092_3345187.tif,8610366.691358263,3345913.271361571
8611092_3345187.tif,8610672.439471334,3345913.271361571
8611092_3345187.tif,8610978.187584406,3345913.271361571
8611092_3345187.tif,8611283.935697477,3345913.271361571
8611092_3345187.tif,8611589.683810547,3345913.271361571
8611092_3345187.tif,8611895.43192362,3345913.271361571
8611092_3345187.tif,8612201.18003669,3345913.271361571
8611092_3345187.tif,8612430.491121493,3345913.271361571
8611092_3345187.tif,8609755.19513212,3345607.5232483996
8611092_3345187.tif,8610060.943245191,3345607.5232483996
8611092_3345187.tif,8610366.691358263,3345607.5232483996
8611092_3345187.tif,8610672.439471334,3345607.5232483996
8611092_3345187.tif,8610978.187584406,3345607.5232483996
8611092_3345187.tif,8611283.935697477,3345607.5232483996
8611092_3345187.tif,8611589.683810547,3345607.5232483996
8611092_3345187.tif,8611895.43192362,3345607.5232483996
8611092_3345187.tif,8612201.18003669,3345607.5232483996
8611092_3345187.tif,8612430.491121493,3345607.5232483996
8611092_3345187.tif,8609755.19513212,3345301.7751352284
8611092_3345187.tif,8610060.943245191,3345301.7751352284
8611092_3345187.tif,8610366.691358263,3345301.7751352284
8611092_3345187.tif,8610672.439471334,3345301.7751352284
8611092_3345187.tif,8610978.187584406,3345301.7751352284
8611092_3345187.tif,8611283.935697477,3345301.7751352284
8611092_3345187.tif,8611589.683810547,3345301.7751352284
8611092_3345187.tif,8611895.43192362,3345301.7751352284
8611092_3345187.tif,8612201.18003669,3345301.7751352284
8611092_3345187.tif,8612430.491121493,3345301.7751352284
8611092_3345187.tif,8609755.19513212,3344996.027022057
8611092_3345187.tif,8610060.943245191,3344996.027022057
8611092_3345187.tif,8610366.691358263,3344996.027022057
8611092_3345187.tif,8610672.439471334,3344996.027022057
8611092_3345187.tif,8610978.187584406,3344996.027022057
8611092_3345187.tif,8611283.935697477,3344996.027022057
8611092_3345187.tif,8611589.683810547,3344996.027022057
8611092_3345187.tif,8611895.43192362,3344996.027022057
8611092_3345187.tif,8612201.18003669,3344996.027022057
8611092_3345187.tif,8612430.491121493,3344996.027022057
8611092_3345187.tif,8609755.19513212,3344690.2789088855
8611092_3345187.tif,8610060.943245191,3344690.2789088855
8611092_3345187.tif,8610366.691358263,3344690.2789088855
8611092_3345187.tif,8610672.439471334,3344690.2789088855
8611092_3345187.tif,8610978.187584406,3344690.2789088855
8611092_3345187.tif,8611283.935697477,3344690.2789088855
8611092_3345187.tif,8611589.683810547,3344690.2789088855
8611092_3345187.tif,8611895.43192362,3344690.2789088855
8611092_3345187.tif,8612201.18003669,3344690.2789088855
8611092_3345187.tif,8612430.491121493,3344690.2789088855
8611092_3345187.tif,8609755.19513212,3344384.530795714
8611092_3345187.tif,8610060.943245191,3344384.530795714
8611092_3345187.tif,8610366.691358263,3344384.530795714
8611092_3345187.tif,8610672.439471334,3344384.530795714
8611092_3345187.tif,8610978.187584406,3344384.530795714
8611092_3345187.tif,8611283.935697477,3344384.530795714
8611092_3345187.tif,8611589.683810547,3344384.530795714
8611092_3345187.tif,8611895.43192362,3344384.530795714
8611092_3345187.tif,8612201.18003669,3344384.530795714
8611092_3345187.tif,8612430.491121493,3344384.530795714
8611092_3345187.tif,8609755.19513212,3344078.7826825427
8611092_3345187.tif,8610060.943245191,3344078.7826825427
8611092_3345187.tif,8610366.691358263,3344078.7826825427
8611092_3345187.tif,8610672.439471334,3344078.7826825427
8611092_3345187.tif,8610978.187584406,3344078.7826825427
8611092_3345187.tif,8611283.935697477,3344078.7826825427
8611092_3345187.tif,8611589.683810547,3344078.7826825427
8611092_3345187.tif,8611895.43192362,3344078.7826825427
8611092_3345187.tif,8612201.18003669,3344078.7826825427
8611092_3345187.tif,8612430.491121493,3344078.7826825427
8611092_3345187.tif,8609755.19513212,3343849.471597664
8611092_3345187.tif,8610060.943245191,3343849.471597664
8611092_3345187.tif,8610366.691358263,3343849.471597664
8611092_3345187.tif,8610672.439471334,3343849.471597664
8611092_3345187.tif,8610978.187584406,3343849.471597664
8611092_3345187.tif,8611283.935697477,3343849.471597664
8611092_3345187.tif,8611589.683810547,3343849.471597664
8611092_3345187.tif,8611895.43192362,3343849.471597664
8611092_3345187.tif,8612201.18003669,3343849.471597664
8611092_3345187.tif,8612430.491121493,3343849.471597664
8611092_3347939.tif,8609755.19513212,3349276.500605842
8611092_3347939.tif,8610060.943245191,3349276.500605842
8611092_3347939.tif,8610366.691358263,3349276.500605842
8611092_3347939.tif,8610672.439471334,3349276.500605842
8611092_3347939.tif,8610978.187584406,3349276.500605842
8611092_3347939.tif,8611283.935697477,3349276.500605842
8611092_3347939.tif,8611589.683810547,3349276.500605842
8611092_3347939.tif,8611895.43192362,3349276.500605842
8611092_3347939.tif,8612201.18003669,3349276.500605842
8611092_3347939.tif,8612430.491121493,3349276.500605842
8611092_3347939.tif,8609755.19513212,3348970.752492744
8611092_3347939.tif,8610060.943245191,3348970.752492744
8611092_3347939.tif,8610366.691358263,3348970.752492744
8611092_3347939.tif,8610672.439471334,3348970.752492744
8611092_3347939.tif,8610978.187584406,3348970.752492744
8611092_3347939.tif,8611283.935697477,3348970.752492744
8611092_3347939.tif,8611589.683810547,3348970.752492744
8611092_3347939.tif,8611895.43192362,3348970.752492744
8611092_3347939.tif,8612201.18003669,3348970.752492744
8611092_3347939.tif,8612430.491121493,3348970.752492744
8611092_3347939.tif,8609755.19513212,3348665.004379646
8611092_3347939.tif,8610060.943245191,3348665.004379646
8611092_3347939.tif,8610366.691358263,3348665.004379646
8611092_3347939.tif,8610672.439471334,3348665.004379646
8611092_3347939.tif,8610978.187584406,3348665.004379646
8611092_3347939.tif,8611283.935697477,3348665.004379646
8611092_3347939.tif,8611589.683810547,3348665.004379646
8611092_3347939.tif,8611895.43192362,3348665.004379646
8611092_3347939.tif,8612201.18003669,3348665.004379646
8611092_3347939.tif,8612430.491121493,3348665.004379646
8611092_3347939.tif,8609755.19513212,3348359.2562665483
8611092_3347939.tif,8610060.943245191,3348359.2562665483
8611092_3347939.tif,8610366.691358263,3348359.2562665483
8611092_3347939.tif,8610672.439471334,3348359.2562665483
8611092_3347939.tif,8610978.187584406,3348359.2562665483
8611092_3347939.tif,8611283.935697477,3348359.2562665483
8611092_3347939.tif,8611589.683810547,3348359.2562665483
8611092_3347939.tif,8611895.43192362,3348359.2562665483
8611092_3347939.tif,8612201.18003669,3348359.2562665483
8611092_3347939.tif,8612430.491121493,3348359.2562665483
8611092_3347939.tif,8609755.19513212,3348053.5081534497
8611092_3347939.tif,8610060.943245191,3348053.5081534497
8611092_3347939.tif,8610366.691358263,3348053.5081534497
8611092_3347939.tif,8610672.439471334,3348053.5081534497
8611092_3347939.tif,8610978.187584406,3348053.5081534497
8611092_3347939.tif,8611283.935697477,3348053.5081534497
8611092_3347939.tif,8611589.683810547,3348053.5081534497
8611092_3347939.tif,8611895.43192362,3348053.5081534497
8611092_3347939.tif,8612201.18003669,3348053.5081534497
8611092_3347939.tif,8612430.491121493,3348053.5081534497
8611092_3347939.tif,8609755.19513212,3347747.760040352
8611092_3347939.tif,8610060.943245191,3347747.760040352
8611092_3347939.tif,8610366.691358263,3347747.760040352
8611092_3347939.tif,8610672.439471334,3347747.760040352
8611092_3347939.tif,8610978.187584406,3347747.760040352
8611092_3347939.tif,8611283.935697477,3347747.760040352
8611092_3347939.tif,8611589.683810547,3347747.760040352
8611092_3347939.tif,8611895.43192362,3347747.760040352
8611092_3347939.tif,8612201.18003669,3347747.760040352
8611092_3347939.tif,8612430.491121493,3347747.760040352
8611092_3347939.tif,8609755.19513212,3347442.011927254
8611092_3347939.tif,8610060.943245191,3347442.011927254
8611092_3347939.tif,8610366.691358263,3347442.011927254
8611092_3347939.tif,8610672.439471334,3347442.011927254
8611092_3347939.tif,8610978.187584406,3347442.011927254
8611092_3347939.tif,8611283.935697477,3347442.011927254
8611092_3347939.tif,8611589.683810547,3347442.011927254
8611092_3347939.tif,8611895.43192362,3347442.011927254
8611092_3347939.tif,8612201.18003669,3347442.011927254
8611092_3347939.tif,8612430.491121493,3347442.011927254
8611092_3347939.tif,8609755.19513212,3347136.263814156
8611092_3347939.tif,8610060.943245191,3347136.263814156
8611092_3347939.tif,8610366.691358263,3347136.263814156
8611092_3347939.tif,8610672.439471334,3347136.263814156
8611092_3347939.tif,8610978.187584406,3347136.263814156
8611092_3347939.tif,8611283.935697477,3347136.263814156
8611092_3347939.tif,8611589.683810547,3347136.263814156
8611092_3347939.tif,8611895.43192362,3347136.263814156
8611092_3347939.tif,8612201.18003669,3347136.263814156
8611092_3347939.tif,8612430.491121493,3347136.263814156
8611092_3347939.tif,8609755.19513212,3346830.515701058
8611092_3347939.tif,8610060.943245191,3346830.515701058
8611092_3347939.tif,8610366.691358263,3346830.515701058
8611092_3347939.tif,8610672.439471334,3346830.515701058
8611092_3347939.tif,8610978.187584406,3346830.515701058
8611092_3347939.tif,8611283.935697477,3346830.515701058
8611092_3347939.tif,8611589.683810547,3346830.515701058
8611092_3347939.tif,8611895.43192362,3346830.515701058
8611092_3347939.tif,8612201.18003669,3346830.515701058
8611092_3347939.tif,8612430.491121493,3346830.515701058
8611092_3347939.tif,8609755.19513212,3346601.204616234
8611092_3347939.tif,8610060.943245191,3346601.204616234
8611092_3347939.tif,8610366.691358263,3346601.204616234
8611092_3347939.tif,8610672.439471334,3346601.204616234
8611092_3347939.tif,8610978.187584406,3346601.204616234
8611092_3347939.tif,8611283.935697477,3346601.204616234
8611092_3347939.tif,8611589.683810547,3346601.204616234
8611092_3347939.tif,8611895.43192362,3346601.204616234
8611092_3347939.tif,8612201.18003669,3346601.204616234
8611092_3347939.tif,8612430.491121493,3346601.204616234
8611092_3350691.tif,8609755.19513212,3352028.23362372
8611092_3350691.tif,8610060.943245191,3352028.23362372
8611092_3350691.tif,8610366.691358263,3352028.23362372
8611092_3350691.tif,8610672.439471334,3352028.23362372
8611092_3350691.tif,8610978.187584406,3352028.23362372
8611092_3350691.tif,8611283.935697477,3352028.23362372
8611092_3350691.tif,8611589.683810547,3352028.23362372
8611092_3350691.tif,8611895.43192362,3352028.23362372
8611092_3350691.tif,8612201.18003669,3352028.23362372
8611092_3350691.tif,8612430.491121493,3352028.23362372
8611092_3350691.tif,8609755.19513212,3351722.485510622
8611092_3350691.tif,8610060.943245191,3351722.485510622
8611092_3350691.tif,8610366.691358263,3351722.485510622
8611092_3350691.tif,8610672.439471334,3351722.485510622
8611092_3350691.tif,8610978.187584406,3351722.485510622
8611092_3350691.tif,8611283.935697477,3351722.485510622
8611092_3350691.tif,8611589.683810547,3351722.485510622
8611092_3350691.tif,8611895.43192362,3351722.485510622
8611092_3350691.tif,8612201.18003669,3351722.485510622
8611092_3350691.tif,8612430.491121493,3351722.485510622
8611092_3350691.tif,8609755.19513212,3351416.7373975245
8611092_3350691.tif,8610060.943245191,3351416.7373975245
8611092_3350691.tif,8610366.691358263,3351416.7373975245
8611092_3350691.tif,8610672.439471334,3351416.7373975245
8611092_3350691.tif,8610978.187584406,3351416.7373975245
8611092_3350691.tif,8611283.935697477,3351416.7373975245
8611092_3350691.tif,8611589.683810547,3351416.7373975245
8611092_3350691.tif,8611895.43192362,3351416.7373975245
8611092_3350691.tif,8612201.18003669,3351416.7373975245
8611092_3350691.tif,8612430.491121493,3351416.7373975245
8611092_3350691.tif,8609755.19513212,3351110.9892844264
8611092_3350691.tif,8610060.943245191,3351110.9892844264
8611092_3350691.tif,8610366.691358263,3351110.9892844264
8611092_3350691.tif,8610672.439471334,3351110.9892844264
8611092_3350691.tif,8610978.187584406,3351110.9892844264
8611092_3350691.tif,8611283.935697477,3351110.9892844264
8611092_3350691.tif,8611589.683810547,3351110.9892844264
8611092_3350691.tif,8611895.43192362,3351110.9892844264
8611092_3350691.tif,8612201.18003669,3351110.9892844264
8611092_3350691.tif,8612430.491121493,3351110.9892844264
8611092_3350691.tif,8609755.19513212,3350805.2411713284
8611092_3350691.tif,8610060.943245191,3350805.2411713284
8611092_3350691.tif,8610366.691358263,3350805.2411713284
8611092_3350691.tif,8610672.439471334,3350805.2411713284
8611092_3350691.tif,8610978.187584406,3350805.2411713284
8611092_3350691.tif,8611283.935697477,3350805.2411713284
8611092_3350691.tif,8611589.683810547,3350805.2411713284
8611092_3350691.tif,8611895.43192362,3350805.2411713284
8611092_3350691.tif,8612201.18003669,3350805.2411713284
8611092_3350691.tif,8612430.491121493,3350805.2411713284
8611092_3350691.tif,8609755.19513212,3350499.4930582307
8611092_3350691.tif,8610060.943245191,3350499.4930582307
8611092_3350691.tif,8610366.691358263,3350499.4930582307
8611092_3350691.tif,8610672.439471334,3350499.4930582307
8611092_3350691.tif,8610978.187584406,3350499.4930582307
8611092_3350691.tif,8611283.935697477,3350499.4930582307
8611092_3350691.tif,8611589.683810547,3350499.4930582307
8611092_3350691.tif,8611895.43192362,3350499.4930582307
8611092_3350691.tif,8612201.18003669,3350499.4930582307
8611092_3350691.tif,8612430.491121493,3350499.4930582307
8611092_3350691.tif,8609755.19513212,3350193.744945133
8611092_3350691.tif,8610060.943245191,3350193.744945133
8611092_3350691.tif,8610366.691358263,3350193.744945133
8611092_3350691.tif,8610672.439471334,3350193.744945133
8611092_3350691.tif,8610978.187584406,3350193.744945133
8611092_3350691.tif,8611283.935697477,3350193.744945133
8611092_3350691.tif,8611589.683810547,3350193.744945133
8611092_3350691.tif,8611895.43192362,3350193.744945133
8611092_3350691.tif,8612201.18003669,3350193.744945133
8611092_3350691.tif,8612430.491121493,3350193.744945133
8611092_3350691.tif,8609755.19513212,3349887.9968320355
8611092_3350691.tif,8610060.943245191,3349887.9968320355
8611092_3350691.tif,8610366.691358263,3349887.9968320355
8611092_3350691.tif,8610672.439471334,3349887.9968320355
8611092_3350691.tif,8610978.187584406,3349887.9968320355
8611092_3350691.tif,8611283.935697477,3349887.9968320355
8611092_3350691.tif,8611589.683810547,3349887.9968320355
8611092_3350691.tif,8611895.43192362,3349887.9968320355
8611092_3350691.tif,8612201.18003669,3349887.9968320355
8611092_3350691.tif,8612430.491121493,3349887.9968320355
8611092_3350691.tif,8609755.19513212,3349582.248718938
8611092_3350691.tif,8610060.943245191,3349582.248718938
8611092_3350691.tif,8610366.691358263,3349582.248718938
8611092_3350691.tif,8610672.439471334,3349582.248718938
8611092_3350691.tif,8610978.187584406,3349582.248718938
8611092_3350691.tif,8611283.935697477,3349582.248718938
8611092_3350691.tif,8611589.683810547,3349582.248718938
8611092_3350691.tif,8611895.43192362,3349582.248718938
8611092_3350691.tif,8612201.18003669,3349582.248718938
8611092_3350691.tif,8612430.491121493,3349582.248718938
8611092_3350691.tif,8609755.19513212,3349352.937634114
8611092_3350691.tif,8610060.943245191,3349352.937634114
8611092_3350691.tif,8610366.691358263,3349352.937634114
8611092_3350691.tif,8610672.439471334,3349352.937634114
8611092_3350691.tif,8610978.187584406,3349352.937634114
8611092_3350691.tif,8611283.935697477,3349352.937634114
8611092_3350691.tif,8611589.683810547,3349352.937634114
8611092_3350691.tif,8611895.43192362,3349352.937634114
8611092_3350691.tif,8612201.18003669,3349352.937634114
8611092_3350691.tif,8612430.491121493,3349352.937634114
8611092_3353442.tif,8609755.19513212,3354779.966641602
8611092_3353442.tif,8610060.943245191,3354779.966641602
8611092_3353442.tif,8610366.691358263,3354779.966641602
8611092_3353442.tif,8610672.439471334,3354779.966641602
8611092_3353442.tif,8610978.187584406,3354779.966641602
8611092_3353442.tif,8611283.935697477,3354779.966641602
8611092_3353442.tif,8611589.683810547,3354779.966641602
8611092_3353442.tif,8611895.43192362,3354779.966641602
8611092_3353442.tif,8612201.18003669,3354779.966641602
8611092_3353442.tif,8612430.491121493,3354779.966641602
8611092_3353442.tif,8609755.19513212,3354474.2185285045
8611092_3353442.tif,8610060.943245191,3354474.2185285045
8611092_3353442.tif,8610366.691358263,3354474.2185285045
8611092_3353442.tif,8610672.439471334,3354474.2185285045
8611092_3353442.tif,8610978.187584406,3354474.2185285045
8611092_3353442.tif,8611283.935697477,3354474.2185285045
8611092_3353442.tif,8611589.683810547,3354474.2185285045
8611092_3353442.tif,8611895.43192362,3354474.2185285045
8611092_3353442.tif,8612201.18003669,3354474.2185285045
8611092_3353442.tif,8612430.491121493,3354474.2185285045
8611092_3353442.tif,8609755.19513212,3354168.470415407
8611092_3353442.tif,8610060.943245191,3354168.470415407
8611092_3353442.tif,8610366.691358263,3354168.470415407
8611092_3353442.tif,8610672.439471334,3354168.470415407
8611092_3353442.tif,8610978.187584406,3354168.470415407
8611092_3353442.tif,8611283.935697477,3354168.470415407
8611092_3353442.tif,8611589.683810547,3354168.470415407
8611092_3353442.tif,8611895.43192362,3354168.470415407
8611092_3353442.tif,8612201.18003669,3354168.470415407
8611092_3353442.tif,8612430.491121493,3354168.470415407
8611092_3353442.tif,8609755.19513212,3353862.7223023083
8611092_3353442.tif,8610060.943245191,3353862.7223023083
8611092_3353442.tif,8610366.691358263,3353862.7223023083
8611092_3353442.tif,8610672.439471334,3353862.7223023083
8611092_3353442.tif,8610978.187584406,3353862.7223023083
8611092_3353442.tif,8611283.935697477,3353862.7223023083
8611092_3353442.tif,8611589.683810547,3353862.7223023083
8611092_3353442.tif,8611895.43192362,3353862.7223023083
8611092_3353442.tif,8612201.18003669,3353862.7223023083
8611092_3353442.tif,8612430.491121493,3353862.7223023083
8611092_3353442.tif,8609755.19513212,3353556.9741892107
8611092_3353442.tif,8610060.943245191,3353556.9741892107
8611092_3353442.tif,8610366.691358263,3353556.9741892107
8611092_3353442.tif,8610672.439471334,3353556.9741892107
8611092_3353442.tif,8610978.187584406,3353556.9741892107
8611092_3353442.tif,8611283.935697477,3353556.9741892107
8611092_3353442.tif,8611589.683810547,3353556.9741892107
8611092_3353442.tif,8611895.43192362,3353556.9741892107
8611092_3353442.tif,8612201.18003669,3353556.9741892107
8611092_3353442.tif,8612430.491121493,3353556.9741892107
8611092_3353442.tif,8609755.19513212,3353251.226076113
8611092_3353442.tif,8610060.943245191,3353251.226076113
8611092_3353442.tif,8610366.691358263,3353251.226076113
8611092_3353442.tif,8610672.439471334,3353251.226076113
8611092_3353442.tif,8610978.187584406,3353251.226076113
8611092_3353442.tif,8611283.935697477,3353251.226076113
8611092_3353442.tif,8611589.683810547,3353251.226076113
8611092_3353442.tif,8611895.43192362,3353251.226076113
8611092_3353442.tif,8612201.18003669,3353251.226076113
8611092_3353442.tif,8612430.491121493,3353251.226076113
8611092_3353442.tif,8609755.19513212,3352945.4779630145
8611092_3353442.tif,8610060.943245191,3352945.4779630145
8611092_3353442.tif,8610366.691358263,3352945.4779630145
8611092_3353442.tif,8610672.439471334,3352945.4779630145
8611092_3353442.tif,8610978.187584406,3352945.4779630145
8611092_3353442.tif,8611283.935697477,3352945.4779630145
8611092_3353442.tif,8611589.683810547,3352945.4779630145
8611092_3353442.tif,8611895.43192362,3352945.4779630145
8611092_3353442.tif,8612201.18003669,3352945.4779630145
8611092_3353442.tif,8612430.491121493,3352945.4779630145
8611092_3353442.tif,8609755.19513212,3352639.729849917
8611092_3353442.tif,8610060.943245191,3352639.729849917
8611092_3353442.tif,8610366.691358263,3352639.729849917
8611092_3353442.tif,8610672.439471334,3352639.729849917
8611092_3353442.tif,8610978.187584406,3352639.729849917
8611092_3353442.tif,8611283.935697477,3352639.729849917
8611092_3353442.tif,8611589.683810547,3352639.729849917
8611092_3353442.tif,8611895.43192362,3352639.729849917
8611092_3353442.tif,8612201.18003669,3352639.729849917
8611092_3353442.tif,8612430.491121493,3352639.729849917
8611092_3353442.tif,8609755.19513212,3352333.9817368193
8611092_3353442.tif,8610060.943245191,3352333.9817368193
8611092_3353442.tif,8610366.691358263,3352333.9817368193
8611092_3353442.tif,8610672.439471334,3352333.9817368193
8611092_3353442.tif,8610978.187584406,3352333.9817368193
8611092_3353442.tif,8611283.935697477,3352333.9817368193
8611092_3353442.tif,8611589.683810547,3352333.9817368193
8611092_3353442.tif,8611895.43192362,3352333.9817368193
8611092_3353442.tif,8612201.18003669,3352333.9817368193
8611092_3353442.tif,8612430.491121493,3352333.9817368193
8611092_3353442.tif,8609755.19513212,3352104.6706519956
8611092_3353442.tif,8610060.943245191,3352104.6706519956
8611092_3353442.tif,8610366.691358263,3352104.6706519956
8611092_3353442.tif,8610672.439471334,3352104.6706519956
8611092_3353442.tif,8610978.187584406,3352104.6706519956
8611092_3353442.tif,8611283.935697477,3352104.6706519956
8611092_3353442.tif,8611589.683810547,3352104.6706519956
8611092_3353442.tif,8611895.43192362,3352104.6706519956
8611092_3353442.tif,8612201.18003669,3352104.6706519956
8611092_3353442.tif,8612430.491121493,3352104.6706519956
8611092_3356194.tif,8609755.19513212,3357531.6996594826
8611092_3356194.tif,8610060.943245191,3357531.6996594826
8611092_3356194.tif,8610366.691358263,3357531.6996594826
8611092_3356194.tif,8610672.439471334,3357531.6996594826
8611092_3356194.tif,8610978.187584406,3357531.6996594826
8611092_3356194.tif,8611283.935697477,3357531.6996594826
8611092_3356194.tif,8611589.683810547,3357531.6996594826
8611092_3356194.tif,8611895.43192362,3357531.6996594826
8611092_3356194.tif,8612201.18003669,3357531.6996594826
8611092_3356194.tif,8612430.491121493,3357531.6996594826
8611092_3356194.tif,8609755.19513212,3357225.951546385
8611092_3356194.tif,8610060.943245191,3357225.951546385
8611092_3356194.tif,8610366.691358263,3357225.951546385
8611092_3356194.tif,8610672.439471334,3357225.951546385
8611092_3356194.tif,8610978.187584406,3357225.951546385
8611092_3356194.tif,8611283.935697477,3357225.951546385
8611092_3356194.tif,8611589.683810547,3357225.951546385
8611092_3356194.tif,8611895.43192362,3357225.951546385
8611092_3356194.tif,8612201.18003669,3357225.951546385
8611092_3356194.tif,8612430.491121493,3357225.951546385
8611092_3356194.tif,8609755.19513212,3356920.2034332873
8611092_3356194.tif,8610060.943245191,3356920.2034332873
8611092_3356194.tif,8610366.691358263,3356920.2034332873
8611092_3356194.tif,8610672.439471334,3356920.2034332873
8611092_3356194.tif,8610978.187584406,3356920.2034332873
8611092_3356194.tif,8611283.935697477,3356920.2034332873
8611092_3356194.tif,8611589.683810547,3356920.2034332873
8611092_3356194.tif,8611895.43192362,3356920.2034332873
8611092_3356194.tif,8612201.18003669,3356920.2034332873
8611092_3356194.tif,8612430.491121493,3356920.2034332873
8611092_3356194.tif,8609755.19513212,3356614.4553201897
8611092_3356194.tif,8610060.943245191,3356614.4553201897
8611092_3356194.tif,8610366.691358263,3356614.4553201897
8611092_3356194.tif,8610672.439471334,3356614.4553201897
8611092_3356194.tif,8610978.187584406,3356614.4553201897
8611092_3356194.tif,8611283.935697477,3356614.4553201897
8611092_3356194.tif,8611589.683810547,3356614.4553201897
8611092_3356194.tif,8611895.43192362,3356614.4553201897
8611092_3356194.tif,8612201.18003669,3356614.4553201897
8611092_3356194.tif,8612430.491121493,3356614.4553201897
8611092_3356194.tif,8609755.19513212,3356308.707207092
8611092_3356194.tif,8610060.943245191,3356308.707207092
8611092_3356194.tif,8610366.691358263,3356308.707207092
8611092_3356194.tif,8610672.439471334,3356308.707207092
8611092_3356194.tif,8610978.187584406,3356308.707207092
8611092_3356194.tif,8611283.935697477,3356308.707207092
8611092_3356194.tif,8611589.683810547,3356308.707207092
8611092_3356194.tif,8611895.43192362,3356308.707207092
8611092_3356194.tif,8612201.18003669,3356308.707207092
8611092_3356194.tif,8612430.491121493,3356308.707207092
8611092_3356194.tif,8609755.19513212,3356002.9590939945
8611092_3356194.tif,8610060.943245191,3356002.9590939945
8611092_3356194.tif,8610366.691358263,3356002.9590939945
8611092_3356194.tif,8610672.439471334,3356002.9590939945
8611092_3356194.tif,8610978.187584406,3356002.9590939945
8611092_3356194.tif,8611283.935697477,3356002.9590939945
8611092_3356194.tif,8611589.683810547,3356002.9590939945
8611092_3356194.tif,8611895.43192362,3356002.9590939945
8611092_3356194.tif,8612201.18003669,3356002.9590939945
8611092_3356194.tif,8612430.491121493,3356002.9590939945
8611092_3356194.tif,8609755.19513212,3355697.210980897
8611092_3356194.tif,8610060.943245191,3355697.210980897
8611092_3356194.tif,8610366.691358263,3355697.210980897
8611092_3356194.tif,8610672.439471334,3355697.210980897
8611092_3356194.tif,8610978.187584406,3355697.210980897
8611092_3356194.tif,8611283.935697477,3355697.210980897
8611092_3356194.tif,8611589.683810547,3355697.210980897
8611092_3356194.tif,8611895.43192362,3355697.210980897
8611092_3356194.tif,8612201.18003669,3355697.210980897
8611092_3356194.tif,8612430.491121493,3355697.210980897
8611092_3356194.tif,8609755.19513212,3355391.462867799
8611092_3356194.tif,8610060.943245191,3355391.462867799
8611092_3356194.tif,8610366.691358263,3355391.462867799
8611092_3356194.tif,8610672.439471334,3355391.462867799
8611092_3356194.tif,8610978.187584406,3355391.462867799
8611092_3356194.tif,8611283.935697477,3355391.462867799
8611092_3356194.tif,8611589.683810547,3355391.462867799
8611092_3356194.tif,8611895.43192362,3355391.462867799
8611092_3356194.tif,8612201.18003669,3355391.462867799
8611092_3356194.tif,8612430.491121493,3355391.462867799
8611092_3356194.tif,8609755.19513212,3355085.714754701
8611092_3356194.tif,8610060.943245191,3355085.714754701
8611092_3356194.tif,8610366.691358263,3355085.714754701
8611092_3356194.tif,8610672.439471334,3355085.714754701
8611092_3356194.tif,8610978.187584406,3355085.714754701
8611092_3356194.tif,8611283.935697477,3355085.714754701
8611092_3356194.tif,8611589.683810547,3355085.714754701
8611092_3356194.tif,8611895.43192362,3355085.714754701
8611092_3356194.tif,8612201.18003669,3355085.714754701
8611092_3356194.tif,8612430.491121493,3355085.714754701
8611092_3356194.tif,8609755.19513212,3354856.403669878
8611092_3356194.tif,8610060.943245191,3354856.403669878
8611092_3356194.tif,8610366.691358263,3354856.403669878
8611092_3356194.tif,8610672.439471334,3354856.403669878
8611092_3356194.tif,8610978.187584406,3354856.403669878
8611092_3356194.tif,8611283.935697477,3354856.403669878
8611092_3356194.tif,8611589.683810547,3354856.403669878
8611092_3356194.tif,8611895.43192362,3354856.403669878
8611092_3356194.tif,8612201.18003669,3354856.403669878
8611092_3356194.tif,8612430.491121493,3354856.403669878
8611092_3358946.tif,8609755.19513212,3360283.432677364
8611092_3358946.tif,8610060.943245191,3360283.432677364
8611092_3358946.tif,8610366.691358263,3360283.432677364
8611092_3358946.tif,8610672.439471334,3360283.432677364
8611092_3358946.tif,8610978.187584406,3360283.432677364
8611092_3358946.tif,8611283.935697477,3360283.432677364
8611092_3358946.tif,8611589.683810547,3360283.432677364
8611092_3358946.tif,8611895.43192362,3360283.432677364
8611092_3358946.tif,8612201.18003669,3360283.432677364
8611092_3358946.tif,8612430.491121493,3360283.432677364
8611092_3358946.tif,8609755.19513212,3359977.6845642664
8611092_3358946.tif,8610060.943245191,3359977.6845642664
8611092_3358946.tif,8610366.691358263,3359977.6845642664
8611092_3358946.tif,8610672.439471334,3359977.6845642664
8611092_3358946.tif,8610978.187584406,3359977.6845642664
8611092_3358946.tif,8611283.935697477,3359977.6845642664
8611092_3358946.tif,8611589.683810547,3359977.6845642664
8611092_3358946.tif,8611895.43192362,3359977.6845642664
8611092_3358946.tif,8612201.18003669,3359977.6845642664
8611092_3358946.tif,8612430.491121493,3359977.6845642664
8611092_3358946.tif,8609755.19513212,3359671.9364511687
8611092_3358946.tif,8610060.943245191,3359671.9364511687
8611092_3358946.tif,8610366.691358263,3359671.9364511687
8611092_3358946.tif,8610672.439471334,3359671.9364511687
8611092_3358946.tif,8610978.187584406,3359671.9364511687
8611092_3358946.tif,8611283.935697477,3359671.9364511687
8611092_3358946.tif,8611589.683810547,3359671.9364511687
8611092_3358946.tif,8611895.43192362,3359671.9364511687
8611092_3358946.tif,8612201.18003669,3359671.9364511687
8611092_3358946.tif,8612430.491121493,3359671.9364511687
8611092_3358946.tif,8609755.19513212,3359366.188338071
8611092_3358946.tif,8610060.943245191,3359366.188338071
8611092_3358946.tif,8610366.691358263,3359366.188338071
8611092_3358946.tif,8610672.439471334,3359366.188338071
8611092_3358946.tif,8610978.187584406,3359366.188338071
8611092_3358946.tif,8611283.935697477,3359366.188338071
8611092_3358946.tif,8611589.683810547,3359366.188338071
8611092_3358946.tif,8611895.43192362,3359366.188338071
8611092_3358946.tif,8612201.18003669,3359366.188338071
8611092_3358946.tif,8612430.491121493,3359366.188338071
8611092_3358946.tif,8609755.19513212,3359060.4402249735
8611092_3358946.tif,8610060.943245191,3359060.4402249735
8611092_3358946.tif,8610366.691358263,3359060.4402249735
8611092_3358946.tif,8610672.439471334,3359060.4402249735
8611092_3358946.tif,8610978.187584406,3359060.4402249735
8611092_3358946.tif,8611283.935697477,3359060.4402249735
8611092_3358946.tif,8611589.683810547,3359060.4402249735
8611092_3358946.tif,8611895.43192362,3359060.4402249735
8611092_3358946.tif,8612201.18003669,3359060.4402249735
8611092_3358946.tif,8612430.491121493,3359060.4402249735
8611092_3358946.tif,8609755.19513212,3358754.692111876
8611092_3358946.tif,8610060.943245191,3358754.692111876
8611092_3358946.tif,8610366.691358263,3358754.692111876
8611092_3358946.tif,8610672.439471334,3358754.692111876
8611092_3358946.tif,8610978.187584406,3358754.692111876
8611092_3358946.tif,8611283.935697477,3358754.692111876
8611092_3358946.tif,8611589.683810547,3358754.692111876
8611092_3358946.tif,8611895.43192362,3358754.692111876
8611092_3358946.tif,8612201.18003669,3358754.692111876
8611092_3358946.tif,8612430.491121493,3358754.692111876
8611092_3358946.tif,8609755.19513212,3358448.9439987782
8611092_3358946.tif,8610060.943245191,3358448.9439987782
8611092_3358946.tif,8610366.691358263,3358448.9439987782
8611092_3358946.tif,8610672.439471334,3358448.9439987782
8611092_3358946.tif,8610978.187584406,3358448.9439987782
8611092_3358946.tif,8611283.935697477,3358448.9439987782
8611092_3358946.tif,8611589.683810547,3358448.9439987782
8611092_3358946.tif,8611895.43192362,3358448.9439987782
8611092_3358946.tif,8612201.18003669,3358448.9439987782
8611092_3358946.tif,8612430.491121493,3358448.9439987782
8611092_3358946.tif,8609755.19513212,3358143.1958856806
8611092_3358946.tif,8610060.943245191,3358143.1958856806
8611092_3358946.tif,8610366.691358263,3358143.1958856806
8611092_3358946.tif,8610672.439471334,3358143.1958856806
8611092_3358946.tif,8610978.187584406,3358143.1958856806
8611092_3358946.tif,8611283.935697477,3358143.1958856806
8611092_3358946.tif,8611589.683810547,3358143.1958856806
8611092_3358946.tif,8611895.43192362,3358143.1958856806
8611092_3358946.tif,8612201.18003669,3358143.1958856806
8611092_3358946.tif,8612430.491121493,3358143.1958856806
8611092_3358946.tif,8609755.19513212,3357837.4477725825
8611092_3358946.tif,8610060.943245191,3357837.4477725825
8611092_3358946.tif,8610366.691358263,3357837.4477725825
8611092_3358946.tif,8610672.439471334,3357837.4477725825
8611092_3358946.tif,8610978.187584406,3357837.4477725825
8611092_3358946.tif,8611283.935697477,3357837.4477725825
8611092_3358946.tif,8611589.683810547,3357837.4477725825
8611092_3358946.tif,8611895.43192362,3357837.4477725825
8611092_3358946.tif,8612201.18003669,3357837.4477725825
8611092_3358946.tif,8612430.491121493,3357837.4477725825
8611092_3358946.tif,8609755.19513212,3357608.1366877593
8611092_3358946.tif,8610060.943245191,3357608.1366877593
8611092_3358946.tif,8610366.691358263,3357608.1366877593
8611092_3358946.tif,8610672.439471334,3357608.1366877593
8611092_3358946.tif,8610978.187584406,3357608.1366877593
8611092_3358946.tif,8611283.935697477,3357608.1366877593
8611092_3358946.tif,8611589.683810547,3357608.1366877593
8611092_3358946.tif,8611895.43192362,3357608.1366877593
8611092_3358946.tif,8612201.18003669,3357608.1366877593
8611092_3358946.tif,8612430.491121493,3357608.1366877593
8611092_3361698.tif,8609755.19513212,3363035.1656952472
8611092_3361698.tif,8610060.943245191,3363035.1656952472
8611092_3361698.tif,8610366.691358263,3363035.1656952472
8611092_3361698.tif,8610672.439471334,3363035.1656952472
8611092_3361698.tif,8610978.187584406,3363035.1656952472
8611092_3361698.tif,8611283.935697477,3363035.1656952472
8611092_3361698.tif,8611589.683810547,3363035.1656952472
8611092_3361698.tif,8611895.43192362,3363035.1656952472
8611092_3361698.tif,8612201.18003669,3363035.1656952472
8611092_3361698.tif,8612430.491121493,3363035.1656952472
8611092_3361698.tif,8609755.19513212,3362729.417582149
8611092_3361698.tif,8610060.943245191,3362729.417582149
8611092_3361698.tif,8610366.691358263,3362729.417582149
8611092_3361698.tif,8610672.439471334,3362729.417582149
8611092_3361698.tif,8610978.187584406,3362729.417582149
8611092_3361698.tif,8611283.935697477,3362729.417582149
8611092_3361698.tif,8611589.683810547,3362729.417582149
8611092_3361698.tif,8611895.43192362,3362729.417582149
8611092_3361698.tif,8612201.18003669,3362729.417582149
8611092_3361698.tif,8612430.491121493,3362729.417582149
8611092_3361698.tif,8609755.19513212,3362423.669469051
8611092_3361698.tif,8610060.943245191,3362423.669469051
8611092_3361698.tif,8610366.691358263,3362423.669469051
8611092_3361698.tif,8610672.439471334,3362423.669469051
8611092_3361698.tif,8610978.187584406,3362423.669469051
8611092_3361698.tif,8611283.935697477,3362423.669469051
8611092_3361698.tif,8611589.683810547,3362423.669469051
8611092_3361698.tif,8611895.43192362,3362423.669469051
8611092_3361698.tif,8612201.18003669,3362423.669469051
8611092_3361698.tif,8612430.491121493,3362423.669469051
8611092_3361698.tif,8609755.19513212,3362117.9213559534
8611092_3361698.tif,8610060.943245191,3362117.9213559534
8611092_3361698.tif,8610366.691358263,3362117.9213559534
8611092_3361698.tif,8610672.439471334,3362117.9213559534
8611092_3361698.tif,8610978.187584406,3362117.9213559534
8611092_3361698.tif,8611283.935697477,3362117.9213559534
8611092_3361698.tif,8611589.683810547,3362117.9213559534
8611092_3361698.tif,8611895.43192362,3362117.9213559534
8611092_3361698.tif,8612201.18003669,3362117.9213559534
8611092_3361698.tif,8612430.491121493,3362117.9213559534
8611092_3361698.tif,8609755.19513212,3361812.173242855
8611092_3361698.tif,8610060.943245191,3361812.173242855
8611092_3361698.tif,8610366.691358263,3361812.173242855
8611092_3361698.tif,8610672.439471334,3361812.173242855
8611092_3361698.tif,8610978.187584406,3361812.173242855
8611092_3361698.tif,8611283.935697477,3361812.173242855
8611092_3361698.tif,8611589.683810547,3361812.173242855
8611092_3361698.tif,8611895.43192362,3361812.173242855
8611092_3361698.tif,8612201.18003669,3361812.173242855
8611092_3361698.tif,8612430.491121493,3361812.173242855
8611092_3361698.tif,8609755.19513212,3361506.4251297573
8611092_3361698.tif,8610060.943245191,3361506.4251297573
8611092_3361698.tif,8610366.691358263,3361506.4251297573
8611092_3361698.tif,8610672.439471334,3361506.4251297573
8611092_3361698.tif,8610978.187584406,3361506.4251297573
8611092_3361698.tif,8611283.935697477,3361506.4251297573
8611092_3361698.tif,8611589.683810547,3361506.4251297573
8611092_3361698.tif,8611895.43192362,3361506.4251297573
8611092_3361698.tif,8612201.18003669,3361506.4251297573
8611092_3361698.tif,8612430.491121493,3361506.4251297573
8611092_3361698.tif,8609755.19513212,3361200.677016659
8611092_3361698.tif,8610060.943245191,3361200.677016659
8611092_3361698.tif,8610366.691358263,3361200.677016659
8611092_3361698.tif,8610672.439471334,3361200.677016659
8611092_3361698.tif,8610978.187584406,3361200.677016659
8611092_3361698.tif,8611283.935697477,3361200.677016659
8611092_3361698.tif,8611589.683810547,3361200.677016659
8611092_3361698.tif,8611895.43192362,3361200.677016659
8611092_3361698.tif,8612201.18003669,3361200.677016659
8611092_3361698.tif,8612430.491121493,3361200.677016659
8611092_3361698.tif,8609755.19513212,3360894.928903561
8611092_3361698.tif,8610060.943245191,3360894.928903561
8611092_3361698.tif,8610366.691358263,3360894.928903561
8611092_3361698.tif,8610672.439471334,3360894.928903561
8611092_3361698.tif,8610978.187584406,3360894.928903561
8611092_3361698.tif,8611283.935697477,3360894.928903561
8611092_3361698.tif,8611589.683810547,3360894.928903561
8611092_3361698.tif,8611895.43192362,3360894.928903561
8611092_3361698.tif,8612201.18003669,3360894.928903561
8611092_3361698.tif,8612430.491121493,3360894.928903561
8611092_3361698.tif,8609755.19513212,3360589.180790463
8611092_3361698.tif,8610060.943245191,3360589.180790463
8611092_3361698.tif,8610366.691358263,3360589.180790463
8611092_3361698.tif,8610672.439471334,3360589.180790463
8611092_3361698.tif,8610978.187584406,3360589.180790463
8611092_3361698.tif,8611283.935697477,3360589.180790463
8611092_3361698.tif,8611589.683810547,3360589.180790463
8611092_3361698.tif,8611895.43192362,3360589.180790463
8611092_3361698.tif,8612201.18003669,3360589.180790463
8611092_3361698.tif,8612430.491121493,3360589.180790463
8611092_3361698.tif,8609755.19513212,3360359.8697056393
8611092_3361698.tif,8610060.943245191,3360359.8697056393
8611092_3361698.tif,8610366.691358263,3360359.8697056393
8611092_3361698.tif,8610672.439471334,3360359.8697056393
8611092_3361698.tif,8610978.187584406,3360359.8697056393
8611092_3361698.tif,8611283.935697477,3360359.8697056393
8611092_3361698.tif,8611589.683810547,3360359.8697056393
8611092_3361698.tif,8611895.43192362,3360359.8697056393
8611092_3361698.tif,8612201.18003669,3360359.8697056393
8611092_3361698.tif,8612430.491121493,3360359.8697056393
8611092_3364449.tif,8609755.19513212,3365786.898712878
8611092_3364449.tif,8610060.943245191,3365786.898712878
8611092_3364449.tif,8610366.691358263,3365786.898712878
8611092_3364449.tif,8610672.439471334,3365786.898712878
8611092_3364449.tif,8610978.187584406,3365786.898712878
8611092_3364449.tif,8611283.935697477,3365786.898712878
8611092_3364449.tif,8611589.683810547,3365786.898712878
8611092_3364449.tif,8611895.43192362,3365786.898712878
8611092_3364449.tif,8612201.18003669,3365786.898712878
8611092_3364449.tif,8612430.491121493,3365786.898712878
8611092_3364449.tif,8609755.19513212,3365481.1505998066
8611092_3364449.tif,8610060.943245191,3365481.1505998066
8611092_3364449.tif,8610366.691358263,3365481.1505998066
8611092_3364449.tif,8610672.439471334,3365481.1505998066
8611092_3364449.tif,8610978.187584406,3365481.1505998066
8611092_3364449.tif,8611283.935697477,3365481.1505998066
8611092_3364449.tif,8611589.683810547,3365481.1505998066
8611092_3364449.tif,8611895.43192362,3365481.1505998066
8611092_3364449.tif,8612201.18003669,3365481.1505998066
8611092_3364449.tif,8612430.491121493,3365481.1505998066
8611092_3364449.tif,8609755.19513212,3365175.402486736
8611092_3364449.tif,8610060.943245191,3365175.402486736
8611092_3364449.tif,8610366.691358263,3365175.402486736
8611092_3364449.tif,8610672.439471334,3365175.402486736
8611092_3364449.tif,8610978.187584406,3365175.402486736
8611092_3364449.tif,8611283.935697477,3365175.402486736
8611092_3364449.tif,8611589.683810547,3365175.402486736
8611092_3364449.tif,8611895.43192362,3365175.402486736
8611092_3364449.tif,8612201.18003669,3365175.402486736
8611092_3364449.tif,8612430.491121493,3365175.402486736
8611092_3364449.tif,8609755.19513212,3364869.6543736644
8611092_3364449.tif,8610060.943245191,3364869.6543736644
8611092_3364449.tif,8610366.691358263,3364869.6543736644
8611092_3364449.tif,8610672.439471334,3364869.6543736644
8611092_3364449.tif,8610978.187584406,3364869.6543736644
8611092_3364449.tif,8611283.935697477,3364869.6543736644
8611092_3364449.tif,8611589.683810547,3364869.6543736644
8611092_3364449.tif,8611895.43192362,3364869.6543736644
8611092_3364449.tif,8612201.18003669,3364869.6543736644
8611092_3364449.tif,8612430.491121493,3364869.6543736644
8611092_3364449.tif,8609755.19513212,3364563.906260594
8611092_3364449.tif,8610060.943245191,3364563.906260594
8611092_3364449.tif,8610366.691358263,3364563.906260594
8611092_3364449.tif,8610672.439471334,3364563.906260594
8611092_3364449.tif,8610978.187584406,3364563.906260594
8611092_3364449.tif,8611283.935697477,3364563.906260594
8611092_3364449.tif,8611589.683810547,3364563.906260594
8611092_3364449.tif,8611895.43192362,3364563.906260594
8611092_3364449.tif,8612201.18003669,3364563.906260594
8611092_3364449.tif,8612430.491121493,3364563.906260594
8611092_3364449.tif,8609755.19513212,3364258.1581475222
8611092_3364449.tif,8610060.943245191,3364258.1581475222
8611092_3364449.tif,8610366.691358263,3364258.1581475222
8611092_3364449.tif,8610672.439471334,3364258.1581475222
8611092_3364449.tif,8610978.187584406,3364258.1581475222
8611092_3364449.tif,8611283.935697477,3364258.1581475222
8611092_3364449.tif,8611589.683810547,3364258.1581475222
8611092_3364449.tif,8611895.43192362,3364258.1581475222
8611092_3364449.tif,8612201.18003669,3364258.1581475222
8611092_3364449.tif,8612430.491121493,3364258.1581475222
8611092_3364449.tif,8609755.19513212,3363952.4100344516
8611092_3364449.tif,8610060.943245191,3363952.4100344516
8611092_3364449.tif,8610366.691358263,3363952.4100344516
8611092_3364449.tif,8610672.439471334,3363952.4100344516
8611092_3364449.tif,8610978.187584406,3363952.4100344516
8611092_3364449.tif,8611283.935697477,3363952.4100344516
8611092_3364449.tif,8611589.683810547,3363952.4100344516
8611092_3364449.tif,8611895.43192362,3363952.4100344516
8611092_3364449.tif,8612201.18003669,3363952.4100344516
8611092_3364449.tif,8612430.491121493,3363952.4100344516
8611092_3364449.tif,8609755.19513212,3363646.66192138
8611092_3364449.tif,8610060.943245191,3363646.66192138
8611092_3364449.tif,8610366.691358263,3363646.66192138
8611092_3364449.tif,8610672.439471334,3363646.66192138
8611092_3364449.tif,8610978.187584406,3363646.66192138
8611092_3364449.tif,8611283.935697477,3363646.66192138
8611092_3364449.tif,8611589.683810547,3363646.66192138
8611092_3364449.tif,8611895.43192362,3363646.66192138
8611092_3364449.tif,8612201.18003669,3363646.66192138
8611092_3364449.tif,8612430.491121493,3363646.66192138
8611092_3364449.tif,8609755.19513212,3363340.9138083095
8611092_3364449.tif,8610060.943245191,3363340.9138083095
8611092_3364449.tif,8610366.691358263,3363340.9138083095
8611092_3364449.tif,8610672.439471334,3363340.9138083095
8611092_3364449.tif,8610978.187584406,3363340.9138083095
8611092_3364449.tif,8611283.935697477,3363340.9138083095
8611092_3364449.tif,8611589.683810547,3363340.9138083095
8611092_3364449.tif,8611895.43192362,3363340.9138083095
8611092_3364449.tif,8612201.18003669,3363340.9138083095
8611092_3364449.tif,8612430.491121493,3363340.9138083095
8611092_3364449.tif,8609755.19513212,3363111.6027235063
8611092_3364449.tif,8610060.943245191,3363111.6027235063
8611092_3364449.tif,8610366.691358263,3363111.6027235063
8611092_3364449.tif,8610672.439471334,3363111.6027235063
8611092_3364449.tif,8610978.187584406,3363111.6027235063
8611092_3364449.tif,8611283.935697477,3363111.6027235063
8611092_3364449.tif,8611589.683810547,3363111.6027235063
8611092_3364449.tif,8611895.43192362,3363111.6027235063
8611092_3364449.tif,8612201.18003669,3363111.6027235063
8611092_3364449.tif,8612430.491121493,3363111.6027235063
8611092_3367201.tif,8609755.19513212,3368538.6317307577
8611092_3367201.tif,8610060.943245191,3368538.6317307577
8611092_3367201.tif,8610366.691358263,3368538.6317307577
8611092_3367201.tif,8610672.439471334,3368538.6317307577
8611092_3367201.tif,8610978.187584406,3368538.6317307577
8611092_3367201.tif,8611283.935697477,3368538.6317307577
8611092_3367201.tif,8611589.683810547,3368538.6317307577
8611092_3367201.tif,8611895.43192362,3368538.6317307577
8611092_3367201.tif,8612201.18003669,3368538.6317307577
8611092_3367201.tif,8612430.491121493,3368538.6317307577
8611092_3367201.tif,8609755.19513212,3368232.883617686
8611092_3367201.tif,8610060.943245191,3368232.883617686
8611092_3367201.tif,8610366.691358263,3368232.883617686
8611092_3367201.tif,8610672.439471334,3368232.883617686
8611092_3367201.tif,8610978.187584406,3368232.883617686
8611092_3367201.tif,8611283.935697477,3368232.883617686
8611092_3367201.tif,8611589.683810547,3368232.883617686
8611092_3367201.tif,8611895.43192362,3368232.883617686
8611092_3367201.tif,8612201.18003669,3368232.883617686
8611092_3367201.tif,8612430.491121493,3368232.883617686
8611092_3367201.tif,8609755.19513212,3367927.135504615
8611092_3367201.tif,8610060.943245191,3367927.135504615
8611092_3367201.tif,8610366.691358263,3367927.135504615
8611092_3367201.tif,8610672.439471334,3367927.135504615
8611092_3367201.tif,8610978.187584406,3367927.135504615
8611092_3367201.tif,8611283.935697477,3367927.135504615
8611092_3367201.tif,8611589.683810547,3367927.135504615
8611092_3367201.tif,8611895.43192362,3367927.135504615
8611092_3367201.tif,8612201.18003669,3367927.135504615
8611092_3367201.tif,8612430.491121493,3367927.135504615
8611092_3367201.tif,8609755.19513212,3367621.387391544
8611092_3367201.tif,8610060.943245191,3367621.387391544
8611092_3367201.tif,8610366.691358263,3367621.387391544
8611092_3367201.tif,8610672.439471334,3367621.387391544
8611092_3367201.tif,8610978.187584406,3367621.387391544
8611092_3367201.tif,8611283.935697477,3367621.387391544
8611092_3367201.tif,8611589.683810547,3367621.387391544
8611092_3367201.tif,8611895.43192362,3367621.387391544
8611092_3367201.tif,8612201.18003669,3367621.387391544
8611092_3367201.tif,8612430.491121493,3367621.387391544
8611092_3367201.tif,8609755.19513212,3367315.6392784724
8611092_3367201.tif,8610060.943245191,3367315.6392784724
8611092_3367201.tif,8610366.691358263,3367315.6392784724
8611092_3367201.tif,8610672.439471334,3367315.6392784724
8611092_3367201.tif,8610978.187584406,3367315.6392784724
8611092_3367201.tif,8611283.935697477,3367315.6392784724
8611092_3367201.tif,8611589.683810547,3367315.6392784724
8611092_3367201.tif,8611895.43192362,3367315.6392784724
8611092_3367201.tif,8612201.18003669,3367315.6392784724
8611092_3367201.tif,8612430.491121493,3367315.6392784724
8611092_3367201.tif,8609755.19513212,3367009.891165402
8611092_3367201.tif,8610060.943245191,3367009.891165402
8611092_3367201.tif,8610366.691358263,3367009.891165402
8611092_3367201.tif,8610672.439471334,3367009.891165402
8611092_3367201.tif,8610978.187584406,3367009.891165402
8611092_3367201.tif,8611283.935697477,3367009.891165402
8611092_3367201.tif,8611589.683810547,3367009.891165402
8611092_3367201.tif,8611895.43192362,3367009.891165402
8611092_3367201.tif,8612201.18003669,3367009.891165402
8611092_3367201.tif,8612430.491121493,3367009.891165402
8611092_3367201.tif,8609755.19513212,3366704.1430523302
8611092_3367201.tif,8610060.943245191,3366704.1430523302
8611092_3367201.tif,8610366.691358263,3366704.1430523302
8611092_3367201.tif,8610672.439471334,3366704.1430523302
8611092_3367201.tif,8610978.187584406,3366704.1430523302
8611092_3367201.tif,8611283.935697477,3366704.1430523302
8611092_3367201.tif,8611589.683810547,3366704.1430523302
8611092_3367201.tif,8611895.43192362,3366704.1430523302
8611092_3367201.tif,8612201.18003669,3366704.1430523302
8611092_3367201.tif,8612430.491121493,3366704.1430523302
8611092_3367201.tif,8609755.19513212,3366398.394939259
8611092_3367201.tif,8610060.943245191,3366398.394939259
8611092_3367201.tif,8610366.691358263,3366398.394939259
8611092_3367201.tif,8610672.439471334,3366398.394939259
8611092_3367201.tif,8610978.187584406,3366398.394939259
8611092_3367201.tif,8611283.935697477,3366398.394939259
8611092_3367201.tif,8611589.683810547,3366398.394939259
8611092_3367201.tif,8611895.43192362,3366398.394939259
8611092_3367201.tif,8612201.18003669,3366398.394939259
8611092_3367201.tif,8612430.491121493,3366398.394939259
8611092_3367201.tif,8609755.19513212,3366092.646826188
8611092_3367201.tif,8610060.943245191,3366092.646826188
8611092_3367201.tif,8610366.691358263,3366092.646826188
8611092_3367201.tif,8610672.439471334,3366092.646826188
8611092_3367201.tif,8610978.187584406,3366092.646826188
8611092_3367201.tif,8611283.935697477,3366092.646826188
8611092_3367201.tif,8611589.683810547,3366092.646826188
8611092_3367201.tif,8611895.43192362,3366092.646826188
8611092_3367201.tif,8612201.18003669,3366092.646826188
8611092_3367201.tif,8612430.491121493,3366092.646826188
8611092_3367201.tif,8609755.19513212,3365863.335741385
8611092_3367201.tif,8610060.943245191,3365863.335741385
8611092_3367201.tif,8610366.691358263,3365863.335741385
8611092_3367201.tif,8610672.439471334,3365863.335741385
8611092_3367201.tif,8610978.187584406,3365863.335741385
8611092_3367201.tif,8611283.935697477,3365863.335741385
8611092_3367201.tif,8611589.683810547,3365863.335741385
8611092_3367201.tif,8611895.43192362,3365863.335741385
8611092_3367201.tif,8612201.18003669,3365863.335741385
8611092_3367201.tif,8612430.491121493,3365863.335741385
8611092_3369953.tif,8609755.19513212,3371290.364748624
8611092_3369953.tif,8610060.943245191,3371290.364748624
8611092_3369953.tif,8610366.691358263,3371290.364748624
8611092_3369953.tif,8610672.439471334,3371290.364748624
8611092_3369953.tif,8610978.187584406,3371290.364748624
8611092_3369953.tif,8611283.935697477,3371290.364748624
8611092_3369953.tif,8611589.683810547,3371290.364748624
8611092_3369953.tif,8611895.43192362,3371290.364748624
8611092_3369953.tif,8612201.18003669,3371290.364748624
8611092_3369953.tif,8612430.491121493,3371290.364748624
8611092_3369953.tif,8609755.19513212,3370984.6166355265
8611092_3369953.tif,8610060.943245191,3370984.6166355265
8611092_3369953.tif,8610366.691358263,3370984.6166355265
8611092_3369953.tif,8610672.439471334,3370984.6166355265
8611092_3369953.tif,8610978.187584406,3370984.6166355265
8611092_3369953.tif,8611283.935697477,3370984.6166355265
8611092_3369953.tif,8611589.683810547,3370984.6166355265
8611092_3369953.tif,8611895.43192362,3370984.6166355265
8611092_3369953.tif,8612201.18003669,3370984.6166355265
8611092_3369953.tif,8612430.491121493,3370984.6166355265
8611092_3369953.tif,8609755.19513212,3370678.8685224284
8611092_3369953.tif,8610060.943245191,3370678.8685224284
8611092_3369953.tif,8610366.691358263,3370678.8685224284
8611092_3369953.tif,8610672.439471334,3370678.8685224284
8611092_3369953.tif,8610978.187584406,3370678.8685224284
8611092_3369953.tif,8611283.935697477,3370678.8685224284
8611092_3369953.tif,8611589.683810547,3370678.8685224284
8611092_3369953.tif,8611895.43192362,3370678.8685224284
8611092_3369953.tif,8612201.18003669,3370678.8685224284
8611092_3369953.tif,8612430.491121493,3370678.8685224284
8611092_3369953.tif,8609755.19513212,3370373.1204093304
8611092_3369953.tif,8610060.943245191,3370373.1204093304
8611092_3369953.tif,8610366.691358263,3370373.1204093304
8611092_3369953.tif,8610672.439471334,3370373.1204093304
8611092_3369953.tif,8610978.187584406,3370373.1204093304
8611092_3369953.tif,8611283.935697477,3370373.1204093304
8611092_3369953.tif,8611589.683810547,3370373.1204093304
8611092_3369953.tif,8611895.43192362,3370373.1204093304
8611092_3369953.tif,8612201.18003669,3370373.1204093304
8611092_3369953.tif,8612430.491121493,3370373.1204093304
8611092_3369953.tif,8609755.19513212,3370067.3722962327
8611092_3369953.tif,8610060.943245191,3370067.3722962327
8611092_3369953.tif,8610366.691358263,3370067.3722962327
8611092_3369953.tif,8610672.439471334,3370067.3722962327
8611092_3369953.tif,8610978.187584406,3370067.3722962327
8611092_3369953.tif,8611283.935697477,3370067.3722962327
8611092_3369953.tif,8611589.683810547,3370067.3722962327
8611092_3369953.tif,8611895.43192362,3370067.3722962327
8611092_3369953.tif,8612201.18003669,3370067.3722962327
8611092_3369953.tif,8612430.491121493,3370067.3722962327
8611092_3369953.tif,8609755.19513212,3369761.6241831346
8611092_3369953.tif,8610060.943245191,3369761.6241831346
8611092_3369953.tif,8610366.691358263,3369761.6241831346
8611092_3369953.tif,8610672.439471334,3369761.6241831346
8611092_3369953.tif,8610978.187584406,3369761.6241831346
8611092_3369953.tif,8611283.935697477,3369761.6241831346
8611092_3369953.tif,8611589.683810547,3369761.6241831346
8611092_3369953.tif,8611895.43192362,3369761.6241831346
8611092_3369953.tif,8612201.18003669,3369761.6241831346
8611092_3369953.tif,8612430.491121493,3369761.6241831346
8611092_3369953.tif,8609755.19513212,3369455.8760700366
8611092_3369953.tif,8610060.943245191,3369455.8760700366
8611092_3369953.tif,8610366.691358263,3369455.8760700366
8611092_3369953.tif,8610672.439471334,3369455.8760700366
8611092_3369953.tif,8610978.187584406,3369455.8760700366
8611092_3369953.tif,8611283.935697477,3369455.8760700366
8611092_3369953.tif,8611589.683810547,3369455.8760700366
8611092_3369953.tif,8611895.43192362,3369455.8760700366
8611092_3369953.tif,8612201.18003669,3369455.8760700366
8611092_3369953.tif,8612430.491121493,3369455.8760700366
8611092_3369953.tif,8609755.19513212,3369150.127956939
8611092_3369953.tif,8610060.943245191,3369150.127956939
8611092_3369953.tif,8610366.691358263,3369150.127956939
8611092_3369953.tif,8610672.439471334,3369150.127956939
8611092_3369953.tif,8610978.187584406,3369150.127956939
8611092_3369953.tif,8611283.935697477,3369150.127956939
8611092_3369953.tif,8611589.683810547,3369150.127956939
8611092_3369953.tif,8611895.43192362,3369150.127956939
8611092_3369953.tif,8612201.18003669,3369150.127956939
8611092_3369953.tif,8612430.491121493,3369150.127956939
8611092_3369953.tif,8609755.19513212,3368844.3798438404
8611092_3369953.tif,8610060.943245191,3368844.3798438404
8611092_3369953.tif,8610366.691358263,3368844.3798438404
8611092_3369953.tif,8610672.439471334,3368844.3798438404
8611092_3369953.tif,8610978.187584406,3368844.3798438404
8611092_3369953.tif,8611283.935697477,3368844.3798438404
8611092_3369953.tif,8611589.683810547,3368844.3798438404
8611092_3369953.tif,8611895.43192362,3368844.3798438404
8611092_3369953.tif,8612201.18003669,3368844.3798438404
8611092_3369953.tif,8612430.491121493,3368844.3798438404
8611092_3369953.tif,8609755.19513212,3368615.068759017
8611092_3369953.tif,8610060.943245191,3368615.068759017
8611092_3369953.tif,8610366.691358263,3368615.068759017
8611092_3369953.tif,8610672.439471334,3368615.068759017
8611092_3369953.tif,8610978.187584406,3368615.068759017
8611092_3369953.tif,8611283.935697477,3368615.068759017
8611092_3369953.tif,8611589.683810547,3368615.068759017
8611092_3369953.tif,8611895.43192362,3368615.068759017
8611092_3369953.tif,8612201.18003669,3368615.068759017
8611092_3369953.tif,8612430.491121493,3368615.068759017
8611092_3372705.tif,8609755.19513212,3374042.097766505
8611092_3372705.tif,8610060.943245191,3374042.097766505
8611092_3372705.tif,8610366.691358263,3374042.097766505
8611092_3372705.tif,8610672.439471334,3374042.097766505
8611092_3372705.tif,8610978.187584406,3374042.097766505
8611092_3372705.tif,8611283.935697477,3374042.097766505
8611092_3372705.tif,8611589.683810547,3374042.097766505
8611092_3372705.tif,8611895.43192362,3374042.097766505
8611092_3372705.tif,8612201.18003669,3374042.097766505
8611092_3372705.tif,8612430.491121493,3374042.097766505
8611092_3372705.tif,8609755.19513212,3373736.349653407
8611092_3372705.tif,8610060.943245191,3373736.349653407
8611092_3372705.tif,8610366.691358263,3373736.349653407
8611092_3372705.tif,8610672.439471334,3373736.349653407
8611092_3372705.tif,8610978.187584406,3373736.349653407
8611092_3372705.tif,8611283.935697477,3373736.349653407
8611092_3372705.tif,8611589.683810547,3373736.349653407
8611092_3372705.tif,8611895.43192362,3373736.349653407
8611092_3372705.tif,8612201.18003669,3373736.349653407
8611092_3372705.tif,8612430.491121493,3373736.349653407
8611092_3372705.tif,8609755.19513212,3373430.6015403084
8611092_3372705.tif,8610060.943245191,3373430.6015403084
8611092_3372705.tif,8610366.691358263,3373430.6015403084
8611092_3372705.tif,8610672.439471334,3373430.6015403084
8611092_3372705.tif,8610978.187584406,3373430.6015403084
8611092_3372705.tif,8611283.935697477,3373430.6015403084
8611092_3372705.tif,8611589.683810547,3373430.6015403084
8611092_3372705.tif,8611895.43192362,3373430.6015403084
8611092_3372705.tif,8612201.18003669,3373430.6015403084
8611092_3372705.tif,8612430.491121493,3373430.6015403084
8611092_3372705.tif,8609755.19513212,3373124.8534272104
8611092_3372705.tif,8610060.943245191,3373124.8534272104
8611092_3372705.tif,8610366.691358263,3373124.8534272104
8611092_3372705.tif,8610672.439471334,3373124.8534272104
8611092_3372705.tif,8610978.187584406,3373124.8534272104
8611092_3372705.tif,8611283.935697477,3373124.8534272104
8611092_3372705.tif,8611589.683810547,3373124.8534272104
8611092_3372705.tif,8611895.43192362,3373124.8534272104
8611092_3372705.tif,8612201.18003669,3373124.8534272104
8611092_3372705.tif,8612430.491121493,3373124.8534272104
8611092_3372705.tif,8609755.19513212,3372819.105314112
8611092_3372705.tif,8610060.943245191,3372819.105314112
8611092_3372705.tif,8610366.691358263,3372819.105314112
8611092_3372705.tif,8610672.439471334,3372819.105314112
8611092_3372705.tif,8610978.187584406,3372819.105314112
8611092_3372705.tif,8611283.935697477,3372819.105314112
8611092_3372705.tif,8611589.683810547,3372819.105314112
8611092_3372705.tif,8611895.43192362,3372819.105314112
8611092_3372705.tif,8612201.18003669,3372819.105314112
8611092_3372705.tif,8612430.491121493,3372819.105314112
8611092_3372705.tif,8609755.19513212,3372513.3572010137
8611092_3372705.tif,8610060.943245191,3372513.3572010137
8611092_3372705.tif,8610366.691358263,3372513.3572010137
8611092_3372705.tif,8610672.439471334,3372513.3572010137
8611092_3372705.tif,8610978.187584406,3372513.3572010137
8611092_3372705.tif,8611283.935697477,3372513.3572010137
8611092_3372705.tif,8611589.683810547,3372513.3572010137
8611092_3372705.tif,8611895.43192362,3372513.3572010137
8611092_3372705.tif,8612201.18003669,3372513.3572010137
8611092_3372705.tif,8612430.491121493,3372513.3572010137
8611092_3372705.tif,8609755.19513212,3372207.609087915
8611092_3372705.tif,8610060.943245191,3372207.609087915
8611092_3372705.tif,8610366.691358263,3372207.609087915
8611092_3372705.tif,8610672.439471334,3372207.609087915
8611092_3372705.tif,8610978.187584406,3372207.609087915
8611092_3372705.tif,8611283.935697477,3372207.609087915
8611092_3372705.tif,8611589.683810547,3372207.609087915
8611092_3372705.tif,8611895.43192362,3372207.609087915
8611092_3372705.tif,8612201.18003669,3372207.609087915
8611092_3372705.tif,8612430.491121493,3372207.609087915
8611092_3372705.tif,8609755.19513212,3371901.860974817
8611092_3372705.tif,8610060.943245191,3371901.860974817
8611092_3372705.tif,8610366.691358263,3371901.860974817
8611092_3372705.tif,8610672.439471334,3371901.860974817
8611092_3372705.tif,8610978.187584406,3371901.860974817
8611092_3372705.tif,8611283.935697477,3371901.860974817
8611092_3372705.tif,8611589.683810547,3371901.860974817
8611092_3372705.tif,8611895.43192362,3371901.860974817
8611092_3372705.tif,8612201.18003669,3371901.860974817
8611092_3372705.tif,8612430.491121493,3371901.860974817
8611092_3372705.tif,8609755.19513212,3371596.112861719
8611092_3372705.tif,8610060.943245191,3371596.112861719
8611092_3372705.tif,8610366.691358263,3371596.112861719
8611092_3372705.tif,8610672.439471334,3371596.112861719
8611092_3372705.tif,8610978.187584406,3371596.112861719
8611092_3372705.tif,8611283.935697477,3371596.112861719
8611092_3372705.tif,8611589.683810547,3371596.112861719
8611092_3372705.tif,8611895.43192362,3371596.112861719
8611092_3372705.tif,8612201.18003669,3371596.112861719
8611092_3372705.tif,8612430.491121493,3371596.112861719
8611092_3372705.tif,8609755.19513212,3371366.8017768953
8611092_3372705.tif,8610060.943245191,3371366.8017768953
8611092_3372705.tif,8610366.691358263,3371366.8017768953
8611092_3372705.tif,8610672.439471334,3371366.8017768953
8611092_3372705.tif,8610978.187584406,3371366.8017768953
8611092_3372705.tif,8611283.935697477,3371366.8017768953
8611092_3372705.tif,8611589.683810547,3371366.8017768953
8611092_3372705.tif,8611895.43192362,3371366.8017768953
8611092_3372705.tif,8612201.18003669,3371366.8017768953
8611092_3372705.tif,8612430.491121493,3371366.8017768953
8613843_3328677.tif,8612506.928149752,3330014.3694799384
8613843_3328677.tif,8612812.676262852,3330014.3694799384
8613843_3328677.tif,8613118.424375948,3330014.3694799384
8613843_3328677.tif,8613424.172489047,3330014.3694799384
8613843_3328677.tif,8613729.920602145,3330014.3694799384
8613843_3328677.tif,8614035.668715242,3330014.3694799384
8613843_3328677.tif,8614341.416828342,3330014.3694799384
8613843_3328677.tif,8614647.164941438,3330014.3694799384
8613843_3328677.tif,8614952.913054537,3330014.3694799384
8613843_3328677.tif,8615182.224139359,3330014.3694799384
8613843_3328677.tif,8612506.928149752,3329708.6213668403
8613843_3328677.tif,8612812.676262852,3329708.6213668403
8613843_3328677.tif,8613118.424375948,3329708.6213668403
8613843_3328677.tif,8613424.172489047,3329708.6213668403
8613843_3328677.tif,8613729.920602145,3329708.6213668403
8613843_3328677.tif,8614035.668715242,3329708.6213668403
8613843_3328677.tif,8614341.416828342,3329708.6213668403
8613843_3328677.tif,8614647.164941438,3329708.6213668403
8613843_3328677.tif,8614952.913054537,3329708.6213668403
8613843_3328677.tif,8615182.224139359,3329708.6213668403
8613843_3328677.tif,8612506.928149752,3329402.8732537422
8613843_3328677.tif,8612812.676262852,3329402.8732537422
8613843_3328677.tif,8613118.424375948,3329402.8732537422
8613843_3328677.tif,8613424.172489047,3329402.8732537422
8613843_3328677.tif,8613729.920602145,3329402.8732537422
8613843_3328677.tif,8614035.668715242,3329402.8732537422
8613843_3328677.tif,8614341.416828342,3329402.8732537422
8613843_3328677.tif,8614647.164941438,3329402.8732537422
8613843_3328677.tif,8614952.913054537,3329402.8732537422
8613843_3328677.tif,8615182.224139359,3329402.8732537422
8613843_3328677.tif,8612506.928149752,3329097.1251406446
8613843_3328677.tif,8612812.676262852,3329097.1251406446
8613843_3328677.tif,8613118.424375948,3329097.1251406446
8613843_3328677.tif,8613424.172489047,3329097.1251406446
8613843_3328677.tif,8613729.920602145,3329097.1251406446
8613843_3328677.tif,8614035.668715242,3329097.1251406446
8613843_3328677.tif,8614341.416828342,3329097.1251406446
8613843_3328677.tif,8614647.164941438,3329097.1251406446
8613843_3328677.tif,8614952.913054537,3329097.1251406446
8613843_3328677.tif,8615182.224139359,3329097.1251406446
8613843_3328677.tif,8612506.928149752,3328791.377027547
8613843_3328677.tif,8612812.676262852,3328791.377027547
8613843_3328677.tif,8613118.424375948,3328791.377027547
8613843_3328677.tif,8613424.172489047,3328791.377027547
8613843_3328677.tif,8613729.920602145,3328791.377027547
8613843_3328677.tif,8614035.668715242,3328791.377027547
8613843_3328677.tif,8614341.416828342,3328791.377027547
8613843_3328677.tif,8614647.164941438,3328791.377027547
8613843_3328677.tif,8614952.913054537,3328791.377027547
8613843_3328677.tif,8615182.224139359,3328791.377027547
8613843_3328677.tif,8612506.928149752,3328485.628914449
8613843_3328677.tif,8612812.676262852,3328485.628914449
8613843_3328677.tif,8613118.424375948,3328485.628914449
8613843_3328677.tif,8613424.172489047,3328485.628914449
8613843_3328677.tif,8613729.920602145,3328485.628914449
8613843_3328677.tif,8614035.668715242,3328485.628914449
8613843_3328677.tif,8614341.416828342,3328485.628914449
8613843_3328677.tif,8614647.164941438,3328485.628914449
8613843_3328677.tif,8614952.913054537,3328485.628914449
8613843_3328677.tif,8615182.224139359,3328485.628914449
8613843_3328677.tif,8612506.928149752,3328179.880801351
8613843_3328677.tif,8612812.676262852,3328179.880801351
8613843_3328677.tif,8613118.424375948,3328179.880801351
8613843_3328677.tif,8613424.172489047,3328179.880801351
8613843_3328677.tif,8613729.920602145,3328179.880801351
8613843_3328677.tif,8614035.668715242,3328179.880801351
8613843_3328677.tif,8614341.416828342,3328179.880801351
8613843_3328677.tif,8614647.164941438,3328179.880801351
8613843_3328677.tif,8614952.913054537,3328179.880801351
8613843_3328677.tif,8615182.224139359,3328179.880801351
8613843_3328677.tif,8612506.928149752,3327874.132688253
8613843_3328677.tif,8612812.676262852,3327874.132688253
8613843_3328677.tif,8613118.424375948,3327874.132688253
8613843_3328677.tif,8613424.172489047,3327874.132688253
8613843_3328677.tif,8613729.920602145,3327874.132688253
8613843_3328677.tif,8614035.668715242,3327874.132688253
8613843_3328677.tif,8614341.416828342,3327874.132688253
8613843_3328677.tif,8614647.164941438,3327874.132688253
8613843_3328677.tif,8614952.913054537,3327874.132688253
8613843_3328677.tif,8615182.224139359,3327874.132688253
8613843_3328677.tif,8612506.928149752,3327568.3845751556
8613843_3328677.tif,8612812.676262852,3327568.3845751556
8613843_3328677.tif,8613118.424375948,3327568.3845751556
8613843_3328677.tif,8613424.172489047,3327568.3845751556
8613843_3328677.tif,8613729.920602145,3327568.3845751556
8613843_3328677.tif,8614035.668715242,3327568.3845751556
8613843_3328677.tif,8614341.416828342,3327568.3845751556
8613843_3328677.tif,8614647.164941438,3327568.3845751556
8613843_3328677.tif,8614952.913054537,3327568.3845751556
8613843_3328677.tif,8615182.224139359,3327568.3845751556
8613843_3328677.tif,8612506.928149752,3327339.073490332
8613843_3328677.tif,8612812.676262852,3327339.073490332
8613843_3328677.tif,8613118.424375948,3327339.073490332
8613843_3328677.tif,8613424.172489047,3327339.073490332
8613843_3328677.tif,8613729.920602145,3327339.073490332
8613843_3328677.tif,8614035.668715242,3327339.073490332
8613843_3328677.tif,8614341.416828342,3327339.073490332
8613843_3328677.tif,8614647.164941438,3327339.073490332
8613843_3328677.tif,8614952.913054537,3327339.073490332
8613843_3328677.tif,8615182.224139359,3327339.073490332
8613843_3331429.tif,8612506.928149752,3332766.102497818
8613843_3331429.tif,8612812.676262852,3332766.102497818
8613843_3331429.tif,8613118.424375948,3332766.102497818
8613843_3331429.tif,8613424.172489047,3332766.102497818
8613843_3331429.tif,8613729.920602145,3332766.102497818
8613843_3331429.tif,8614035.668715242,3332766.102497818
8613843_3331429.tif,8614341.416828342,3332766.102497818
8613843_3331429.tif,8614647.164941438,3332766.102497818
8613843_3331429.tif,8614952.913054537,3332766.102497818
8613843_3331429.tif,8615182.224139359,3332766.102497818
8613843_3331429.tif,8612506.928149752,3332460.3543847203
8613843_3331429.tif,8612812.676262852,3332460.3543847203
8613843_3331429.tif,8613118.424375948,3332460.3543847203
8613843_3331429.tif,8613424.172489047,3332460.3543847203
8613843_3331429.tif,8613729.920602145,3332460.3543847203
8613843_3331429.tif,8614035.668715242,3332460.3543847203
8613843_3331429.tif,8614341.416828342,3332460.3543847203
8613843_3331429.tif,8614647.164941438,3332460.3543847203
8613843_3331429.tif,8614952.913054537,3332460.3543847203
8613843_3331429.tif,8615182.224139359,3332460.3543847203
8613843_3331429.tif,8612506.928149752,3332154.6062716227
8613843_3331429.tif,8612812.676262852,3332154.6062716227
8613843_3331429.tif,8613118.424375948,3332154.6062716227
8613843_3331429.tif,8613424.172489047,3332154.6062716227
8613843_3331429.tif,8613729.920602145,3332154.6062716227
8613843_3331429.tif,8614035.668715242,3332154.6062716227
8613843_3331429.tif,8614341.416828342,3332154.6062716227
8613843_3331429.tif,8614647.164941438,3332154.6062716227
8613843_3331429.tif,8614952.913054537,3332154.6062716227
8613843_3331429.tif,8615182.224139359,3332154.6062716227
8613843_3331429.tif,8612506.928149752,3331848.858158524
8613843_3331429.tif,8612812.676262852,3331848.858158524
8613843_3331429.tif,8613118.424375948,3331848.858158524
8613843_3331429.tif,8613424.172489047,3331848.858158524
8613843_3331429.tif,8613729.920602145,3331848.858158524
8613843_3331429.tif,8614035.668715242,3331848.858158524
8613843_3331429.tif,8614341.416828342,3331848.858158524
8613843_3331429.tif,8614647.164941438,3331848.858158524
8613843_3331429.tif,8614952.913054537,3331848.858158524
8613843_3331429.tif,8615182.224139359,3331848.858158524
8613843_3331429.tif,8612506.928149752,3331543.1100454265
8613843_3331429.tif,8612812.676262852,3331543.1100454265
8613843_3331429.tif,8613118.424375948,3331543.1100454265
8613843_3331429.tif,8613424.172489047,3331543.1100454265
8613843_3331429.tif,8613729.920602145,3331543.1100454265
8613843_3331429.tif,8614035.668715242,3331543.1100454265
8613843_3331429.tif,8614341.416828342,3331543.1100454265
8613843_3331429.tif,8614647.164941438,3331543.1100454265
8613843_3331429.tif,8614952.913054537,3331543.1100454265
8613843_3331429.tif,8615182.224139359,3331543.1100454265
8613843_3331429.tif,8612506.928149752,3331237.361932329
8613843_3331429.tif,8612812.676262852,3331237.361932329
8613843_3331429.tif,8613118.424375948,3331237.361932329
8613843_3331429.tif,8613424.172489047,3331237.361932329
8613843_3331429.tif,8613729.920602145,3331237.361932329
8613843_3331429.tif,8614035.668715242,3331237.361932329
8613843_3331429.tif,8614341.416828342,3331237.361932329
8613843_3331429.tif,8614647.164941438,3331237.361932329
8613843_3331429.tif,8614952.913054537,3331237.361932329
8613843_3331429.tif,8615182.224139359,3331237.361932329
8613843_3331429.tif,8612506.928149752,3330931.6138192303
8613843_3331429.tif,8612812.676262852,3330931.6138192303
8613843_3331429.tif,8613118.424375948,3330931.6138192303
8613843_3331429.tif,8613424.172489047,3330931.6138192303
8613843_3331429.tif,8613729.920602145,3330931.6138192303
8613843_3331429.tif,8614035.668715242,3330931.6138192303
8613843_3331429.tif,8614341.416828342,3330931.6138192303
8613843_3331429.tif,8614647.164941438,3330931.6138192303
8613843_3331429.tif,8614952.913054537,3330931.6138192303
8613843_3331429.tif,8615182.224139359,3330931.6138192303
8613843_3331429.tif,8612506.928149752,3330625.8657061327
8613843_3331429.tif,8612812.676262852,3330625.8657061327
8613843_3331429.tif,8613118.424375948,3330625.8657061327
8613843_3331429.tif,8613424.172489047,3330625.8657061327
8613843_3331429.tif,8613729.920602145,3330625.8657061327
8613843_3331429.tif,8614035.668715242,3330625.8657061327
8613843_3331429.tif,8614341.416828342,3330625.8657061327
8613843_3331429.tif,8614647.164941438,3330625.8657061327
8613843_3331429.tif,8614952.913054537,3330625.8657061327
8613843_3331429.tif,8615182.224139359,3330625.8657061327
8613843_3331429.tif,8612506.928149752,3330320.117593035
8613843_3331429.tif,8612812.676262852,3330320.117593035
8613843_3331429.tif,8613118.424375948,3330320.117593035
8613843_3331429.tif,8613424.172489047,3330320.117593035
8613843_3331429.tif,8613729.920602145,3330320.117593035
8613843_3331429.tif,8614035.668715242,3330320.117593035
8613843_3331429.tif,8614341.416828342,3330320.117593035
8613843_3331429.tif,8614647.164941438,3330320.117593035
8613843_3331429.tif,8614952.913054537,3330320.117593035
8613843_3331429.tif,8615182.224139359,3330320.117593035
8613843_3331429.tif,8612506.928149752,3330090.8065082114
8613843_3331429.tif,8612812.676262852,3330090.8065082114
8613843_3331429.tif,8613118.424375948,3330090.8065082114
8613843_3331429.tif,8613424.172489047,3330090.8065082114
8613843_3331429.tif,8613729.920602145,3330090.8065082114
8613843_3331429.tif,8614035.668715242,3330090.8065082114
8613843_3331429.tif,8614341.416828342,3330090.8065082114
8613843_3331429.tif,8614647.164941438,3330090.8065082114
8613843_3331429.tif,8614952.913054537,3330090.8065082114
8613843_3331429.tif,8615182.224139359,3330090.8065082114
8613843_3334180.tif,8612506.928149752,3335517.8355157003
8613843_3334180.tif,8612812.676262852,3335517.8355157003
8613843_3334180.tif,8613118.424375948,3335517.8355157003
8613843_3334180.tif,8613424.172489047,3335517.8355157003
8613843_3334180.tif,8613729.920602145,3335517.8355157003
8613843_3334180.tif,8614035.668715242,3335517.8355157003
8613843_3334180.tif,8614341.416828342,3335517.8355157003
8613843_3334180.tif,8614647.164941438,3335517.8355157003
8613843_3334180.tif,8614952.913054537,3335517.8355157003
8613843_3334180.tif,8615182.224139359,3335517.8355157003
8613843_3334180.tif,8612506.928149752,3335212.0874026027
8613843_3334180.tif,8612812.676262852,3335212.0874026027
8613843_3334180.tif,8613118.424375948,3335212.0874026027
8613843_3334180.tif,8613424.172489047,3335212.0874026027
8613843_3334180.tif,8613729.920602145,3335212.0874026027
8613843_3334180.tif,8614035.668715242,3335212.0874026027
8613843_3334180.tif,8614341.416828342,3335212.0874026027
8613843_3334180.tif,8614647.164941438,3335212.0874026027
8613843_3334180.tif,8614952.913054537,3335212.0874026027
8613843_3334180.tif,8615182.224139359,3335212.0874026027
8613843_3334180.tif,8612506.928149752,3334906.339289505
8613843_3334180.tif,8612812.676262852,3334906.339289505
8613843_3334180.tif,8613118.424375948,3334906.339289505
8613843_3334180.tif,8613424.172489047,3334906.339289505
8613843_3334180.tif,8613729.920602145,3334906.339289505
8613843_3334180.tif,8614035.668715242,3334906.339289505
8613843_3334180.tif,8614341.416828342,3334906.339289505
8613843_3334180.tif,8614647.164941438,3334906.339289505
8613843_3334180.tif,8614952.913054537,3334906.339289505
8613843_3334180.tif,8615182.224139359,3334906.339289505
8613843_3334180.tif,8612506.928149752,3334600.591176407
8613843_3334180.tif,8612812.676262852,3334600.591176407
8613843_3334180.tif,8613118.424375948,3334600.591176407
8613843_3334180.tif,8613424.172489047,3334600.591176407
8613843_3334180.tif,8613729.920602145,3334600.591176407
8613843_3334180.tif,8614035.668715242,3334600.591176407
8613843_3334180.tif,8614341.416828342,3334600.591176407
8613843_3334180.tif,8614647.164941438,3334600.591176407
8613843_3334180.tif,8614952.913054537,3334600.591176407
8613843_3334180.tif,8615182.224139359,3334600.591176407
8613843_3334180.tif,8612506.928149752,3334294.843063309
8613843_3334180.tif,8612812.676262852,3334294.843063309
8613843_3334180.tif,8613118.424375948,3334294.843063309
8613843_3334180.tif,8613424.172489047,3334294.843063309
8613843_3334180.tif,8613729.920602145,3334294.843063309
8613843_3334180.tif,8614035.668715242,3334294.843063309
8613843_3334180.tif,8614341.416828342,3334294.843063309
8613843_3334180.tif,8614647.164941438,3334294.843063309
8613843_3334180.tif,8614952.913054537,3334294.843063309
8613843_3334180.tif,8615182.224139359,3334294.843063309
8613843_3334180.tif,8612506.928149752,3333989.0949502112
8613843_3334180.tif,8612812.676262852,3333989.0949502112
8613843_3334180.tif,8613118.424375948,3333989.0949502112
8613843_3334180.tif,8613424.172489047,3333989.0949502112
8613843_3334180.tif,8613729.920602145,3333989.0949502112
8613843_3334180.tif,8614035.668715242,3333989.0949502112
8613843_3334180.tif,8614341.416828342,3333989.0949502112
8613843_3334180.tif,8614647.164941438,3333989.0949502112
8613843_3334180.tif,8614952.913054537,3333989.0949502112
8613843_3334180.tif,8615182.224139359,3333989.0949502112
8613843_3334180.tif,8612506.928149752,3333683.3468371136
8613843_3334180.tif,8612812.676262852,3333683.3468371136
8613843_3334180.tif,8613118.424375948,3333683.3468371136
8613843_3334180.tif,8613424.172489047,3333683.3468371136
8613843_3334180.tif,8613729.920602145,3333683.3468371136
8613843_3334180.tif,8614035.668715242,3333683.3468371136
8613843_3334180.tif,8614341.416828342,3333683.3468371136
8613843_3334180.tif,8614647.164941438,3333683.3468371136
8613843_3334180.tif,8614952.913054537,3333683.3468371136
8613843_3334180.tif,8615182.224139359,3333683.3468371136
8613843_3334180.tif,8612506.928149752,3333377.5987240155
8613843_3334180.tif,8612812.676262852,3333377.5987240155
8613843_3334180.tif,8613118.424375948,3333377.5987240155
8613843_3334180.tif,8613424.172489047,3333377.5987240155
8613843_3334180.tif,8613729.920602145,3333377.5987240155
8613843_3334180.tif,8614035.668715242,3333377.5987240155
8613843_3334180.tif,8614341.416828342,3333377.5987240155
8613843_3334180.tif,8614647.164941438,3333377.5987240155
8613843_3334180.tif,8614952.913054537,3333377.5987240155
8613843_3334180.tif,8615182.224139359,3333377.5987240155
8613843_3334180.tif,8612506.928149752,3333071.8506109174
8613843_3334180.tif,8612812.676262852,3333071.8506109174
8613843_3334180.tif,8613118.424375948,3333071.8506109174
8613843_3334180.tif,8613424.172489047,3333071.8506109174
8613843_3334180.tif,8613729.920602145,3333071.8506109174
8613843_3334180.tif,8614035.668715242,3333071.8506109174
8613843_3334180.tif,8614341.416828342,3333071.8506109174
8613843_3334180.tif,8614647.164941438,3333071.8506109174
8613843_3334180.tif,8614952.913054537,3333071.8506109174
8613843_3334180.tif,8615182.224139359,3333071.8506109174
8613843_3334180.tif,8612506.928149752,3332842.539526094
8613843_3334180.tif,8612812.676262852,3332842.539526094
8613843_3334180.tif,8613118.424375948,3332842.539526094
8613843_3334180.tif,8613424.172489047,3332842.539526094
8613843_3334180.tif,8613729.920602145,3332842.539526094
8613843_3334180.tif,8614035.668715242,3332842.539526094
8613843_3334180.tif,8614341.416828342,3332842.539526094
8613843_3334180.tif,8614647.164941438,3332842.539526094
8613843_3334180.tif,8614952.913054537,3332842.539526094
8613843_3334180.tif,8615182.224139359,3332842.539526094
8613843_3336932.tif,8612506.928149752,3338269.568533582
8613843_3336932.tif,8612812.676262852,3338269.568533582
8613843_3336932.tif,8613118.424375948,3338269.568533582
8613843_3336932.tif,8613424.172489047,3338269.568533582
8613843_3336932.tif,8613729.920602145,3338269.568533582
8613843_3336932.tif,8614035.668715242,3338269.568533582
8613843_3336932.tif,8614341.416828342,3338269.568533582
8613843_3336932.tif,8614647.164941438,3338269.568533582
8613843_3336932.tif,8614952.913054537,3338269.568533582
8613843_3336932.tif,8615182.224139359,3338269.568533582
8613843_3336932.tif,8612506.928149752,3337963.820420484
8613843_3336932.tif,8612812.676262852,3337963.820420484
8613843_3336932.tif,8613118.424375948,3337963.820420484
8613843_3336932.tif,8613424.172489047,3337963.820420484
8613843_3336932.tif,8613729.920602145,3337963.820420484
8613843_3336932.tif,8614035.668715242,3337963.820420484
8613843_3336932.tif,8614341.416828342,3337963.820420484
8613843_3336932.tif,8614647.164941438,3337963.820420484
8613843_3336932.tif,8614952.913054537,3337963.820420484
8613843_3336932.tif,8615182.224139359,3337963.820420484
8613843_3336932.tif,8612506.928149752,3337658.072307386
8613843_3336932.tif,8612812.676262852,3337658.072307386
8613843_3336932.tif,8613118.424375948,3337658.072307386
8613843_3336932.tif,8613424.172489047,3337658.072307386
8613843_3336932.tif,8613729.920602145,3337658.072307386
8613843_3336932.tif,8614035.668715242,3337658.072307386
8613843_3336932.tif,8614341.416828342,3337658.072307386
8613843_3336932.tif,8614647.164941438,3337658.072307386
8613843_3336932.tif,8614952.913054537,3337658.072307386
8613843_3336932.tif,8615182.224139359,3337658.072307386
8613843_3336932.tif,8612506.928149752,3337352.3241942874
8613843_3336932.tif,8612812.676262852,3337352.3241942874
8613843_3336932.tif,8613118.424375948,3337352.3241942874
8613843_3336932.tif,8613424.172489047,3337352.3241942874
8613843_3336932.tif,8613729.920602145,3337352.3241942874
8613843_3336932.tif,8614035.668715242,3337352.3241942874
8613843_3336932.tif,8614341.416828342,3337352.3241942874
8613843_3336932.tif,8614647.164941438,3337352.3241942874
8613843_3336932.tif,8614952.913054537,3337352.3241942874
8613843_3336932.tif,8615182.224139359,3337352.3241942874
8613843_3336932.tif,8612506.928149752,3337046.5760811893
8613843_3336932.tif,8612812.676262852,3337046.5760811893
8613843_3336932.tif,8613118.424375948,3337046.5760811893
8613843_3336932.tif,8613424.172489047,3337046.5760811893
8613843_3336932.tif,8613729.920602145,3337046.5760811893
8613843_3336932.tif,8614035.668715242,3337046.5760811893
8613843_3336932.tif,8614341.416828342,3337046.5760811893
8613843_3336932.tif,8614647.164941438,3337046.5760811893
8613843_3336932.tif,8614952.913054537,3337046.5760811893
8613843_3336932.tif,8615182.224139359,3337046.5760811893
8613843_3336932.tif,8612506.928149752,3336740.8279680912
8613843_3336932.tif,8612812.676262852,3336740.8279680912
8613843_3336932.tif,8613118.424375948,3336740.8279680912
8613843_3336932.tif,8613424.172489047,3336740.8279680912
8613843_3336932.tif,8613729.920602145,3336740.8279680912
8613843_3336932.tif,8614035.668715242,3336740.8279680912
8613843_3336932.tif,8614341.416828342,3336740.8279680912
8613843_3336932.tif,8614647.164941438,3336740.8279680912
8613843_3336932.tif,8614952.913054537,3336740.8279680912
8613843_3336932.tif,8615182.224139359,3336740.8279680912
8613843_3336932.tif,8612506.928149752,3336435.079854993
8613843_3336932.tif,8612812.676262852,3336435.079854993
8613843_3336932.tif,8613118.424375948,3336435.079854993
8613843_3336932.tif,8613424.172489047,3336435.079854993
8613843_3336932.tif,8613729.920602145,3336435.079854993
8613843_3336932.tif,8614035.668715242,3336435.079854993
8613843_3336932.tif,8614341.416828342,3336435.079854993
8613843_3336932.tif,8614647.164941438,3336435.079854993
8613843_3336932.tif,8614952.913054537,3336435.079854993
8613843_3336932.tif,8615182.224139359,3336435.079854993
8613843_3336932.tif,8612506.928149752,3336129.331741895
8613843_3336932.tif,8612812.676262852,3336129.331741895
8613843_3336932.tif,8613118.424375948,3336129.331741895
8613843_3336932.tif,8613424.172489047,3336129.331741895
8613843_3336932.tif,8613729.920602145,3336129.331741895
8613843_3336932.tif,8614035.668715242,3336129.331741895
8613843_3336932.tif,8614341.416828342,3336129.331741895
8613843_3336932.tif,8614647.164941438,3336129.331741895
8613843_3336932.tif,8614952.913054537,3336129.331741895
8613843_3336932.tif,8615182.224139359,3336129.331741895
8613843_3336932.tif,8612506.928149752,3335823.5836287965
8613843_3336932.tif,8612812.676262852,3335823.5836287965
8613843_3336932.tif,8613118.424375948,3335823.5836287965
8613843_3336932.tif,8613424.172489047,3335823.5836287965
8613843_3336932.tif,8613729.920602145,3335823.5836287965
8613843_3336932.tif,8614035.668715242,3335823.5836287965
8613843_3336932.tif,8614341.416828342,3335823.5836287965
8613843_3336932.tif,8614647.164941438,3335823.5836287965
8613843_3336932.tif,8614952.913054537,3335823.5836287965
8613843_3336932.tif,8615182.224139359,3335823.5836287965
8613843_3336932.tif,8612506.928149752,3335594.272543973
8613843_3336932.tif,8612812.676262852,3335594.272543973
8613843_3336932.tif,8613118.424375948,3335594.272543973
8613843_3336932.tif,8613424.172489047,3335594.272543973
8613843_3336932.tif,8613729.920602145,3335594.272543973
8613843_3336932.tif,8614035.668715242,3335594.272543973
8613843_3336932.tif,8614341.416828342,3335594.272543973
8613843_3336932.tif,8614647.164941438,3335594.272543973
8613843_3336932.tif,8614952.913054537,3335594.272543973
8613843_3336932.tif,8615182.224139359,3335594.272543973
8613843_3339684.tif,8612506.928149752,3341021.301551464
8613843_3339684.tif,8612812.676262852,3341021.301551464
8613843_3339684.tif,8613118.424375948,3341021.301551464
8613843_3339684.tif,8613424.172489047,3341021.301551464
8613843_3339684.tif,8613729.920602145,3341021.301551464
8613843_3339684.tif,8614035.668715242,3341021.301551464
8613843_3339684.tif,8614341.416828342,3341021.301551464
8613843_3339684.tif,8614647.164941438,3341021.301551464
8613843_3339684.tif,8614952.913054537,3341021.301551464
8613843_3339684.tif,8615182.224139359,3341021.301551464
8613843_3339684.tif,8612506.928149752,3340715.5534383664
8613843_3339684.tif,8612812.676262852,3340715.5534383664
8613843_3339684.tif,8613118.424375948,3340715.5534383664
8613843_3339684.tif,8613424.172489047,3340715.5534383664
8613843_3339684.tif,8613729.920602145,3340715.5534383664
8613843_3339684.tif,8614035.668715242,3340715.5534383664
8613843_3339684.tif,8614341.416828342,3340715.5534383664
8613843_3339684.tif,8614647.164941438,3340715.5534383664
8613843_3339684.tif,8614952.913054537,3340715.5534383664
8613843_3339684.tif,8615182.224139359,3340715.5534383664
8613843_3339684.tif,8612506.928149752,3340409.805325268
8613843_3339684.tif,8612812.676262852,3340409.805325268
8613843_3339684.tif,8613118.424375948,3340409.805325268
8613843_3339684.tif,8613424.172489047,3340409.805325268
8613843_3339684.tif,8613729.920602145,3340409.805325268
8613843_3339684.tif,8614035.668715242,3340409.805325268
8613843_3339684.tif,8614341.416828342,3340409.805325268
8613843_3339684.tif,8614647.164941438,3340409.805325268
8613843_3339684.tif,8614952.913054537,3340409.805325268
8613843_3339684.tif,8615182.224139359,3340409.805325268
8613843_3339684.tif,8612506.928149752,3340104.05721217
8613843_3339684.tif,8612812.676262852,3340104.05721217
8613843_3339684.tif,8613118.424375948,3340104.05721217
8613843_3339684.tif,8613424.172489047,3340104.05721217
8613843_3339684.tif,8613729.920602145,3340104.05721217
8613843_3339684.tif,8614035.668715242,3340104.05721217
8613843_3339684.tif,8614341.416828342,3340104.05721217
8613843_3339684.tif,8614647.164941438,3340104.05721217
8613843_3339684.tif,8614952.913054537,3340104.05721217
8613843_3339684.tif,8615182.224139359,3340104.05721217
8613843_3339684.tif,8612506.928149752,3339798.3090990726
8613843_3339684.tif,8612812.676262852,3339798.3090990726
8613843_3339684.tif,8613118.424375948,3339798.3090990726
8613843_3339684.tif,8613424.172489047,3339798.3090990726
8613843_3339684.tif,8613729.920602145,3339798.3090990726
8613843_3339684.tif,8614035.668715242,3339798.3090990726
8613843_3339684.tif,8614341.416828342,3339798.3090990726
8613843_3339684.tif,8614647.164941438,3339798.3090990726
8613843_3339684.tif,8614952.913054537,3339798.3090990726
8613843_3339684.tif,8615182.224139359,3339798.3090990726
8613843_3339684.tif,8612506.928149752,3339492.560985975
8613843_3339684.tif,8612812.676262852,3339492.560985975
8613843_3339684.tif,8613118.424375948,3339492.560985975
8613843_3339684.tif,8613424.172489047,3339492.560985975
8613843_3339684.tif,8613729.920602145,3339492.560985975
8613843_3339684.tif,8614035.668715242,3339492.560985975
8613843_3339684.tif,8614341.416828342,3339492.560985975
8613843_3339684.tif,8614647.164941438,3339492.560985975
8613843_3339684.tif,8614952.913054537,3339492.560985975
8613843_3339684.tif,8615182.224139359,3339492.560985975
8613843_3339684.tif,8612506.928149752,3339186.8128728773
8613843_3339684.tif,8612812.676262852,3339186.8128728773
8613843_3339684.tif,8613118.424375948,3339186.8128728773
8613843_3339684.tif,8613424.172489047,3339186.8128728773
8613843_3339684.tif,8613729.920602145,3339186.8128728773
8613843_3339684.tif,8614035.668715242,3339186.8128728773
8613843_3339684.tif,8614341.416828342,3339186.8128728773
8613843_3339684.tif,8614647.164941438,3339186.8128728773
8613843_3339684.tif,8614952.913054537,3339186.8128728773
8613843_3339684.tif,8615182.224139359,3339186.8128728773
8613843_3339684.tif,8612506.928149752,3338881.064759779
8613843_3339684.tif,8612812.676262852,3338881.064759779
8613843_3339684.tif,8613118.424375948,3338881.064759779
8613843_3339684.tif,8613424.172489047,3338881.064759779
8613843_3339684.tif,8613729.920602145,3338881.064759779
8613843_3339684.tif,8614035.668715242,3338881.064759779
8613843_3339684.tif,8614341.416828342,3338881.064759779
8613843_3339684.tif,8614647.164941438,3338881.064759779
8613843_3339684.tif,8614952.913054537,3338881.064759779
8613843_3339684.tif,8615182.224139359,3338881.064759779
8613843_3339684.tif,8612506.928149752,3338575.316646681
8613843_3339684.tif,8612812.676262852,3338575.316646681
8613843_3339684.tif,8613118.424375948,3338575.316646681
8613843_3339684.tif,8613424.172489047,3338575.316646681
8613843_3339684.tif,8613729.920602145,3338575.316646681
8613843_3339684.tif,8614035.668715242,3338575.316646681
8613843_3339684.tif,8614341.416828342,3338575.316646681
8613843_3339684.tif,8614647.164941438,3338575.316646681
8613843_3339684.tif,8614952.913054537,3338575.316646681
8613843_3339684.tif,8615182.224139359,3338575.316646681
8613843_3339684.tif,8612506.928149752,3338346.005561858
8613843_3339684.tif,8612812.676262852,3338346.005561858
8613843_3339684.tif,8613118.424375948,3338346.005561858
8613843_3339684.tif,8613424.172489047,3338346.005561858
8613843_3339684.tif,8613729.920602145,3338346.005561858
8613843_3339684.tif,8614035.668715242,3338346.005561858
8613843_3339684.tif,8614341.416828342,3338346.005561858
8613843_3339684.tif,8614647.164941438,3338346.005561858
8613843_3339684.tif,8614952.913054537,3338346.005561858
8613843_3339684.tif,8615182.224139359,3338346.005561858
8613843_3342435.tif,8612506.928149752,3343773.0345693445
8613843_3342435.tif,8612812.676262852,3343773.0345693445
8613843_3342435.tif,8613118.424375948,3343773.0345693445
8613843_3342435.tif,8613424.172489047,3343773.0345693445
8613843_3342435.tif,8613729.920602145,3343773.0345693445
8613843_3342435.tif,8614035.668715242,3343773.0345693445
8613843_3342435.tif,8614341.416828342,3343773.0345693445
8613843_3342435.tif,8614647.164941438,3343773.0345693445
8613843_3342435.tif,8614952.913054537,3343773.0345693445
8613843_3342435.tif,8615182.224139359,3343773.0345693445
8613843_3342435.tif,8612506.928149752,3343467.286456247
8613843_3342435.tif,8612812.676262852,3343467.286456247
8613843_3342435.tif,8613118.424375948,3343467.286456247
8613843_3342435.tif,8613424.172489047,3343467.286456247
8613843_3342435.tif,8613729.920602145,3343467.286456247
8613843_3342435.tif,8614035.668715242,3343467.286456247
8613843_3342435.tif,8614341.416828342,3343467.286456247
8613843_3342435.tif,8614647.164941438,3343467.286456247
8613843_3342435.tif,8614952.913054537,3343467.286456247
8613843_3342435.tif,8615182.224139359,3343467.286456247
8613843_3342435.tif,8612506.928149752,3343161.5383431483
8613843_3342435.tif,8612812.676262852,3343161.5383431483
8613843_3342435.tif,8613118.424375948,3343161.5383431483
8613843_3342435.tif,8613424.172489047,3343161.5383431483
8613843_3342435.tif,8613729.920602145,3343161.5383431483
8613843_3342435.tif,8614035.668715242,3343161.5383431483
8613843_3342435.tif,8614341.416828342,3343161.5383431483
8613843_3342435.tif,8614647.164941438,3343161.5383431483
8613843_3342435.tif,8614952.913054537,3343161.5383431483
8613843_3342435.tif,8615182.224139359,3343161.5383431483
8613843_3342435.tif,8612506.928149752,3342855.7902300507
8613843_3342435.tif,8612812.676262852,3342855.7902300507
8613843_3342435.tif,8613118.424375948,3342855.7902300507
8613843_3342435.tif,8613424.172489047,3342855.7902300507
8613843_3342435.tif,8613729.920602145,3342855.7902300507
8613843_3342435.tif,8614035.668715242,3342855.7902300507
8613843_3342435.tif,8614341.416828342,3342855.7902300507
8613843_3342435.tif,8614647.164941438,3342855.7902300507
8613843_3342435.tif,8614952.913054537,3342855.7902300507
8613843_3342435.tif,8615182.224139359,3342855.7902300507
8613843_3342435.tif,8612506.928149752,3342550.0421169526
8613843_3342435.tif,8612812.676262852,3342550.0421169526
8613843_3342435.tif,8613118.424375948,3342550.0421169526
8613843_3342435.tif,8613424.172489047,3342550.0421169526
8613843_3342435.tif,8613729.920602145,3342550.0421169526
8613843_3342435.tif,8614035.668715242,3342550.0421169526
8613843_3342435.tif,8614341.416828342,3342550.0421169526
8613843_3342435.tif,8614647.164941438,3342550.0421169526
8613843_3342435.tif,8614952.913054537,3342550.0421169526
8613843_3342435.tif,8615182.224139359,3342550.0421169526
8613843_3342435.tif,8612506.928149752,3342244.2940038545
8613843_3342435.tif,8612812.676262852,3342244.2940038545
8613843_3342435.tif,8613118.424375948,3342244.2940038545
8613843_3342435.tif,8613424.172489047,3342244.2940038545
8613843_3342435.tif,8613729.920602145,3342244.2940038545
8613843_3342435.tif,8614035.668715242,3342244.2940038545
8613843_3342435.tif,8614341.416828342,3342244.2940038545
8613843_3342435.tif,8614647.164941438,3342244.2940038545
8613843_3342435.tif,8614952.913054537,3342244.2940038545
8613843_3342435.tif,8615182.224139359,3342244.2940038545
8613843_3342435.tif,8612506.928149752,3341938.545890757
8613843_3342435.tif,8612812.676262852,3341938.545890757
8613843_3342435.tif,8613118.424375948,3341938.545890757
8613843_3342435.tif,8613424.172489047,3341938.545890757
8613843_3342435.tif,8613729.920602145,3341938.545890757
8613843_3342435.tif,8614035.668715242,3341938.545890757
8613843_3342435.tif,8614341.416828342,3341938.545890757
8613843_3342435.tif,8614647.164941438,3341938.545890757
8613843_3342435.tif,8614952.913054537,3341938.545890757
8613843_3342435.tif,8615182.224139359,3341938.545890757
8613843_3342435.tif,8612506.928149752,3341632.7977776583
8613843_3342435.tif,8612812.676262852,3341632.7977776583
8613843_3342435.tif,8613118.424375948,3341632.7977776583
8613843_3342435.tif,8613424.172489047,3341632.7977776583
8613843_3342435.tif,8613729.920602145,3341632.7977776583
8613843_3342435.tif,8614035.668715242,3341632.7977776583
8613843_3342435.tif,8614341.416828342,3341632.7977776583
8613843_3342435.tif,8614647.164941438,3341632.7977776583
8613843_3342435.tif,8614952.913054537,3341632.7977776583
8613843_3342435.tif,8615182.224139359,3341632.7977776583
8613843_3342435.tif,8612506.928149752,3341327.0496645607
8613843_3342435.tif,8612812.676262852,3341327.0496645607
8613843_3342435.tif,8613118.424375948,3341327.0496645607
8613843_3342435.tif,8613424.172489047,3341327.0496645607
8613843_3342435.tif,8613729.920602145,3341327.0496645607
8613843_3342435.tif,8614035.668715242,3341327.0496645607
8613843_3342435.tif,8614341.416828342,3341327.0496645607
8613843_3342435.tif,8614647.164941438,3341327.0496645607
8613843_3342435.tif,8614952.913054537,3341327.0496645607
8613843_3342435.tif,8615182.224139359,3341327.0496645607
8613843_3342435.tif,8612506.928149752,3341097.738579737
8613843_3342435.tif,8612812.676262852,3341097.738579737
8613843_3342435.tif,8613118.424375948,3341097.738579737
8613843_3342435.tif,8613424.172489047,3341097.738579737
8613843_3342435.tif,8613729.920602145,3341097.738579737
8613843_3342435.tif,8614035.668715242,3341097.738579737
8613843_3342435.tif,8614341.416828342,3341097.738579737
8613843_3342435.tif,8614647.164941438,3341097.738579737
8613843_3342435.tif,8614952.913054537,3341097.738579737
8613843_3342435.tif,8615182.224139359,3341097.738579737
8613843_3345187.tif,8612506.928149752,3346524.767587914
8613843_3345187.tif,8612812.676262852,3346524.767587914
8613843_3345187.tif,8613118.424375948,3346524.767587914
8613843_3345187.tif,8613424.172489047,3346524.767587914
8613843_3345187.tif,8613729.920602145,3346524.767587914
8613843_3345187.tif,8614035.668715242,3346524.767587914
8613843_3345187.tif,8614341.416828342,3346524.767587914
8613843_3345187.tif,8614647.164941438,3346524.767587914
8613843_3345187.tif,8614952.913054537,3346524.767587914
8613843_3345187.tif,8615182.224139359,3346524.767587914
8613843_3345187.tif,8612506.928149752,3346219.0194747425
8613843_3345187.tif,8612812.676262852,3346219.0194747425
8613843_3345187.tif,8613118.424375948,3346219.0194747425
8613843_3345187.tif,8613424.172489047,3346219.0194747425
8613843_3345187.tif,8613729.920602145,3346219.0194747425
8613843_3345187.tif,8614035.668715242,3346219.0194747425
8613843_3345187.tif,8614341.416828342,3346219.0194747425
8613843_3345187.tif,8614647.164941438,3346219.0194747425
8613843_3345187.tif,8614952.913054537,3346219.0194747425
8613843_3345187.tif,8615182.224139359,3346219.0194747425
8613843_3345187.tif,8612506.928149752,3345913.271361571
8613843_3345187.tif,8612812.676262852,3345913.271361571
8613843_3345187.tif,8613118.424375948,3345913.271361571
8613843_3345187.tif,8613424.172489047,3345913.271361571
8613843_3345187.tif,8613729.920602145,3345913.271361571
8613843_3345187.tif,8614035.668715242,3345913.271361571
8613843_3345187.tif,8614341.416828342,3345913.271361571
8613843_3345187.tif,8614647.164941438,3345913.271361571
8613843_3345187.tif,8614952.913054537,3345913.271361571
8613843_3345187.tif,8615182.224139359,3345913.271361571
8613843_3345187.tif,8612506.928149752,3345607.5232483996
8613843_3345187.tif,8612812.676262852,3345607.5232483996
8613843_3345187.tif,8613118.424375948,3345607.5232483996
8613843_3345187.tif,8613424.172489047,3345607.5232483996
8613843_3345187.tif,8613729.920602145,3345607.5232483996
8613843_3345187.tif,8614035.668715242,3345607.5232483996
8613843_3345187.tif,8614341.416828342,3345607.5232483996
8613843_3345187.tif,8614647.164941438,3345607.5232483996
8613843_3345187.tif,8614952.913054537,3345607.5232483996
8613843_3345187.tif,8615182.224139359,3345607.5232483996
8613843_3345187.tif,8612506.928149752,3345301.7751352284
8613843_3345187.tif,8612812.676262852,3345301.7751352284
8613843_3345187.tif,8613118.424375948,3345301.7751352284
8613843_3345187.tif,8613424.172489047,3345301.7751352284
8613843_3345187.tif,8613729.920602145,3345301.7751352284
8613843_3345187.tif,8614035.668715242,3345301.7751352284
8613843_3345187.tif,8614341.416828342,3345301.7751352284
8613843_3345187.tif,8614647.164941438,3345301.7751352284
8613843_3345187.tif,8614952.913054537,3345301.7751352284
8613843_3345187.tif,8615182.224139359,3345301.7751352284
8613843_3345187.tif,8612506.928149752,3344996.027022057
8613843_3345187.tif,8612812.676262852,3344996.027022057
8613843_3345187.tif,8613118.424375948,3344996.027022057
8613843_3345187.tif,8613424.172489047,3344996.027022057
8613843_3345187.tif,8613729.920602145,3344996.027022057
8613843_3345187.tif,8614035.668715242,3344996.027022057
8613843_3345187.tif,8614341.416828342,3344996.027022057
8613843_3345187.tif,8614647.164941438,3344996.027022057
8613843_3345187.tif,8614952.913054537,3344996.027022057
8613843_3345187.tif,8615182.224139359,3344996.027022057
8613843_3345187.tif,8612506.928149752,3344690.2789088855
8613843_3345187.tif,8612812.676262852,3344690.2789088855
8613843_3345187.tif,8613118.424375948,3344690.2789088855
8613843_3345187.tif,8613424.172489047,3344690.2789088855
8613843_3345187.tif,8613729.920602145,3344690.2789088855
8613843_3345187.tif,8614035.668715242,3344690.2789088855
8613843_3345187.tif,8614341.416828342,3344690.2789088855
8613843_3345187.tif,8614647.164941438,3344690.2789088855
8613843_3345187.tif,8614952.913054537,3344690.2789088855
8613843_3345187.tif,8615182.224139359,3344690.2789088855
8613843_3345187.tif,8612506.928149752,3344384.530795714
8613843_3345187.tif,8612812.676262852,3344384.530795714
8613843_3345187.tif,8613118.424375948,3344384.530795714
8613843_3345187.tif,8613424.172489047,3344384.530795714
8613843_3345187.tif,8613729.920602145,3344384.530795714
8613843_3345187.tif,8614035.668715242,3344384.530795714
8613843_3345187.tif,8614341.416828342,3344384.530795714
8613843_3345187.tif,8614647.164941438,3344384.530795714
8613843_3345187.tif,8614952.913054537,3344384.530795714
8613843_3345187.tif,8615182.224139359,3344384.530795714
8613843_3345187.tif,8612506.928149752,3344078.7826825427
8613843_3345187.tif,8612812.676262852,3344078.7826825427
8613843_3345187.tif,8613118.424375948,3344078.7826825427
8613843_3345187.tif,8613424.172489047,3344078.7826825427
8613843_3345187.tif,8613729.920602145,3344078.7826825427
8613843_3345187.tif,8614035.668715242,3344078.7826825427
8613843_3345187.tif,8614341.416828342,3344078.7826825427
8613843_3345187.tif,8614647.164941438,3344078.7826825427
8613843_3345187.tif,8614952.913054537,3344078.7826825427
8613843_3345187.tif,8615182.224139359,3344078.7826825427
8613843_3345187.tif,8612506.928149752,3343849.471597664
8613843_3345187.tif,8612812.676262852,3343849.471597664
8613843_3345187.tif,8613118.424375948,3343849.471597664
8613843_3345187.tif,8613424.172489047,3343849.471597664
8613843_3345187.tif,8613729.920602145,3343849.471597664
8613843_3345187.tif,8614035.668715242,3343849.471597664
8613843_3345187.tif,8614341.416828342,3343849.471597664
8613843_3345187.tif,8614647.164941438,3343849.471597664
8613843_3345187.tif,8614952.913054537,3343849.471597664
8613843_3345187.tif,8615182.224139359,3343849.471597664
8613843_3347939.tif,8612506.928149752,3349276.500605842
8613843_3347939.tif,8612812.676262852,3349276.500605842
8613843_3347939.tif,8613118.424375948,3349276.500605842
8613843_3347939.tif,8613424.172489047,3349276.500605842
8613843_3347939.tif,8613729.920602145,3349276.500605842
8613843_3347939.tif,8614035.668715242,3349276.500605842
8613843_3347939.tif,8614341.416828342,3349276.500605842
8613843_3347939.tif,8614647.164941438,3349276.500605842
8613843_3347939.tif,8614952.913054537,3349276.500605842
8613843_3347939.tif,8615182.224139359,3349276.500605842
8613843_3347939.tif,8612506.928149752,3348970.752492744
8613843_3347939.tif,8612812.676262852,3348970.752492744
8613843_3347939.tif,8613118.424375948,3348970.752492744
8613843_3347939.tif,8613424.172489047,3348970.752492744
8613843_3347939.tif,8613729.920602145,3348970.752492744
8613843_3347939.tif,8614035.668715242,3348970.752492744
8613843_3347939.tif,8614341.416828342,3348970.752492744
8613843_3347939.tif,8614647.164941438,3348970.752492744
8613843_3347939.tif,8614952.913054537,3348970.752492744
8613843_3347939.tif,8615182.224139359,3348970.752492744
8613843_3347939.tif,8612506.928149752,3348665.004379646
8613843_3347939.tif,8612812.676262852,3348665.004379646
8613843_3347939.tif,8613118.424375948,3348665.004379646
8613843_3347939.tif,8613424.172489047,3348665.004379646
8613843_3347939.tif,8613729.920602145,3348665.004379646
8613843_3347939.tif,8614035.668715242,3348665.004379646
8613843_3347939.tif,8614341.416828342,3348665.004379646
8613843_3347939.tif,8614647.164941438,3348665.004379646
8613843_3347939.tif,8614952.913054537,3348665.004379646
8613843_3347939.tif,8615182.224139359,3348665.004379646
8613843_3347939.tif,8612506.928149752,3348359.2562665483
8613843_3347939.tif,8612812.676262852,3348359.2562665483
8613843_3347939.tif,8613118.424375948,3348359.2562665483
8613843_3347939.tif,8613424.172489047,3348359.2562665483
8613843_3347939.tif,8613729.920602145,3348359.2562665483
8613843_3347939.tif,8614035.668715242,3348359.2562665483
8613843_3347939.tif,8614341.416828342,3348359.2562665483
8613843_3347939.tif,8614647.164941438,3348359.2562665483
8613843_3347939.tif,8614952.913054537,3348359.2562665483
8613843_3347939.tif,8615182.224139359,3348359.2562665483
8613843_3347939.tif,8612506.928149752,3348053.5081534497
8613843_3347939.tif,8612812.676262852,3348053.5081534497
8613843_3347939.tif,8613118.424375948,3348053.5081534497
8613843_3347939.tif,8613424.172489047,3348053.5081534497
8613843_3347939.tif,8613729.920602145,3348053.5081534497
8613843_3347939.tif,8614035.668715242,3348053.5081534497
8613843_3347939.tif,8614341.416828342,3348053.5081534497
8613843_3347939.tif,8614647.164941438,3348053.5081534497
8613843_3347939.tif,8614952.913054537,3348053.5081534497
8613843_3347939.tif,8615182.224139359,3348053.5081534497
8613843_3347939.tif,8612506.928149752,3347747.760040352
8613843_3347939.tif,8612812.676262852,3347747.760040352
8613843_3347939.tif,8613118.424375948,3347747.760040352
8613843_3347939.tif,8613424.172489047,3347747.760040352
8613843_3347939.tif,8613729.920602145,3347747.760040352
8613843_3347939.tif,8614035.668715242,3347747.760040352
8613843_3347939.tif,8614341.416828342,3347747.760040352
8613843_3347939.tif,8614647.164941438,3347747.760040352
8613843_3347939.tif,8614952.913054537,3347747.760040352
8613843_3347939.tif,8615182.224139359,3347747.760040352
8613843_3347939.tif,8612506.928149752,3347442.011927254
8613843_3347939.tif,8612812.676262852,3347442.011927254
8613843_3347939.tif,8613118.424375948,3347442.011927254
8613843_3347939.tif,8613424.172489047,3347442.011927254
8613843_3347939.tif,8613729.920602145,3347442.011927254
8613843_3347939.tif,8614035.668715242,3347442.011927254
8613843_3347939.tif,8614341.416828342,3347442.011927254
8613843_3347939.tif,8614647.164941438,3347442.011927254
8613843_3347939.tif,8614952.913054537,3347442.011927254
8613843_3347939.tif,8615182.224139359,3347442.011927254
8613843_3347939.tif,8612506.928149752,3347136.263814156
8613843_3347939.tif,8612812.676262852,3347136.263814156
8613843_3347939.tif,8613118.424375948,3347136.263814156
8613843_3347939.tif,8613424.172489047,3347136.263814156
8613843_3347939.tif,8613729.920602145,3347136.263814156
8613843_3347939.tif,8614035.668715242,3347136.263814156
8613843_3347939.tif,8614341.416828342,3347136.263814156
8613843_3347939.tif,8614647.164941438,3347136.263814156
8613843_3347939.tif,8614952.913054537,3347136.263814156
8613843_3347939.tif,8615182.224139359,3347136.263814156
8613843_3347939.tif,8612506.928149752,3346830.515701058
8613843_3347939.tif,8612812.676262852,3346830.515701058
8613843_3347939.tif,8613118.424375948,3346830.515701058
8613843_3347939.tif,8613424.172489047,3346830.515701058
8613843_3347939.tif,8613729.920602145,3346830.515701058
8613843_3347939.tif,8614035.668715242,3346830.515701058
8613843_3347939.tif,8614341.416828342,3346830.515701058
8613843_3347939.tif,8614647.164941438,3346830.515701058
8613843_3347939.tif,8614952.913054537,3346830.515701058
8613843_3347939.tif,8615182.224139359,3346830.515701058
8613843_3347939.tif,8612506.928149752,3346601.204616234
8613843_3347939.tif,8612812.676262852,3346601.204616234
8613843_3347939.tif,8613118.424375948,3346601.204616234
8613843_3347939.tif,8613424.172489047,3346601.204616234
8613843_3347939.tif,8613729.920602145,3346601.204616234
8613843_3347939.tif,8614035.668715242,3346601.204616234
8613843_3347939.tif,8614341.416828342,3346601.204616234
8613843_3347939.tif,8614647.164941438,3346601.204616234
8613843_3347939.tif,8614952.913054537,3346601.204616234
8613843_3347939.tif,8615182.224139359,3346601.204616234
8613843_3350691.tif,8612506.928149752,3352028.23362372
8613843_3350691.tif,8612812.676262852,3352028.23362372
8613843_3350691.tif,8613118.424375948,3352028.23362372
8613843_3350691.tif,8613424.172489047,3352028.23362372
8613843_3350691.tif,8613729.920602145,3352028.23362372
8613843_3350691.tif,8614035.668715242,3352028.23362372
8613843_3350691.tif,8614341.416828342,3352028.23362372
8613843_3350691.tif,8614647.164941438,3352028.23362372
8613843_3350691.tif,8614952.913054537,3352028.23362372
8613843_3350691.tif,8615182.224139359,3352028.23362372
8613843_3350691.tif,8612506.928149752,3351722.485510622
8613843_3350691.tif,8612812.676262852,3351722.485510622
8613843_3350691.tif,8613118.424375948,3351722.485510622
8613843_3350691.tif,8613424.172489047,3351722.485510622
8613843_3350691.tif,8613729.920602145,3351722.485510622
8613843_3350691.tif,8614035.668715242,3351722.485510622
8613843_3350691.tif,8614341.416828342,3351722.485510622
8613843_3350691.tif,8614647.164941438,3351722.485510622
8613843_3350691.tif,8614952.913054537,3351722.485510622
8613843_3350691.tif,8615182.224139359,3351722.485510622
8613843_3350691.tif,8612506.928149752,3351416.7373975245
8613843_3350691.tif,8612812.676262852,3351416.7373975245
8613843_3350691.tif,8613118.424375948,3351416.7373975245
8613843_3350691.tif,8613424.172489047,3351416.7373975245
8613843_3350691.tif,8613729.920602145,3351416.7373975245
8613843_3350691.tif,8614035.668715242,3351416.7373975245
8613843_3350691.tif,8614341.416828342,3351416.7373975245
8613843_3350691.tif,8614647.164941438,3351416.7373975245
8613843_3350691.tif,8614952.913054537,3351416.7373975245
8613843_3350691.tif,8615182.224139359,3351416.7373975245
8613843_3350691.tif,8612506.928149752,3351110.9892844264
8613843_3350691.tif,8612812.676262852,3351110.9892844264
8613843_3350691.tif,8613118.424375948,3351110.9892844264
8613843_3350691.tif,8613424.172489047,3351110.9892844264
8613843_3350691.tif,8613729.920602145,3351110.9892844264
8613843_3350691.tif,8614035.668715242,3351110.9892844264
8613843_3350691.tif,8614341.416828342,3351110.9892844264
8613843_3350691.tif,8614647.164941438,3351110.9892844264
8613843_3350691.tif,8614952.913054537,3351110.9892844264
8613843_3350691.tif,8615182.224139359,3351110.9892844264
8613843_3350691.tif,8612506.928149752,3350805.2411713284
8613843_3350691.tif,8612812.676262852,3350805.2411713284
8613843_3350691.tif,8613118.424375948,3350805.2411713284
8613843_3350691.tif,8613424.172489047,3350805.2411713284
8613843_3350691.tif,8613729.920602145,3350805.2411713284
8613843_3350691.tif,8614035.668715242,3350805.2411713284
8613843_3350691.tif,8614341.416828342,3350805.2411713284
8613843_3350691.tif,8614647.164941438,3350805.2411713284
8613843_3350691.tif,8614952.913054537,3350805.2411713284
8613843_3350691.tif,8615182.224139359,3350805.2411713284
8613843_3350691.tif,8612506.928149752,3350499.4930582307
8613843_3350691.tif,8612812.676262852,3350499.4930582307
8613843_3350691.tif,8613118.424375948,3350499.4930582307
8613843_3350691.tif,8613424.172489047,3350499.4930582307
8613843_3350691.tif,8613729.920602145,3350499.4930582307
8613843_3350691.tif,8614035.668715242,3350499.4930582307
8613843_3350691.tif,8614341.416828342,3350499.4930582307
8613843_3350691.tif,8614647.164941438,3350499.4930582307
8613843_3350691.tif,8614952.913054537,3350499.4930582307
8613843_3350691.tif,8615182.224139359,3350499.4930582307
8613843_3350691.tif,8612506.928149752,3350193.744945133
8613843_3350691.tif,8612812.676262852,3350193.744945133
8613843_3350691.tif,8613118.424375948,3350193.744945133
8613843_3350691.tif,8613424.172489047,3350193.744945133
8613843_3350691.tif,8613729.920602145,3350193.744945133
8613843_3350691.tif,8614035.668715242,3350193.744945133
8613843_3350691.tif,8614341.416828342,3350193.744945133
8613843_3350691.tif,8614647.164941438,3350193.744945133
8613843_3350691.tif,8614952.913054537,3350193.744945133
8613843_3350691.tif,8615182.224139359,3350193.744945133
8613843_3350691.tif,8612506.928149752,3349887.9968320355
8613843_3350691.tif,8612812.676262852,3349887.9968320355
8613843_3350691.tif,8613118.424375948,3349887.9968320355
8613843_3350691.tif,8613424.172489047,3349887.9968320355
8613843_3350691.tif,8613729.920602145,3349887.9968320355
8613843_3350691.tif,8614035.668715242,3349887.9968320355
8613843_3350691.tif,8614341.416828342,3349887.9968320355
8613843_3350691.tif,8614647.164941438,3349887.9968320355
8613843_3350691.tif,8614952.913054537,3349887.9968320355
8613843_3350691.tif,8615182.224139359,3349887.9968320355
8613843_3350691.tif,8612506.928149752,3349582.248718938
8613843_3350691.tif,8612812.676262852,3349582.248718938
8613843_3350691.tif,8613118.424375948,3349582.248718938
8613843_3350691.tif,8613424.172489047,3349582.248718938
8613843_3350691.tif,8613729.920602145,3349582.248718938
8613843_3350691.tif,8614035.668715242,3349582.248718938
8613843_3350691.tif,8614341.416828342,3349582.248718938
8613843_3350691.tif,8614647.164941438,3349582.248718938
8613843_3350691.tif,8614952.913054537,3349582.248718938
8613843_3350691.tif,8615182.224139359,3349582.248718938
8613843_3350691.tif,8612506.928149752,3349352.937634114
8613843_3350691.tif,8612812.676262852,3349352.937634114
8613843_3350691.tif,8613118.424375948,3349352.937634114
8613843_3350691.tif,8613424.172489047,3349352.937634114
8613843_3350691.tif,8613729.920602145,3349352.937634114
8613843_3350691.tif,8614035.668715242,3349352.937634114
8613843_3350691.tif,8614341.416828342,3349352.937634114
8613843_3350691.tif,8614647.164941438,3349352.937634114
8613843_3350691.tif,8614952.913054537,3349352.937634114
8613843_3350691.tif,8615182.224139359,3349352.937634114
8613843_3353442.tif,8612506.928149752,3354779.966641602
8613843_3353442.tif,8612812.676262852,3354779.966641602
8613843_3353442.tif,8613118.424375948,3354779.966641602
8613843_3353442.tif,8613424.172489047,3354779.966641602
8613843_3353442.tif,8613729.920602145,3354779.966641602
8613843_3353442.tif,8614035.668715242,3354779.966641602
8613843_3353442.tif,8614341.416828342,3354779.966641602
8613843_3353442.tif,8614647.164941438,3354779.966641602
8613843_3353442.tif,8614952.913054537,3354779.966641602
8613843_3353442.tif,8615182.224139359,3354779.966641602
8613843_3353442.tif,8612506.928149752,3354474.2185285045
8613843_3353442.tif,8612812.676262852,3354474.2185285045
8613843_3353442.tif,8613118.424375948,3354474.2185285045
8613843_3353442.tif,8613424.172489047,3354474.2185285045
8613843_3353442.tif,8613729.920602145,3354474.2185285045
8613843_3353442.tif,8614035.668715242,3354474.2185285045
8613843_3353442.tif,8614341.416828342,3354474.2185285045
8613843_3353442.tif,8614647.164941438,3354474.2185285045
8613843_3353442.tif,8614952.913054537,3354474.2185285045
8613843_3353442.tif,8615182.224139359,3354474.2185285045
8613843_3353442.tif,8612506.928149752,3354168.470415407
8613843_3353442.tif,8612812.676262852,3354168.470415407
8613843_3353442.tif,8613118.424375948,3354168.470415407
8613843_3353442.tif,8613424.172489047,3354168.470415407
8613843_3353442.tif,8613729.920602145,3354168.470415407
8613843_3353442.tif,8614035.668715242,3354168.470415407
8613843_3353442.tif,8614341.416828342,3354168.470415407
8613843_3353442.tif,8614647.164941438,3354168.470415407
8613843_3353442.tif,8614952.913054537,3354168.470415407
8613843_3353442.tif,8615182.224139359,3354168.470415407
8613843_3353442.tif,8612506.928149752,3353862.7223023083
8613843_3353442.tif,8612812.676262852,3353862.7223023083
8613843_3353442.tif,8613118.424375948,3353862.7223023083
8613843_3353442.tif,8613424.172489047,3353862.7223023083
8613843_3353442.tif,8613729.920602145,3353862.7223023083
8613843_3353442.tif,8614035.668715242,3353862.7223023083
8613843_3353442.tif,8614341.416828342,3353862.7223023083
8613843_3353442.tif,8614647.164941438,3353862.7223023083
8613843_3353442.tif,8614952.913054537,3353862.7223023083
8613843_3353442.tif,8615182.224139359,3353862.7223023083
8613843_3353442.tif,8612506.928149752,3353556.9741892107
8613843_3353442.tif,8612812.676262852,3353556.9741892107
8613843_3353442.tif,8613118.424375948,3353556.9741892107
8613843_3353442.tif,8613424.172489047,3353556.9741892107
8613843_3353442.tif,8613729.920602145,3353556.9741892107
8613843_3353442.tif,8614035.668715242,3353556.9741892107
8613843_3353442.tif,8614341.416828342,3353556.9741892107
8613843_3353442.tif,8614647.164941438,3353556.9741892107
8613843_3353442.tif,8614952.913054537,3353556.9741892107
8613843_3353442.tif,8615182.224139359,3353556.9741892107
8613843_3353442.tif,8612506.928149752,3353251.226076113
8613843_3353442.tif,8612812.676262852,3353251.226076113
8613843_3353442.tif,8613118.424375948,3353251.226076113
8613843_3353442.tif,8613424.172489047,3353251.226076113
8613843_3353442.tif,8613729.920602145,3353251.226076113
8613843_3353442.tif,8614035.668715242,3353251.226076113
8613843_3353442.tif,8614341.416828342,3353251.226076113
8613843_3353442.tif,8614647.164941438,3353251.226076113
8613843_3353442.tif,8614952.913054537,3353251.226076113
8613843_3353442.tif,8615182.224139359,3353251.226076113
8613843_3353442.tif,8612506.928149752,3352945.4779630145
8613843_3353442.tif,8612812.676262852,3352945.4779630145
8613843_3353442.tif,8613118.424375948,3352945.4779630145
8613843_3353442.tif,8613424.172489047,3352945.4779630145
8613843_3353442.tif,8613729.920602145,3352945.4779630145
8613843_3353442.tif,8614035.668715242,3352945.4779630145
8613843_3353442.tif,8614341.416828342,3352945.4779630145
8613843_3353442.tif,8614647.164941438,3352945.4779630145
8613843_3353442.tif,8614952.913054537,3352945.4779630145
8613843_3353442.tif,8615182.224139359,3352945.4779630145
8613843_3353442.tif,8612506.928149752,3352639.729849917
8613843_3353442.tif,8612812.676262852,3352639.729849917
8613843_3353442.tif,8613118.424375948,3352639.729849917
8613843_3353442.tif,8613424.172489047,3352639.729849917
8613843_3353442.tif,8613729.920602145,3352639.729849917
8613843_3353442.tif,8614035.668715242,3352639.729849917
8613843_3353442.tif,8614341.416828342,3352639.729849917
8613843_3353442.tif,8614647.164941438,3352639.729849917
8613843_3353442.tif,8614952.913054537,3352639.729849917
8613843_3353442.tif,8615182.224139359,3352639.729849917
8613843_3353442.tif,8612506.928149752,3352333.9817368193
8613843_3353442.tif,8612812.676262852,3352333.9817368193
8613843_3353442.tif,8613118.424375948,3352333.9817368193
8613843_3353442.tif,8613424.172489047,3352333.9817368193
8613843_3353442.tif,8613729.920602145,3352333.9817368193
8613843_3353442.tif,8614035.668715242,3352333.9817368193
8613843_3353442.tif,8614341.416828342,3352333.9817368193
8613843_3353442.tif,8614647.164941438,3352333.9817368193
8613843_3353442.tif,8614952.913054537,3352333.9817368193
8613843_3353442.tif,8615182.224139359,3352333.9817368193
8613843_3353442.tif,8612506.928149752,3352104.6706519956
8613843_3353442.tif,8612812.676262852,3352104.6706519956
8613843_3353442.tif,8613118.424375948,3352104.6706519956
8613843_3353442.tif,8613424.172489047,3352104.6706519956
8613843_3353442.tif,8613729.920602145,3352104.6706519956
8613843_3353442.tif,8614035.668715242,3352104.6706519956
8613843_3353442.tif,8614341.416828342,3352104.6706519956
8613843_3353442.tif,8614647.164941438,3352104.6706519956
8613843_3353442.tif,8614952.913054537,3352104.6706519956
8613843_3353442.tif,8615182.224139359,3352104.6706519956
8613843_3356194.tif,8612506.928149752,3357531.6996594826
8613843_3356194.tif,8612812.676262852,3357531.6996594826
8613843_3356194.tif,8613118.424375948,3357531.6996594826
8613843_3356194.tif,8613424.172489047,3357531.6996594826
8613843_3356194.tif,8613729.920602145,3357531.6996594826
8613843_3356194.tif,8614035.668715242,3357531.6996594826
8613843_3356194.tif,8614341.416828342,3357531.6996594826
8613843_3356194.tif,8614647.164941438,3357531.6996594826
8613843_3356194.tif,8614952.913054537,3357531.6996594826
8613843_3356194.tif,8615182.224139359,3357531.6996594826
8613843_3356194.tif,8612506.928149752,3357225.951546385
8613843_3356194.tif,8612812.676262852,3357225.951546385
8613843_3356194.tif,8613118.424375948,3357225.951546385
8613843_3356194.tif,8613424.172489047,3357225.951546385
8613843_3356194.tif,8613729.920602145,3357225.951546385
8613843_3356194.tif,8614035.668715242,3357225.951546385
8613843_3356194.tif,8614341.416828342,3357225.951546385
8613843_3356194.tif,8614647.164941438,3357225.951546385
8613843_3356194.tif,8614952.913054537,3357225.951546385
8613843_3356194.tif,8615182.224139359,3357225.951546385
8613843_3356194.tif,8612506.928149752,3356920.2034332873
8613843_3356194.tif,8612812.676262852,3356920.2034332873
8613843_3356194.tif,8613118.424375948,3356920.2034332873
8613843_3356194.tif,8613424.172489047,3356920.2034332873
8613843_3356194.tif,8613729.920602145,3356920.2034332873
8613843_3356194.tif,8614035.668715242,3356920.2034332873
8613843_3356194.tif,8614341.416828342,3356920.2034332873
8613843_3356194.tif,8614647.164941438,3356920.2034332873
8613843_3356194.tif,8614952.913054537,3356920.2034332873
8613843_3356194.tif,8615182.224139359,3356920.2034332873
8613843_3356194.tif,8612506.928149752,3356614.4553201897
8613843_3356194.tif,8612812.676262852,3356614.4553201897
8613843_3356194.tif,8613118.424375948,3356614.4553201897
8613843_3356194.tif,8613424.172489047,3356614.4553201897
8613843_3356194.tif,8613729.920602145,3356614.4553201897
8613843_3356194.tif,8614035.668715242,3356614.4553201897
8613843_3356194.tif,8614341.416828342,3356614.4553201897
8613843_3356194.tif,8614647.164941438,3356614.4553201897
8613843_3356194.tif,8614952.913054537,3356614.4553201897
8613843_3356194.tif,8615182.224139359,3356614.4553201897
8613843_3356194.tif,8612506.928149752,3356308.707207092
8613843_3356194.tif,8612812.676262852,3356308.707207092
8613843_3356194.tif,8613118.424375948,3356308.707207092
8613843_3356194.tif,8613424.172489047,3356308.707207092
8613843_3356194.tif,8613729.920602145,3356308.707207092
8613843_3356194.tif,8614035.668715242,3356308.707207092
8613843_3356194.tif,8614341.416828342,3356308.707207092
8613843_3356194.tif,8614647.164941438,3356308.707207092
8613843_3356194.tif,8614952.913054537,3356308.707207092
8613843_3356194.tif,8615182.224139359,3356308.707207092
8613843_3356194.tif,8612506.928149752,3356002.9590939945
8613843_3356194.tif,8612812.676262852,3356002.9590939945
8613843_3356194.tif,8613118.424375948,3356002.9590939945
8613843_3356194.tif,8613424.172489047,3356002.9590939945
8613843_3356194.tif,8613729.920602145,3356002.9590939945
8613843_3356194.tif,8614035.668715242,3356002.9590939945
8613843_3356194.tif,8614341.416828342,3356002.9590939945
8613843_3356194.tif,8614647.164941438,3356002.9590939945
8613843_3356194.tif,8614952.913054537,3356002.9590939945
8613843_3356194.tif,8615182.224139359,3356002.9590939945
8613843_3356194.tif,8612506.928149752,3355697.210980897
8613843_3356194.tif,8612812.676262852,3355697.210980897
8613843_3356194.tif,8613118.424375948,3355697.210980897
8613843_3356194.tif,8613424.172489047,3355697.210980897
8613843_3356194.tif,8613729.920602145,3355697.210980897
8613843_3356194.tif,8614035.668715242,3355697.210980897
8613843_3356194.tif,8614341.416828342,3355697.210980897
8613843_3356194.tif,8614647.164941438,3355697.210980897
8613843_3356194.tif,8614952.913054537,3355697.210980897
8613843_3356194.tif,8615182.224139359,3355697.210980897
8613843_3356194.tif,8612506.928149752,3355391.462867799
8613843_3356194.tif,8612812.676262852,3355391.462867799
8613843_3356194.tif,8613118.424375948,3355391.462867799
8613843_3356194.tif,8613424.172489047,3355391.462867799
8613843_3356194.tif,8613729.920602145,3355391.462867799
8613843_3356194.tif,8614035.668715242,3355391.462867799
8613843_3356194.tif,8614341.416828342,3355391.462867799
8613843_3356194.tif,8614647.164941438,3355391.462867799
8613843_3356194.tif,8614952.913054537,3355391.462867799
8613843_3356194.tif,8615182.224139359,3355391.462867799
8613843_3356194.tif,8612506.928149752,3355085.714754701
8613843_3356194.tif,8612812.676262852,3355085.714754701
8613843_3356194.tif,8613118.424375948,3355085.714754701
8613843_3356194.tif,8613424.172489047,3355085.714754701
8613843_3356194.tif,8613729.920602145,3355085.714754701
8613843_3356194.tif,8614035.668715242,3355085.714754701
8613843_3356194.tif,8614341.416828342,3355085.714754701
8613843_3356194.tif,8614647.164941438,3355085.714754701
8613843_3356194.tif,8614952.913054537,3355085.714754701
8613843_3356194.tif,8615182.224139359,3355085.714754701
8613843_3356194.tif,8612506.928149752,3354856.403669878
8613843_3356194.tif,8612812.676262852,3354856.403669878
8613843_3356194.tif,8613118.424375948,3354856.403669878
8613843_3356194.tif,8613424.172489047,3354856.403669878
8613843_3356194.tif,8613729.920602145,3354856.403669878
8613843_3356194.tif,8614035.668715242,3354856.403669878
8613843_3356194.tif,8614341.416828342,3354856.403669878
8613843_3356194.tif,8614647.164941438,3354856.403669878
8613843_3356194.tif,8614952.913054537,3354856.403669878
8613843_3356194.tif,8615182.224139359,3354856.403669878
8613843_3358946.tif,8612506.928149752,3360283.432677364
8613843_3358946.tif,8612812.676262852,3360283.432677364
8613843_3358946.tif,8613118.424375948,3360283.432677364
8613843_3358946.tif,8613424.172489047,3360283.432677364
8613843_3358946.tif,8613729.920602145,3360283.432677364
8613843_3358946.tif,8614035.668715242,3360283.432677364
8613843_3358946.tif,8614341.416828342,3360283.432677364
8613843_3358946.tif,8614647.164941438,3360283.432677364
8613843_3358946.tif,8614952.913054537,3360283.432677364
8613843_3358946.tif,8615182.224139359,3360283.432677364
8613843_3358946.tif,8612506.928149752,3359977.6845642664
8613843_3358946.tif,8612812.676262852,3359977.6845642664
8613843_3358946.tif,8613118.424375948,3359977.6845642664
8613843_3358946.tif,8613424.172489047,3359977.6845642664
8613843_3358946.tif,8613729.920602145,3359977.6845642664
8613843_3358946.tif,8614035.668715242,3359977.6845642664
8613843_3358946.tif,8614341.416828342,3359977.6845642664
8613843_3358946.tif,8614647.164941438,3359977.6845642664
8613843_3358946.tif,8614952.913054537,3359977.6845642664
8613843_3358946.tif,8615182.224139359,3359977.6845642664
8613843_3358946.tif,8612506.928149752,3359671.9364511687
8613843_3358946.tif,8612812.676262852,3359671.9364511687
8613843_3358946.tif,8613118.424375948,3359671.9364511687
8613843_3358946.tif,8613424.172489047,3359671.9364511687
8613843_3358946.tif,8613729.920602145,3359671.9364511687
8613843_3358946.tif,8614035.668715242,3359671.9364511687
8613843_3358946.tif,8614341.416828342,3359671.9364511687
8613843_3358946.tif,8614647.164941438,3359671.9364511687
8613843_3358946.tif,8614952.913054537,3359671.9364511687
8613843_3358946.tif,8615182.224139359,3359671.9364511687
8613843_3358946.tif,8612506.928149752,3359366.188338071
8613843_3358946.tif,8612812.676262852,3359366.188338071
8613843_3358946.tif,8613118.424375948,3359366.188338071
8613843_3358946.tif,8613424.172489047,3359366.188338071
8613843_3358946.tif,8613729.920602145,3359366.188338071
8613843_3358946.tif,8614035.668715242,3359366.188338071
8613843_3358946.tif,8614341.416828342,3359366.188338071
8613843_3358946.tif,8614647.164941438,3359366.188338071
8613843_3358946.tif,8614952.913054537,3359366.188338071
8613843_3358946.tif,8615182.224139359,3359366.188338071
8613843_3358946.tif,8612506.928149752,3359060.4402249735
8613843_3358946.tif,8612812.676262852,3359060.4402249735
8613843_3358946.tif,8613118.424375948,3359060.4402249735
8613843_3358946.tif,8613424.172489047,3359060.4402249735
8613843_3358946.tif,8613729.920602145,3359060.4402249735
8613843_3358946.tif,8614035.668715242,3359060.4402249735
8613843_3358946.tif,8614341.416828342,3359060.4402249735
8613843_3358946.tif,8614647.164941438,3359060.4402249735
8613843_3358946.tif,8614952.913054537,3359060.4402249735
8613843_3358946.tif,8615182.224139359,3359060.4402249735
8613843_3358946.tif,8612506.928149752,3358754.692111876
8613843_3358946.tif,8612812.676262852,3358754.692111876
8613843_3358946.tif,8613118.424375948,3358754.692111876
8613843_3358946.tif,8613424.172489047,3358754.692111876
8613843_3358946.tif,8613729.920602145,3358754.692111876
8613843_3358946.tif,8614035.668715242,3358754.692111876
8613843_3358946.tif,8614341.416828342,3358754.692111876
8613843_3358946.tif,8614647.164941438,3358754.692111876
8613843_3358946.tif,8614952.913054537,3358754.692111876
8613843_3358946.tif,8615182.224139359,3358754.692111876
8613843_3358946.tif,8612506.928149752,3358448.9439987782
8613843_3358946.tif,8612812.676262852,3358448.9439987782
8613843_3358946.tif,8613118.424375948,3358448.9439987782
8613843_3358946.tif,8613424.172489047,3358448.9439987782
8613843_3358946.tif,8613729.920602145,3358448.9439987782
8613843_3358946.tif,8614035.668715242,3358448.9439987782
8613843_3358946.tif,8614341.416828342,3358448.9439987782
8613843_3358946.tif,8614647.164941438,3358448.9439987782
8613843_3358946.tif,8614952.913054537,3358448.9439987782
8613843_3358946.tif,8615182.224139359,3358448.9439987782
8613843_3358946.tif,8612506.928149752,3358143.1958856806
8613843_3358946.tif,8612812.676262852,3358143.1958856806
8613843_3358946.tif,8613118.424375948,3358143.1958856806
8613843_3358946.tif,8613424.172489047,3358143.1958856806
8613843_3358946.tif,8613729.920602145,3358143.1958856806
8613843_3358946.tif,8614035.668715242,3358143.1958856806
8613843_3358946.tif,8614341.416828342,3358143.1958856806
8613843_3358946.tif,8614647.164941438,3358143.1958856806
8613843_3358946.tif,8614952.913054537,3358143.1958856806
8613843_3358946.tif,8615182.224139359,3358143.1958856806
8613843_3358946.tif,8612506.928149752,3357837.4477725825
8613843_3358946.tif,8612812.676262852,3357837.4477725825
8613843_3358946.tif,8613118.424375948,3357837.4477725825
8613843_3358946.tif,8613424.172489047,3357837.4477725825
8613843_3358946.tif,8613729.920602145,3357837.4477725825
8613843_3358946.tif,8614035.668715242,3357837.4477725825
8613843_3358946.tif,8614341.416828342,3357837.4477725825
8613843_3358946.tif,8614647.164941438,3357837.4477725825
8613843_3358946.tif,8614952.913054537,3357837.4477725825
8613843_3358946.tif,8615182.224139359,3357837.4477725825
8613843_3358946.tif,8612506.928149752,3357608.1366877593
8613843_3358946.tif,8612812.676262852,3357608.1366877593
8613843_3358946.tif,8613118.424375948,3357608.1366877593
8613843_3358946.tif,8613424.172489047,3357608.1366877593
8613843_3358946.tif,8613729.920602145,3357608.1366877593
8613843_3358946.tif,8614035.668715242,3357608.1366877593
8613843_3358946.tif,8614341.416828342,3357608.1366877593
8613843_3358946.tif,8614647.164941438,3357608.1366877593
8613843_3358946.tif,8614952.913054537,3357608.1366877593
8613843_3358946.tif,8615182.224139359,3357608.1366877593
8613843_3361698.tif,8612506.928149752,3363035.1656952472
8613843_3361698.tif,8612812.676262852,3363035.1656952472
8613843_3361698.tif,8613118.424375948,3363035.1656952472
8613843_3361698.tif,8613424.172489047,3363035.1656952472
8613843_3361698.tif,8613729.920602145,3363035.1656952472
8613843_3361698.tif,8614035.668715242,3363035.1656952472
8613843_3361698.tif,8614341.416828342,3363035.1656952472
8613843_3361698.tif,8614647.164941438,3363035.1656952472
8613843_3361698.tif,8614952.913054537,3363035.1656952472
8613843_3361698.tif,8615182.224139359,3363035.1656952472
8613843_3361698.tif,8612506.928149752,3362729.417582149
8613843_3361698.tif,8612812.676262852,3362729.417582149
8613843_3361698.tif,8613118.424375948,3362729.417582149
8613843_3361698.tif,8613424.172489047,3362729.417582149
8613843_3361698.tif,8613729.920602145,3362729.417582149
8613843_3361698.tif,8614035.668715242,3362729.417582149
8613843_3361698.tif,8614341.416828342,3362729.417582149
8613843_3361698.tif,8614647.164941438,3362729.417582149
8613843_3361698.tif,8614952.913054537,3362729.417582149
8613843_3361698.tif,8615182.224139359,3362729.417582149
8613843_3361698.tif,8612506.928149752,3362423.669469051
8613843_3361698.tif,8612812.676262852,3362423.669469051
8613843_3361698.tif,8613118.424375948,3362423.669469051
8613843_3361698.tif,8613424.172489047,3362423.669469051
8613843_3361698.tif,8613729.920602145,3362423.669469051
8613843_3361698.tif,8614035.668715242,3362423.669469051
8613843_3361698.tif,8614341.416828342,3362423.669469051
8613843_3361698.tif,8614647.164941438,3362423.669469051
8613843_3361698.tif,8614952.913054537,3362423.669469051
8613843_3361698.tif,8615182.224139359,3362423.669469051
8613843_3361698.tif,8612506.928149752,3362117.9213559534
8613843_3361698.tif,8612812.676262852,3362117.9213559534
8613843_3361698.tif,8613118.424375948,3362117.9213559534
8613843_3361698.tif,8613424.172489047,3362117.9213559534
8613843_3361698.tif,8613729.920602145,3362117.9213559534
8613843_3361698.tif,8614035.668715242,3362117.9213559534
8613843_3361698.tif,8614341.416828342,3362117.9213559534
8613843_3361698.tif,8614647.164941438,3362117.9213559534
8613843_3361698.tif,8614952.913054537,3362117.9213559534
8613843_3361698.tif,8615182.224139359,3362117.9213559534
8613843_3361698.tif,8612506.928149752,3361812.173242855
8613843_3361698.tif,8612812.676262852,3361812.173242855
8613843_3361698.tif,8613118.424375948,3361812.173242855
8613843_3361698.tif,8613424.172489047,3361812.173242855
8613843_3361698.tif,8613729.920602145,3361812.173242855
8613843_3361698.tif,8614035.668715242,3361812.173242855
8613843_3361698.tif,8614341.416828342,3361812.173242855
8613843_3361698.tif,8614647.164941438,3361812.173242855
8613843_3361698.tif,8614952.913054537,3361812.173242855
8613843_3361698.tif,8615182.224139359,3361812.173242855
8613843_3361698.tif,8612506.928149752,3361506.4251297573
8613843_3361698.tif,8612812.676262852,3361506.4251297573
8613843_3361698.tif,8613118.424375948,3361506.4251297573
8613843_3361698.tif,8613424.172489047,3361506.4251297573
8613843_3361698.tif,8613729.920602145,3361506.4251297573
8613843_3361698.tif,8614035.668715242,3361506.4251297573
8613843_3361698.tif,8614341.416828342,3361506.4251297573
8613843_3361698.tif,8614647.164941438,3361506.4251297573
8613843_3361698.tif,8614952.913054537,3361506.4251297573
8613843_3361698.tif,8615182.224139359,3361506.4251297573
8613843_3361698.tif,8612506.928149752,3361200.677016659
8613843_3361698.tif,8612812.676262852,3361200.677016659
8613843_3361698.tif,8613118.424375948,3361200.677016659
8613843_3361698.tif,8613424.172489047,3361200.677016659
8613843_3361698.tif,8613729.920602145,3361200.677016659
8613843_3361698.tif,8614035.668715242,3361200.677016659
8613843_3361698.tif,8614341.416828342,3361200.677016659
8613843_3361698.tif,8614647.164941438,3361200.677016659
8613843_3361698.tif,8614952.913054537,3361200.677016659
8613843_3361698.tif,8615182.224139359,3361200.677016659
8613843_3361698.tif,8612506.928149752,3360894.928903561
8613843_3361698.tif,8612812.676262852,3360894.928903561
8613843_3361698.tif,8613118.424375948,3360894.928903561
8613843_3361698.tif,8613424.172489047,3360894.928903561
8613843_3361698.tif,8613729.920602145,3360894.928903561
8613843_3361698.tif,8614035.668715242,3360894.928903561
8613843_3361698.tif,8614341.416828342,3360894.928903561
8613843_3361698.tif,8614647.164941438,3360894.928903561
8613843_3361698.tif,8614952.913054537,3360894.928903561
8613843_3361698.tif,8615182.224139359,3360894.928903561
8613843_3361698.tif,8612506.928149752,3360589.180790463
8613843_3361698.tif,8612812.676262852,3360589.180790463
8613843_3361698.tif,8613118.424375948,3360589.180790463
8613843_3361698.tif,8613424.172489047,3360589.180790463
8613843_3361698.tif,8613729.920602145,3360589.180790463
8613843_3361698.tif,8614035.668715242,3360589.180790463
8613843_3361698.tif,8614341.416828342,3360589.180790463
8613843_3361698.tif,8614647.164941438,3360589.180790463
8613843_3361698.tif,8614952.913054537,3360589.180790463
8613843_3361698.tif,8615182.224139359,3360589.180790463
8613843_3361698.tif,8612506.928149752,3360359.8697056393
8613843_3361698.tif,8612812.676262852,3360359.8697056393
8613843_3361698.tif,8613118.424375948,3360359.8697056393
8613843_3361698.tif,8613424.172489047,3360359.8697056393
8613843_3361698.tif,8613729.920602145,3360359.8697056393
8613843_3361698.tif,8614035.668715242,3360359.8697056393
8613843_3361698.tif,8614341.416828342,3360359.8697056393
8613843_3361698.tif,8614647.164941438,3360359.8697056393
8613843_3361698.tif,8614952.913054537,3360359.8697056393
8613843_3361698.tif,8615182.224139359,3360359.8697056393
8613843_3364449.tif,8612506.928149752,3365786.898712878
8613843_3364449.tif,8612812.676262852,3365786.898712878
8613843_3364449.tif,8613118.424375948,3365786.898712878
8613843_3364449.tif,8613424.172489047,3365786.898712878
8613843_3364449.tif,8613729.920602145,3365786.898712878
8613843_3364449.tif,8614035.668715242,3365786.898712878
8613843_3364449.tif,8614341.416828342,3365786.898712878
8613843_3364449.tif,8614647.164941438,3365786.898712878
8613843_3364449.tif,8614952.913054537,3365786.898712878
8613843_3364449.tif,8615182.224139359,3365786.898712878
8613843_3364449.tif,8612506.928149752,3365481.1505998066
8613843_3364449.tif,8612812.676262852,3365481.1505998066
8613843_3364449.tif,8613118.424375948,3365481.1505998066
8613843_3364449.tif,8613424.172489047,3365481.1505998066
8613843_3364449.tif,8613729.920602145,3365481.1505998066
8613843_3364449.tif,8614035.668715242,3365481.1505998066
8613843_3364449.tif,8614341.416828342,3365481.1505998066
8613843_3364449.tif,8614647.164941438,3365481.1505998066
8613843_3364449.tif,8614952.913054537,3365481.1505998066
8613843_3364449.tif,8615182.224139359,3365481.1505998066
8613843_3364449.tif,8612506.928149752,3365175.402486736
8613843_3364449.tif,8612812.676262852,3365175.402486736
8613843_3364449.tif,8613118.424375948,3365175.402486736
8613843_3364449.tif,8613424.172489047,3365175.402486736
8613843_3364449.tif,8613729.920602145,3365175.402486736
8613843_3364449.tif,8614035.668715242,3365175.402486736
8613843_3364449.tif,8614341.416828342,3365175.402486736
8613843_3364449.tif,8614647.164941438,3365175.402486736
8613843_3364449.tif,8614952.913054537,3365175.402486736
8613843_3364449.tif,8615182.224139359,3365175.402486736
8613843_3364449.tif,8612506.928149752,3364869.6543736644
8613843_3364449.tif,8612812.676262852,3364869.6543736644
8613843_3364449.tif,8613118.424375948,3364869.6543736644
8613843_3364449.tif,8613424.172489047,3364869.6543736644
8613843_3364449.tif,8613729.920602145,3364869.6543736644
8613843_3364449.tif,8614035.668715242,3364869.6543736644
8613843_3364449.tif,8614341.416828342,3364869.6543736644
8613843_3364449.tif,8614647.164941438,3364869.6543736644
8613843_3364449.tif,8614952.913054537,3364869.6543736644
8613843_3364449.tif,8615182.224139359,3364869.6543736644
8613843_3364449.tif,8612506.928149752,3364563.906260594
8613843_3364449.tif,8612812.676262852,3364563.906260594
8613843_3364449.tif,8613118.424375948,3364563.906260594
8613843_3364449.tif,8613424.172489047,3364563.906260594
8613843_3364449.tif,8613729.920602145,3364563.906260594
8613843_3364449.tif,8614035.668715242,3364563.906260594
8613843_3364449.tif,8614341.416828342,3364563.906260594
8613843_3364449.tif,8614647.164941438,3364563.906260594
8613843_3364449.tif,8614952.913054537,3364563.906260594
8613843_3364449.tif,8615182.224139359,3364563.906260594
8613843_3364449.tif,8612506.928149752,3364258.1581475222
8613843_3364449.tif,8612812.676262852,3364258.1581475222
8613843_3364449.tif,8613118.424375948,3364258.1581475222
8613843_3364449.tif,8613424.172489047,3364258.1581475222
8613843_3364449.tif,8613729.920602145,3364258.1581475222
8613843_3364449.tif,8614035.668715242,3364258.1581475222
8613843_3364449.tif,8614341.416828342,3364258.1581475222
8613843_3364449.tif,8614647.164941438,3364258.1581475222
8613843_3364449.tif,8614952.913054537,3364258.1581475222
8613843_3364449.tif,8615182.224139359,3364258.1581475222
8613843_3364449.tif,8612506.928149752,3363952.4100344516
8613843_3364449.tif,8612812.676262852,3363952.4100344516
8613843_3364449.tif,8613118.424375948,3363952.4100344516
8613843_3364449.tif,8613424.172489047,3363952.4100344516
8613843_3364449.tif,8613729.920602145,3363952.4100344516
8613843_3364449.tif,8614035.668715242,3363952.4100344516
8613843_3364449.tif,8614341.416828342,3363952.4100344516
8613843_3364449.tif,8614647.164941438,3363952.4100344516
8613843_3364449.tif,8614952.913054537,3363952.4100344516
8613843_3364449.tif,8615182.224139359,3363952.4100344516
8613843_3364449.tif,8612506.928149752,3363646.66192138
8613843_3364449.tif,8612812.676262852,3363646.66192138
8613843_3364449.tif,8613118.424375948,3363646.66192138
8613843_3364449.tif,8613424.172489047,3363646.66192138
8613843_3364449.tif,8613729.920602145,3363646.66192138
8613843_3364449.tif,8614035.668715242,3363646.66192138
8613843_3364449.tif,8614341.416828342,3363646.66192138
8613843_3364449.tif,8614647.164941438,3363646.66192138
8613843_3364449.tif,8614952.913054537,3363646.66192138
8613843_3364449.tif,8615182.224139359,3363646.66192138
8613843_3364449.tif,8612506.928149752,3363340.9138083095
8613843_3364449.tif,8612812.676262852,3363340.9138083095
8613843_3364449.tif,8613118.424375948,3363340.9138083095
8613843_3364449.tif,8613424.172489047,3363340.9138083095
8613843_3364449.tif,8613729.920602145,3363340.9138083095
8613843_3364449.tif,8614035.668715242,3363340.9138083095
8613843_3364449.tif,8614341.416828342,3363340.9138083095
8613843_3364449.tif,8614647.164941438,3363340.9138083095
8613843_3364449.tif,8614952.913054537,3363340.9138083095
8613843_3364449.tif,8615182.224139359,3363340.9138083095
8613843_3364449.tif,8612506.928149752,3363111.6027235063
8613843_3364449.tif,8612812.676262852,3363111.6027235063
8613843_3364449.tif,8613118.424375948,3363111.6027235063
8613843_3364449.tif,8613424.172489047,3363111.6027235063
8613843_3364449.tif,8613729.920602145,3363111.6027235063
8613843_3364449.tif,8614035.668715242,3363111.6027235063
8613843_3364449.tif,8614341.416828342,3363111.6027235063
8613843_3364449.tif,8614647.164941438,3363111.6027235063
8613843_3364449.tif,8614952.913054537,3363111.6027235063
8613843_3364449.tif,8615182.224139359,3363111.6027235063
8613843_3367201.tif,8612506.928149752,3368538.6317307577
8613843_3367201.tif,8612812.676262852,3368538.6317307577
8613843_3367201.tif,8613118.424375948,3368538.6317307577
8613843_3367201.tif,8613424.172489047,3368538.6317307577
8613843_3367201.tif,8613729.920602145,3368538.6317307577
8613843_3367201.tif,8614035.668715242,3368538.6317307577
8613843_3367201.tif,8614341.416828342,3368538.6317307577
8613843_3367201.tif,8614647.164941438,3368538.6317307577
8613843_3367201.tif,8614952.913054537,3368538.6317307577
8613843_3367201.tif,8615182.224139359,3368538.6317307577
8613843_3367201.tif,8612506.928149752,3368232.883617686
8613843_3367201.tif,8612812.676262852,3368232.883617686
8613843_3367201.tif,8613118.424375948,3368232.883617686
8613843_3367201.tif,8613424.172489047,3368232.883617686
8613843_3367201.tif,8613729.920602145,3368232.883617686
8613843_3367201.tif,8614035.668715242,3368232.883617686
8613843_3367201.tif,8614341.416828342,3368232.883617686
8613843_3367201.tif,8614647.164941438,3368232.883617686
8613843_3367201.tif,8614952.913054537,3368232.883617686
8613843_3367201.tif,8615182.224139359,3368232.883617686
8613843_3367201.tif,8612506.928149752,3367927.135504615
8613843_3367201.tif,8612812.676262852,3367927.135504615
8613843_3367201.tif,8613118.424375948,3367927.135504615
8613843_3367201.tif,8613424.172489047,3367927.135504615
8613843_3367201.tif,8613729.920602145,3367927.135504615
8613843_3367201.tif,8614035.668715242,3367927.135504615
8613843_3367201.tif,8614341.416828342,3367927.135504615
8613843_3367201.tif,8614647.164941438,3367927.135504615
8613843_3367201.tif,8614952.913054537,3367927.135504615
8613843_3367201.tif,8615182.224139359,3367927.135504615
8613843_3367201.tif,8612506.928149752,3367621.387391544
8613843_3367201.tif,8612812.676262852,3367621.387391544
8613843_3367201.tif,8613118.424375948,3367621.387391544
8613843_3367201.tif,8613424.172489047,3367621.387391544
8613843_3367201.tif,8613729.920602145,3367621.387391544
8613843_3367201.tif,8614035.668715242,3367621.387391544
8613843_3367201.tif,8614341.416828342,3367621.387391544
8613843_3367201.tif,8614647.164941438,3367621.387391544
8613843_3367201.tif,8614952.913054537,3367621.387391544
8613843_3367201.tif,8615182.224139359,3367621.387391544
8613843_3367201.tif,8612506.928149752,3367315.6392784724
8613843_3367201.tif,8612812.676262852,3367315.6392784724
8613843_3367201.tif,8613118.424375948,3367315.6392784724
8613843_3367201.tif,8613424.172489047,3367315.6392784724
8613843_3367201.tif,8613729.920602145,3367315.6392784724
8613843_3367201.tif,8614035.668715242,3367315.6392784724
8613843_3367201.tif,8614341.416828342,3367315.6392784724
8613843_3367201.tif,8614647.164941438,3367315.6392784724
8613843_3367201.tif,8614952.913054537,3367315.6392784724
8613843_3367201.tif,8615182.224139359,3367315.6392784724
8613843_3367201.tif,8612506.928149752,3367009.891165402
8613843_3367201.tif,8612812.676262852,3367009.891165402
8613843_3367201.tif,8613118.424375948,3367009.891165402
8613843_3367201.tif,8613424.172489047,3367009.891165402
8613843_3367201.tif,8613729.920602145,3367009.891165402
8613843_3367201.tif,8614035.668715242,3367009.891165402
8613843_3367201.tif,8614341.416828342,3367009.891165402
8613843_3367201.tif,8614647.164941438,3367009.891165402
8613843_3367201.tif,8614952.913054537,3367009.891165402
8613843_3367201.tif,8615182.224139359,3367009.891165402
8613843_3367201.tif,8612506.928149752,3366704.1430523302
8613843_3367201.tif,8612812.676262852,3366704.1430523302
8613843_3367201.tif,8613118.424375948,3366704.1430523302
8613843_3367201.tif,8613424.172489047,3366704.1430523302
8613843_3367201.tif,8613729.920602145,3366704.1430523302
8613843_3367201.tif,8614035.668715242,3366704.1430523302
8613843_3367201.tif,8614341.416828342,3366704.1430523302
8613843_3367201.tif,8614647.164941438,3366704.1430523302
8613843_3367201.tif,8614952.913054537,3366704.1430523302
8613843_3367201.tif,8615182.224139359,3366704.1430523302
8613843_3367201.tif,8612506.928149752,3366398.394939259
8613843_3367201.tif,8612812.676262852,3366398.394939259
8613843_3367201.tif,8613118.424375948,3366398.394939259
8613843_3367201.tif,8613424.172489047,3366398.394939259
8613843_3367201.tif,8613729.920602145,3366398.394939259
8613843_3367201.tif,8614035.668715242,3366398.394939259
8613843_3367201.tif,8614341.416828342,3366398.394939259
8613843_3367201.tif,8614647.164941438,3366398.394939259
8613843_3367201.tif,8614952.913054537,3366398.394939259
8613843_3367201.tif,8615182.224139359,3366398.394939259
8613843_3367201.tif,8612506.928149752,3366092.646826188
8613843_3367201.tif,8612812.676262852,3366092.646826188
8613843_3367201.tif,8613118.424375948,3366092.646826188
8613843_3367201.tif,8613424.172489047,3366092.646826188
8613843_3367201.tif,8613729.920602145,3366092.646826188
8613843_3367201.tif,8614035.668715242,3366092.646826188
8613843_3367201.tif,8614341.416828342,3366092.646826188
8613843_3367201.tif,8614647.164941438,3366092.646826188
8613843_3367201.tif,8614952.913054537,3366092.646826188
8613843_3367201.tif,8615182.224139359,3366092.646826188
8613843_3367201.tif,8612506.928149752,3365863.335741385
8613843_3367201.tif,8612812.676262852,3365863.335741385
8613843_3367201.tif,8613118.424375948,3365863.335741385
8613843_3367201.tif,8613424.172489047,3365863.335741385
8613843_3367201.tif,8613729.920602145,3365863.335741385
8613843_3367201.tif,8614035.668715242,3365863.335741385
8613843_3367201.tif,8614341.416828342,3365863.335741385
8613843_3367201.tif,8614647.164941438,3365863.335741385
8613843_3367201.tif,8614952.913054537,3365863.335741385
8613843_3367201.tif,8615182.224139359,3365863.335741385
8613843_3369953.tif,8612506.928149752,3371290.364748624
8613843_3369953.tif,8612812.676262852,3371290.364748624
8613843_3369953.tif,8613118.424375948,3371290.364748624
8613843_3369953.tif,8613424.172489047,3371290.364748624
8613843_3369953.tif,8613729.920602145,3371290.364748624
8613843_3369953.tif,8614035.668715242,3371290.364748624
8613843_3369953.tif,8614341.416828342,3371290.364748624
8613843_3369953.tif,8614647.164941438,3371290.364748624
8613843_3369953.tif,8614952.913054537,3371290.364748624
8613843_3369953.tif,8615182.224139359,3371290.364748624
8613843_3369953.tif,8612506.928149752,3370984.6166355265
8613843_3369953.tif,8612812.676262852,3370984.6166355265
8613843_3369953.tif,8613118.424375948,3370984.6166355265
8613843_3369953.tif,8613424.172489047,3370984.6166355265
8613843_3369953.tif,8613729.920602145,3370984.6166355265
8613843_3369953.tif,8614035.668715242,3370984.6166355265
8613843_3369953.tif,8614341.416828342,3370984.6166355265
8613843_3369953.tif,8614647.164941438,3370984.6166355265
8613843_3369953.tif,8614952.913054537,3370984.6166355265
8613843_3369953.tif,8615182.224139359,3370984.6166355265
8613843_3369953.tif,8612506.928149752,3370678.8685224284
8613843_3369953.tif,8612812.676262852,3370678.8685224284
8613843_3369953.tif,8613118.424375948,3370678.8685224284
8613843_3369953.tif,8613424.172489047,3370678.8685224284
8613843_3369953.tif,8613729.920602145,3370678.8685224284
8613843_3369953.tif,8614035.668715242,3370678.8685224284
8613843_3369953.tif,8614341.416828342,3370678.8685224284
8613843_3369953.tif,8614647.164941438,3370678.8685224284
8613843_3369953.tif,8614952.913054537,3370678.8685224284
8613843_3369953.tif,8615182.224139359,3370678.8685224284
8613843_3369953.tif,8612506.928149752,3370373.1204093304
8613843_3369953.tif,8612812.676262852,3370373.1204093304
8613843_3369953.tif,8613118.424375948,3370373.1204093304
8613843_3369953.tif,8613424.172489047,3370373.1204093304
8613843_3369953.tif,8613729.920602145,3370373.1204093304
8613843_3369953.tif,8614035.668715242,3370373.1204093304
8613843_3369953.tif,8614341.416828342,3370373.1204093304
8613843_3369953.tif,8614647.164941438,3370373.1204093304
8613843_3369953.tif,8614952.913054537,3370373.1204093304
8613843_3369953.tif,8615182.224139359,3370373.1204093304
8613843_3369953.tif,8612506.928149752,3370067.3722962327
8613843_3369953.tif,8612812.676262852,3370067.3722962327
8613843_3369953.tif,8613118.424375948,3370067.3722962327
8613843_3369953.tif,8613424.172489047,3370067.3722962327
8613843_3369953.tif,8613729.920602145,3370067.3722962327
8613843_3369953.tif,8614035.668715242,3370067.3722962327
8613843_3369953.tif,8614341.416828342,3370067.3722962327
8613843_3369953.tif,8614647.164941438,3370067.3722962327
8613843_3369953.tif,8614952.913054537,3370067.3722962327
8613843_3369953.tif,8615182.224139359,3370067.3722962327
8613843_3369953.tif,8612506.928149752,3369761.6241831346
8613843_3369953.tif,8612812.676262852,3369761.6241831346
8613843_3369953.tif,8613118.424375948,3369761.6241831346
8613843_3369953.tif,8613424.172489047,3369761.6241831346
8613843_3369953.tif,8613729.920602145,3369761.6241831346
8613843_3369953.tif,8614035.668715242,3369761.6241831346
8613843_3369953.tif,8614341.416828342,3369761.6241831346
8613843_3369953.tif,8614647.164941438,3369761.6241831346
8613843_3369953.tif,8614952.913054537,3369761.6241831346
8613843_3369953.tif,8615182.224139359,3369761.6241831346
8613843_3369953.tif,8612506.928149752,3369455.8760700366
8613843_3369953.tif,8612812.676262852,3369455.8760700366
8613843_3369953.tif,8613118.424375948,3369455.8760700366
8613843_3369953.tif,8613424.172489047,3369455.8760700366
8613843_3369953.tif,8613729.920602145,3369455.8760700366
8613843_3369953.tif,8614035.668715242,3369455.8760700366
8613843_3369953.tif,8614341.416828342,3369455.8760700366
8613843_3369953.tif,8614647.164941438,3369455.8760700366
8613843_3369953.tif,8614952.913054537,3369455.8760700366
8613843_3369953.tif,8615182.224139359,3369455.8760700366
8613843_3369953.tif,8612506.928149752,3369150.127956939
8613843_3369953.tif,8612812.676262852,3369150.127956939
8613843_3369953.tif,8613118.424375948,3369150.127956939
8613843_3369953.tif,8613424.172489047,3369150.127956939
8613843_3369953.tif,8613729.920602145,3369150.127956939
8613843_3369953.tif,8614035.668715242,3369150.127956939
8613843_3369953.tif,8614341.416828342,3369150.127956939
8613843_3369953.tif,8614647.164941438,3369150.127956939
8613843_3369953.tif,8614952.913054537,3369150.127956939
8613843_3369953.tif,8615182.224139359,3369150.127956939
8613843_3369953.tif,8612506.928149752,3368844.3798438404
8613843_3369953.tif,8612812.676262852,3368844.3798438404
8613843_3369953.tif,8613118.424375948,3368844.3798438404
8613843_3369953.tif,8613424.172489047,3368844.3798438404
8613843_3369953.tif,8613729.920602145,3368844.3798438404
8613843_3369953.tif,8614035.668715242,3368844.3798438404
8613843_3369953.tif,8614341.416828342,3368844.3798438404
8613843_3369953.tif,8614647.164941438,3368844.3798438404
8613843_3369953.tif,8614952.913054537,3368844.3798438404
8613843_3369953.tif,8615182.224139359,3368844.3798438404
8613843_3369953.tif,8612506.928149752,3368615.068759017
8613843_3369953.tif,8612812.676262852,3368615.068759017
8613843_3369953.tif,8613118.424375948,3368615.068759017
8613843_3369953.tif,8613424.172489047,3368615.068759017
8613843_3369953.tif,8613729.920602145,3368615.068759017
8613843_3369953.tif,8614035.668715242,3368615.068759017
8613843_3369953.tif,8614341.416828342,3368615.068759017
8613843_3369953.tif,8614647.164941438,3368615.068759017
8613843_3369953.tif,8614952.913054537,3368615.068759017
8613843_3369953.tif,8615182.224139359,3368615.068759017
8613843_3372705.tif,8612506.928149752,3374042.097766505
8613843_3372705.tif,8612812.676262852,3374042.097766505
8613843_3372705.tif,8613118.424375948,3374042.097766505
8613843_3372705.tif,8613424.172489047,3374042.097766505
8613843_3372705.tif,8613729.920602145,3374042.097766505
8613843_3372705.tif,8614035.668715242,3374042.097766505
8613843_3372705.tif,8614341.416828342,3374042.097766505
8613843_3372705.tif,8614647.164941438,3374042.097766505
8613843_3372705.tif,8614952.913054537,3374042.097766505
8613843_3372705.tif,8615182.224139359,3374042.097766505
8613843_3372705.tif,8612506.928149752,3373736.349653407
8613843_3372705.tif,8612812.676262852,3373736.349653407
8613843_3372705.tif,8613118.424375948,3373736.349653407
8613843_3372705.tif,8613424.172489047,3373736.349653407
8613843_3372705.tif,8613729.920602145,3373736.349653407
8613843_3372705.tif,8614035.668715242,3373736.349653407
8613843_3372705.tif,8614341.416828342,3373736.349653407
8613843_3372705.tif,8614647.164941438,3373736.349653407
8613843_3372705.tif,8614952.913054537,3373736.349653407
8613843_3372705.tif,8615182.224139359,3373736.349653407
8613843_3372705.tif,8612506.928149752,3373430.6015403084
8613843_3372705.tif,8612812.676262852,3373430.6015403084
8613843_3372705.tif,8613118.424375948,3373430.6015403084
8613843_3372705.tif,8613424.172489047,3373430.6015403084
8613843_3372705.tif,8613729.920602145,3373430.6015403084
8613843_3372705.tif,8614035.668715242,3373430.6015403084
8613843_3372705.tif,8614341.416828342,3373430.6015403084
8613843_3372705.tif,8614647.164941438,3373430.6015403084
8613843_3372705.tif,8614952.913054537,3373430.6015403084
8613843_3372705.tif,8615182.224139359,3373430.6015403084
8613843_3372705.tif,8612506.928149752,3373124.8534272104
8613843_3372705.tif,8612812.676262852,3373124.8534272104
8613843_3372705.tif,8613118.424375948,3373124.8534272104
8613843_3372705.tif,8613424.172489047,3373124.8534272104
8613843_3372705.tif,8613729.920602145,3373124.8534272104
8613843_3372705.tif,8614035.668715242,3373124.8534272104
8613843_3372705.tif,8614341.416828342,3373124.8534272104
8613843_3372705.tif,8614647.164941438,3373124.8534272104
8613843_3372705.tif,8614952.913054537,3373124.8534272104
8613843_3372705.tif,8615182.224139359,3373124.8534272104
8613843_3372705.tif,8612506.928149752,3372819.105314112
8613843_3372705.tif,8612812.676262852,3372819.105314112
8613843_3372705.tif,8613118.424375948,3372819.105314112
8613843_3372705.tif,8613424.172489047,3372819.105314112
8613843_3372705.tif,8613729.920602145,3372819.105314112
8613843_3372705.tif,8614035.668715242,3372819.105314112
8613843_3372705.tif,8614341.416828342,3372819.105314112
8613843_3372705.tif,8614647.164941438,3372819.105314112
8613843_3372705.tif,8614952.913054537,3372819.105314112
8613843_3372705.tif,8615182.224139359,3372819.105314112
8613843_3372705.tif,8612506.928149752,3372513.3572010137
8613843_3372705.tif,8612812.676262852,3372513.3572010137
8613843_3372705.tif,8613118.424375948,3372513.3572010137
8613843_3372705.tif,8613424.172489047,3372513.3572010137
8613843_3372705.tif,8613729.920602145,3372513.3572010137
8613843_3372705.tif,8614035.668715242,3372513.3572010137
8613843_3372705.tif,8614341.416828342,3372513.3572010137
8613843_3372705.tif,8614647.164941438,3372513.3572010137
8613843_3372705.tif,8614952.913054537,3372513.3572010137
8613843_3372705.tif,8615182.224139359,3372513.3572010137
8613843_3372705.tif,8612506.928149752,3372207.609087915
8613843_3372705.tif,8612812.676262852,3372207.609087915
8613843_3372705.tif,8613118.424375948,3372207.609087915
8613843_3372705.tif,8613424.172489047,3372207.609087915
8613843_3372705.tif,8613729.920602145,3372207.609087915
8613843_3372705.tif,8614035.668715242,3372207.609087915
8613843_3372705.tif,8614341.416828342,3372207.609087915
8613843_3372705.tif,8614647.164941438,3372207.609087915
8613843_3372705.tif,8614952.913054537,3372207.609087915
8613843_3372705.tif,8615182.224139359,3372207.609087915
8613843_3372705.tif,8612506.928149752,3371901.860974817
8613843_3372705.tif,8612812.676262852,3371901.860974817
8613843_3372705.tif,8613118.424375948,3371901.860974817
8613843_3372705.tif,8613424.172489047,3371901.860974817
8613843_3372705.tif,8613729.920602145,3371901.860974817
8613843_3372705.tif,8614035.668715242,3371901.860974817
8613843_3372705.tif,8614341.416828342,3371901.860974817
8613843_3372705.tif,8614647.164941438,3371901.860974817
8613843_3372705.tif,8614952.913054537,3371901.860974817
8613843_3372705.tif,8615182.224139359,3371901.860974817
8613843_3372705.tif,8612506.928149752,3371596.112861719
8613843_3372705.tif,8612812.676262852,3371596.112861719
8613843_3372705.tif,8613118.424375948,3371596.112861719
8613843_3372705.tif,8613424.172489047,3371596.112861719
8613843_3372705.tif,8613729.920602145,3371596.112861719
8613843_3372705.tif,8614035.668715242,3371596.112861719
8613843_3372705.tif,8614341.416828342,3371596.112861719
8613843_3372705.tif,8614647.164941438,3371596.112861719
8613843_3372705.tif,8614952.913054537,3371596.112861719
8613843_3372705.tif,8615182.224139359,3371596.112861719
8613843_3372705.tif,8612506.928149752,3371366.8017768953
8613843_3372705.tif,8612812.676262852,3371366.8017768953
8613843_3372705.tif,8613118.424375948,3371366.8017768953
8613843_3372705.tif,8613424.172489047,3371366.8017768953
8613843_3372705.tif,8613729.920602145,3371366.8017768953
8613843_3372705.tif,8614035.668715242,3371366.8017768953
8613843_3372705.tif,8614341.416828342,3371366.8017768953
8613843_3372705.tif,8614647.164941438,3371366.8017768953
8613843_3372705.tif,8614952.913054537,3371366.8017768953
8613843_3372705.tif,8615182.224139359,3371366.8017768953
8616595_3328677.tif,8615258.661167635,3330014.3694799384
8616595_3328677.tif,8615564.409280732,3330014.3694799384
8616595_3328677.tif,8615870.15739383,3330014.3694799384
8616595_3328677.tif,8616175.905506928,3330014.3694799384
8616595_3328677.tif,8616481.653620027,3330014.3694799384
8616595_3328677.tif,8616787.401733123,3330014.3694799384
8616595_3328677.tif,8617093.149846222,3330014.3694799384
8616595_3328677.tif,8617398.89795932,3330014.3694799384
8616595_3328677.tif,8617704.646072417,3330014.3694799384
8616595_3328677.tif,8617933.957157241,3330014.3694799384
8616595_3328677.tif,8615258.661167635,3329708.6213668403
8616595_3328677.tif,8615564.409280732,3329708.6213668403
8616595_3328677.tif,8615870.15739383,3329708.6213668403
8616595_3328677.tif,8616175.905506928,3329708.6213668403
8616595_3328677.tif,8616481.653620027,3329708.6213668403
8616595_3328677.tif,8616787.401733123,3329708.6213668403
8616595_3328677.tif,8617093.149846222,3329708.6213668403
8616595_3328677.tif,8617398.89795932,3329708.6213668403
8616595_3328677.tif,8617704.646072417,3329708.6213668403
8616595_3328677.tif,8617933.957157241,3329708.6213668403
8616595_3328677.tif,8615258.661167635,3329402.8732537422
8616595_3328677.tif,8615564.409280732,3329402.8732537422
8616595_3328677.tif,8615870.15739383,3329402.8732537422
8616595_3328677.tif,8616175.905506928,3329402.8732537422
8616595_3328677.tif,8616481.653620027,3329402.8732537422
8616595_3328677.tif,8616787.401733123,3329402.8732537422
8616595_3328677.tif,8617093.149846222,3329402.8732537422
8616595_3328677.tif,8617398.89795932,3329402.8732537422
8616595_3328677.tif,8617704.646072417,3329402.8732537422
8616595_3328677.tif,8617933.957157241,3329402.8732537422
8616595_3328677.tif,8615258.661167635,3329097.1251406446
8616595_3328677.tif,8615564.409280732,3329097.1251406446
8616595_3328677.tif,8615870.15739383,3329097.1251406446
8616595_3328677.tif,8616175.905506928,3329097.1251406446
8616595_3328677.tif,8616481.653620027,3329097.1251406446
8616595_3328677.tif,8616787.401733123,3329097.1251406446
8616595_3328677.tif,8617093.149846222,3329097.1251406446
8616595_3328677.tif,8617398.89795932,3329097.1251406446
8616595_3328677.tif,8617704.646072417,3329097.1251406446
8616595_3328677.tif,8617933.957157241,3329097.1251406446
8616595_3328677.tif,8615258.661167635,3328791.377027547
8616595_3328677.tif,8615564.409280732,3328791.377027547
8616595_3328677.tif,8615870.15739383,3328791.377027547
8616595_3328677.tif,8616175.905506928,3328791.377027547
8616595_3328677.tif,8616481.653620027,3328791.377027547
8616595_3328677.tif,8616787.401733123,3328791.377027547
8616595_3328677.tif,8617093.149846222,3328791.377027547
8616595_3328677.tif,8617398.89795932,3328791.377027547
8616595_3328677.tif,8617704.646072417,3328791.377027547
8616595_3328677.tif,8617933.957157241,3328791.377027547
8616595_3328677.tif,8615258.661167635,3328485.628914449
8616595_3328677.tif,8615564.409280732,3328485.628914449
8616595_3328677.tif,8615870.15739383,3328485.628914449
8616595_3328677.tif,8616175.905506928,3328485.628914449
8616595_3328677.tif,8616481.653620027,3328485.628914449
8616595_3328677.tif,8616787.401733123,3328485.628914449
8616595_3328677.tif,8617093.149846222,3328485.628914449
8616595_3328677.tif,8617398.89795932,3328485.628914449
8616595_3328677.tif,8617704.646072417,3328485.628914449
8616595_3328677.tif,8617933.957157241,3328485.628914449
8616595_3328677.tif,8615258.661167635,3328179.880801351
8616595_3328677.tif,8615564.409280732,3328179.880801351
8616595_3328677.tif,8615870.15739383,3328179.880801351
8616595_3328677.tif,8616175.905506928,3328179.880801351
8616595_3328677.tif,8616481.653620027,3328179.880801351
8616595_3328677.tif,8616787.401733123,3328179.880801351
8616595_3328677.tif,8617093.149846222,3328179.880801351
8616595_3328677.tif,8617398.89795932,3328179.880801351
8616595_3328677.tif,8617704.646072417,3328179.880801351
8616595_3328677.tif,8617933.957157241,3328179.880801351
8616595_3328677.tif,8615258.661167635,3327874.132688253
8616595_3328677.tif,8615564.409280732,3327874.132688253
8616595_3328677.tif,8615870.15739383,3327874.132688253
8616595_3328677.tif,8616175.905506928,3327874.132688253
8616595_3328677.tif,8616481.653620027,3327874.132688253
8616595_3328677.tif,8616787.401733123,3327874.132688253
8616595_3328677.tif,8617093.149846222,3327874.132688253
8616595_3328677.tif,8617398.89795932,3327874.132688253
8616595_3328677.tif,8617704.646072417,3327874.132688253
8616595_3328677.tif,8617933.957157241,3327874.132688253
8616595_3328677.tif,8615258.661167635,3327568.3845751556
8616595_3328677.tif,8615564.409280732,3327568.3845751556
8616595_3328677.tif,8615870.15739383,3327568.3845751556
8616595_3328677.tif,8616175.905506928,3327568.3845751556
8616595_3328677.tif,8616481.653620027,3327568.3845751556
8616595_3328677.tif,8616787.401733123,3327568.3845751556
8616595_3328677.tif,8617093.149846222,3327568.3845751556
8616595_3328677.tif,8617398.89795932,3327568.3845751556
8616595_3328677.tif,8617704.646072417,3327568.3845751556
8616595_3328677.tif,8617933.957157241,3327568.3845751556
8616595_3328677.tif,8615258.661167635,3327339.073490332
8616595_3328677.tif,8615564.409280732,3327339.073490332
8616595_3328677.tif,8615870.15739383,3327339.073490332
8616595_3328677.tif,8616175.905506928,3327339.073490332
8616595_3328677.tif,8616481.653620027,3327339.073490332
8616595_3328677.tif,8616787.401733123,3327339.073490332
8616595_3328677.tif,8617093.149846222,3327339.073490332
8616595_3328677.tif,8617398.89795932,3327339.073490332
8616595_3328677.tif,8617704.646072417,3327339.073490332
8616595_3328677.tif,8617933.957157241,3327339.073490332
8616595_3331429.tif,8615258.661167635,3332766.102497818
8616595_3331429.tif,8615564.409280732,3332766.102497818
8616595_3331429.tif,8615870.15739383,3332766.102497818
8616595_3331429.tif,8616175.905506928,3332766.102497818
8616595_3331429.tif,8616481.653620027,3332766.102497818
8616595_3331429.tif,8616787.401733123,3332766.102497818
8616595_3331429.tif,8617093.149846222,3332766.102497818
8616595_3331429.tif,8617398.89795932,3332766.102497818
8616595_3331429.tif,8617704.646072417,3332766.102497818
8616595_3331429.tif,8617933.957157241,3332766.102497818
8616595_3331429.tif,8615258.661167635,3332460.3543847203
8616595_3331429.tif,8615564.409280732,3332460.3543847203
8616595_3331429.tif,8615870.15739383,3332460.3543847203
8616595_3331429.tif,8616175.905506928,3332460.3543847203
8616595_3331429.tif,8616481.653620027,3332460.3543847203
8616595_3331429.tif,8616787.401733123,3332460.3543847203
8616595_3331429.tif,8617093.149846222,3332460.3543847203
8616595_3331429.tif,8617398.89795932,3332460.3543847203
8616595_3331429.tif,8617704.646072417,3332460.3543847203
8616595_3331429.tif,8617933.957157241,3332460.3543847203
8616595_3331429.tif,8615258.661167635,3332154.6062716227
8616595_3331429.tif,8615564.409280732,3332154.6062716227
8616595_3331429.tif,8615870.15739383,3332154.6062716227
8616595_3331429.tif,8616175.905506928,3332154.6062716227
8616595_3331429.tif,8616481.653620027,3332154.6062716227
8616595_3331429.tif,8616787.401733123,3332154.6062716227
8616595_3331429.tif,8617093.149846222,3332154.6062716227
8616595_3331429.tif,8617398.89795932,3332154.6062716227
8616595_3331429.tif,8617704.646072417,3332154.6062716227
8616595_3331429.tif,8617933.957157241,3332154.6062716227
8616595_3331429.tif,8615258.661167635,3331848.858158524
8616595_3331429.tif,8615564.409280732,3331848.858158524
8616595_3331429.tif,8615870.15739383,3331848.858158524
8616595_3331429.tif,8616175.905506928,3331848.858158524
8616595_3331429.tif,8616481.653620027,3331848.858158524
8616595_3331429.tif,8616787.401733123,3331848.858158524
8616595_3331429.tif,8617093.149846222,3331848.858158524
8616595_3331429.tif,8617398.89795932,3331848.858158524
8616595_3331429.tif,8617704.646072417,3331848.858158524
8616595_3331429.tif,8617933.957157241,3331848.858158524
8616595_3331429.tif,8615258.661167635,3331543.1100454265
8616595_3331429.tif,8615564.409280732,3331543.1100454265
8616595_3331429.tif,8615870.15739383,3331543.1100454265
8616595_3331429.tif,8616175.905506928,3331543.1100454265
8616595_3331429.tif,8616481.653620027,3331543.1100454265
8616595_3331429.tif,8616787.401733123,3331543.1100454265
8616595_3331429.tif,8617093.149846222,3331543.1100454265
8616595_3331429.tif,8617398.89795932,3331543.1100454265
8616595_3331429.tif,8617704.646072417,3331543.1100454265
8616595_3331429.tif,8617933.957157241,3331543.1100454265
8616595_3331429.tif,8615258.661167635,3331237.361932329
8616595_3331429.tif,8615564.409280732,3331237.361932329
8616595_3331429.tif,8615870.15739383,3331237.361932329
8616595_3331429.tif,8616175.905506928,3331237.361932329
8616595_3331429.tif,8616481.653620027,3331237.361932329
8616595_3331429.tif,8616787.401733123,3331237.361932329
8616595_3331429.tif,8617093.149846222,3331237.361932329
8616595_3331429.tif,8617398.89795932,3331237.361932329
8616595_3331429.tif,8617704.646072417,3331237.361932329
8616595_3331429.tif,8617933.957157241,3331237.361932329
8616595_3331429.tif,8615258.661167635,3330931.6138192303
8616595_3331429.tif,8615564.409280732,3330931.6138192303
8616595_3331429.tif,8615870.15739383,3330931.6138192303
8616595_3331429.tif,8616175.905506928,3330931.6138192303
8616595_3331429.tif,8616481.653620027,3330931.6138192303
8616595_3331429.tif,8616787.401733123,3330931.6138192303
8616595_3331429.tif,8617093.149846222,3330931.6138192303
8616595_3331429.tif,8617398.89795932,3330931.6138192303
8616595_3331429.tif,8617704.646072417,3330931.6138192303
8616595_3331429.tif,8617933.957157241,3330931.6138192303
8616595_3331429.tif,8615258.661167635,3330625.8657061327
8616595_3331429.tif,8615564.409280732,3330625.8657061327
8616595_3331429.tif,8615870.15739383,3330625.8657061327
8616595_3331429.tif,8616175.905506928,3330625.8657061327
8616595_3331429.tif,8616481.653620027,3330625.8657061327
8616595_3331429.tif,8616787.401733123,3330625.8657061327
8616595_3331429.tif,8617093.149846222,3330625.8657061327
8616595_3331429.tif,8617398.89795932,3330625.8657061327
8616595_3331429.tif,8617704.646072417,3330625.8657061327
8616595_3331429.tif,8617933.957157241,3330625.8657061327
8616595_3331429.tif,8615258.661167635,3330320.117593035
8616595_3331429.tif,8615564.409280732,3330320.117593035
8616595_3331429.tif,8615870.15739383,3330320.117593035
8616595_3331429.tif,8616175.905506928,3330320.117593035
8616595_3331429.tif,8616481.653620027,3330320.117593035
8616595_3331429.tif,8616787.401733123,3330320.117593035
8616595_3331429.tif,8617093.149846222,3330320.117593035
8616595_3331429.tif,8617398.89795932,3330320.117593035
8616595_3331429.tif,8617704.646072417,3330320.117593035
8616595_3331429.tif,8617933.957157241,3330320.117593035
8616595_3331429.tif,8615258.661167635,3330090.8065082114
8616595_3331429.tif,8615564.409280732,3330090.8065082114
8616595_3331429.tif,8615870.15739383,3330090.8065082114
8616595_3331429.tif,8616175.905506928,3330090.8065082114
8616595_3331429.tif,8616481.653620027,3330090.8065082114
8616595_3331429.tif,8616787.401733123,3330090.8065082114
8616595_3331429.tif,8617093.149846222,3330090.8065082114
8616595_3331429.tif,8617398.89795932,3330090.8065082114
8616595_3331429.tif,8617704.646072417,3330090.8065082114
8616595_3331429.tif,8617933.957157241,3330090.8065082114
8616595_3334180.tif,8615258.661167635,3335517.8355157003
8616595_3334180.tif,8615564.409280732,3335517.8355157003
8616595_3334180.tif,8615870.15739383,3335517.8355157003
8616595_3334180.tif,8616175.905506928,3335517.8355157003
8616595_3334180.tif,8616481.653620027,3335517.8355157003
8616595_3334180.tif,8616787.401733123,3335517.8355157003
8616595_3334180.tif,8617093.149846222,3335517.8355157003
8616595_3334180.tif,8617398.89795932,3335517.8355157003
8616595_3334180.tif,8617704.646072417,3335517.8355157003
8616595_3334180.tif,8617933.957157241,3335517.8355157003
8616595_3334180.tif,8615258.661167635,3335212.0874026027
8616595_3334180.tif,8615564.409280732,3335212.0874026027
8616595_3334180.tif,8615870.15739383,3335212.0874026027
8616595_3334180.tif,8616175.905506928,3335212.0874026027
8616595_3334180.tif,8616481.653620027,3335212.0874026027
8616595_3334180.tif,8616787.401733123,3335212.0874026027
8616595_3334180.tif,8617093.149846222,3335212.0874026027
8616595_3334180.tif,8617398.89795932,3335212.0874026027
8616595_3334180.tif,8617704.646072417,3335212.0874026027
8616595_3334180.tif,8617933.957157241,3335212.0874026027
8616595_3334180.tif,8615258.661167635,3334906.339289505
8616595_3334180.tif,8615564.409280732,3334906.339289505
8616595_3334180.tif,8615870.15739383,3334906.339289505
8616595_3334180.tif,8616175.905506928,3334906.339289505
8616595_3334180.tif,8616481.653620027,3334906.339289505
8616595_3334180.tif,8616787.401733123,3334906.339289505
8616595_3334180.tif,8617093.149846222,3334906.339289505
8616595_3334180.tif,8617398.89795932,3334906.339289505
8616595_3334180.tif,8617704.646072417,3334906.339289505
8616595_3334180.tif,8617933.957157241,3334906.339289505
8616595_3334180.tif,8615258.661167635,3334600.591176407
8616595_3334180.tif,8615564.409280732,3334600.591176407
8616595_3334180.tif,8615870.15739383,3334600.591176407
8616595_3334180.tif,8616175.905506928,3334600.591176407
8616595_3334180.tif,8616481.653620027,3334600.591176407
8616595_3334180.tif,8616787.401733123,3334600.591176407
8616595_3334180.tif,8617093.149846222,3334600.591176407
8616595_3334180.tif,8617398.89795932,3334600.591176407
8616595_3334180.tif,8617704.646072417,3334600.591176407
8616595_3334180.tif,8617933.957157241,3334600.591176407
8616595_3334180.tif,8615258.661167635,3334294.843063309
8616595_3334180.tif,8615564.409280732,3334294.843063309
8616595_3334180.tif,8615870.15739383,3334294.843063309
8616595_3334180.tif,8616175.905506928,3334294.843063309
8616595_3334180.tif,8616481.653620027,3334294.843063309
8616595_3334180.tif,8616787.401733123,3334294.843063309
8616595_3334180.tif,8617093.149846222,3334294.843063309
8616595_3334180.tif,8617398.89795932,3334294.843063309
8616595_3334180.tif,8617704.646072417,3334294.843063309
8616595_3334180.tif,8617933.957157241,3334294.843063309
8616595_3334180.tif,8615258.661167635,3333989.0949502112
8616595_3334180.tif,8615564.409280732,3333989.0949502112
8616595_3334180.tif,8615870.15739383,3333989.0949502112
8616595_3334180.tif,8616175.905506928,3333989.0949502112
8616595_3334180.tif,8616481.653620027,3333989.0949502112
8616595_3334180.tif,8616787.401733123,3333989.0949502112
8616595_3334180.tif,8617093.149846222,3333989.0949502112
8616595_3334180.tif,8617398.89795932,3333989.0949502112
8616595_3334180.tif,8617704.646072417,3333989.0949502112
8616595_3334180.tif,8617933.957157241,3333989.0949502112
8616595_3334180.tif,8615258.661167635,3333683.3468371136
8616595_3334180.tif,8615564.409280732,3333683.3468371136
8616595_3334180.tif,8615870.15739383,3333683.3468371136
8616595_3334180.tif,8616175.905506928,3333683.3468371136
8616595_3334180.tif,8616481.653620027,3333683.3468371136
8616595_3334180.tif,8616787.401733123,3333683.3468371136
8616595_3334180.tif,8617093.149846222,3333683.3468371136
8616595_3334180.tif,8617398.89795932,3333683.3468371136
8616595_3334180.tif,8617704.646072417,3333683.3468371136
8616595_3334180.tif,8617933.957157241,3333683.3468371136
8616595_3334180.tif,8615258.661167635,3333377.5987240155
8616595_3334180.tif,8615564.409280732,3333377.5987240155
8616595_3334180.tif,8615870.15739383,3333377.5987240155
8616595_3334180.tif,8616175.905506928,3333377.5987240155
8616595_3334180.tif,8616481.653620027,3333377.5987240155
8616595_3334180.tif,8616787.401733123,3333377.5987240155
8616595_3334180.tif,8617093.149846222,3333377.5987240155
8616595_3334180.tif,8617398.89795932,3333377.5987240155
8616595_3334180.tif,8617704.646072417,3333377.5987240155
8616595_3334180.tif,8617933.957157241,3333377.5987240155
8616595_3334180.tif,8615258.661167635,3333071.8506109174
8616595_3334180.tif,8615564.409280732,3333071.8506109174
8616595_3334180.tif,8615870.15739383,3333071.8506109174
8616595_3334180.tif,8616175.905506928,3333071.8506109174
8616595_3334180.tif,8616481.653620027,3333071.8506109174
8616595_3334180.tif,8616787.401733123,3333071.8506109174
8616595_3334180.tif,8617093.149846222,3333071.8506109174
8616595_3334180.tif,8617398.89795932,3333071.8506109174
8616595_3334180.tif,8617704.646072417,3333071.8506109174
8616595_3334180.tif,8617933.957157241,3333071.8506109174
8616595_3334180.tif,8615258.661167635,3332842.539526094
8616595_3334180.tif,8615564.409280732,3332842.539526094
8616595_3334180.tif,8615870.15739383,3332842.539526094
8616595_3334180.tif,8616175.905506928,3332842.539526094
8616595_3334180.tif,8616481.653620027,3332842.539526094
8616595_3334180.tif,8616787.401733123,3332842.539526094
8616595_3334180.tif,8617093.149846222,3332842.539526094
8616595_3334180.tif,8617398.89795932,3332842.539526094
8616595_3334180.tif,8617704.646072417,3332842.539526094
8616595_3334180.tif,8617933.957157241,3332842.539526094
8616595_3336932.tif,8615258.661167635,3338269.568533582
8616595_3336932.tif,8615564.409280732,3338269.568533582
8616595_3336932.tif,8615870.15739383,3338269.568533582
8616595_3336932.tif,8616175.905506928,3338269.568533582
8616595_3336932.tif,8616481.653620027,3338269.568533582
8616595_3336932.tif,8616787.401733123,3338269.568533582
8616595_3336932.tif,8617093.149846222,3338269.568533582
8616595_3336932.tif,8617398.89795932,3338269.568533582
8616595_3336932.tif,8617704.646072417,3338269.568533582
8616595_3336932.tif,8617933.957157241,3338269.568533582
8616595_3336932.tif,8615258.661167635,3337963.820420484
8616595_3336932.tif,8615564.409280732,3337963.820420484
8616595_3336932.tif,8615870.15739383,3337963.820420484
8616595_3336932.tif,8616175.905506928,3337963.820420484
8616595_3336932.tif,8616481.653620027,3337963.820420484
8616595_3336932.tif,8616787.401733123,3337963.820420484
8616595_3336932.tif,8617093.149846222,3337963.820420484
8616595_3336932.tif,8617398.89795932,3337963.820420484
8616595_3336932.tif,8617704.646072417,3337963.820420484
8616595_3336932.tif,8617933.957157241,3337963.820420484
8616595_3336932.tif,8615258.661167635,3337658.072307386
8616595_3336932.tif,8615564.409280732,3337658.072307386
8616595_3336932.tif,8615870.15739383,3337658.072307386
8616595_3336932.tif,8616175.905506928,3337658.072307386
8616595_3336932.tif,8616481.653620027,3337658.072307386
8616595_3336932.tif,8616787.401733123,3337658.072307386
8616595_3336932.tif,8617093.149846222,3337658.072307386
8616595_3336932.tif,8617398.89795932,3337658.072307386
8616595_3336932.tif,8617704.646072417,3337658.072307386
8616595_3336932.tif,8617933.957157241,3337658.072307386
8616595_3336932.tif,8615258.661167635,3337352.3241942874
8616595_3336932.tif,8615564.409280732,3337352.3241942874
8616595_3336932.tif,8615870.15739383,3337352.3241942874
8616595_3336932.tif,8616175.905506928,3337352.3241942874
8616595_3336932.tif,8616481.653620027,3337352.3241942874
8616595_3336932.tif,8616787.401733123,3337352.3241942874
8616595_3336932.tif,8617093.149846222,3337352.3241942874
8616595_3336932.tif,8617398.89795932,3337352.3241942874
8616595_3336932.tif,8617704.646072417,3337352.3241942874
8616595_3336932.tif,8617933.957157241,3337352.3241942874
8616595_3336932.tif,8615258.661167635,3337046.5760811893
8616595_3336932.tif,8615564.409280732,3337046.5760811893
8616595_3336932.tif,8615870.15739383,3337046.5760811893
8616595_3336932.tif,8616175.905506928,3337046.5760811893
8616595_3336932.tif,8616481.653620027,3337046.5760811893
8616595_3336932.tif,8616787.401733123,3337046.5760811893
8616595_3336932.tif,8617093.149846222,3337046.5760811893
8616595_3336932.tif,8617398.89795932,3337046.5760811893
8616595_3336932.tif,8617704.646072417,3337046.5760811893
8616595_3336932.tif,8617933.957157241,3337046.5760811893
8616595_3336932.tif,8615258.661167635,3336740.8279680912
8616595_3336932.tif,8615564.409280732,3336740.8279680912
8616595_3336932.tif,8615870.15739383,3336740.8279680912
8616595_3336932.tif,8616175.905506928,3336740.8279680912
8616595_3336932.tif,8616481.653620027,3336740.8279680912
8616595_3336932.tif,8616787.401733123,3336740.8279680912
8616595_3336932.tif,8617093.149846222,3336740.8279680912
8616595_3336932.tif,8617398.89795932,3336740.8279680912
8616595_3336932.tif,8617704.646072417,3336740.8279680912
8616595_3336932.tif,8617933.957157241,3336740.8279680912
8616595_3336932.tif,8615258.661167635,3336435.079854993
8616595_3336932.tif,8615564.409280732,3336435.079854993
8616595_3336932.tif,8615870.15739383,3336435.079854993
8616595_3336932.tif,8616175.905506928,3336435.079854993
8616595_3336932.tif,8616481.653620027,3336435.079854993
8616595_3336932.tif,8616787.401733123,3336435.079854993
8616595_3336932.tif,8617093.149846222,3336435.079854993
8616595_3336932.tif,8617398.89795932,3336435.079854993
8616595_3336932.tif,8617704.646072417,3336435.079854993
8616595_3336932.tif,8617933.957157241,3336435.079854993
8616595_3336932.tif,8615258.661167635,3336129.331741895
8616595_3336932.tif,8615564.409280732,3336129.331741895
8616595_3336932.tif,8615870.15739383,3336129.331741895
8616595_3336932.tif,8616175.905506928,3336129.331741895
8616595_3336932.tif,8616481.653620027,3336129.331741895
8616595_3336932.tif,8616787.401733123,3336129.331741895
8616595_3336932.tif,8617093.149846222,3336129.331741895
8616595_3336932.tif,8617398.89795932,3336129.331741895
8616595_3336932.tif,8617704.646072417,3336129.331741895
8616595_3336932.tif,8617933.957157241,3336129.331741895
8616595_3336932.tif,8615258.661167635,3335823.5836287965
8616595_3336932.tif,8615564.409280732,3335823.5836287965
8616595_3336932.tif,8615870.15739383,3335823.5836287965
8616595_3336932.tif,8616175.905506928,3335823.5836287965
8616595_3336932.tif,8616481.653620027,3335823.5836287965
8616595_3336932.tif,8616787.401733123,3335823.5836287965
8616595_3336932.tif,8617093.149846222,3335823.5836287965
8616595_3336932.tif,8617398.89795932,3335823.5836287965
8616595_3336932.tif,8617704.646072417,3335823.5836287965
8616595_3336932.tif,8617933.957157241,3335823.5836287965
8616595_3336932.tif,8615258.661167635,3335594.272543973
8616595_3336932.tif,8615564.409280732,3335594.272543973
8616595_3336932.tif,8615870.15739383,3335594.272543973
8616595_3336932.tif,8616175.905506928,3335594.272543973
8616595_3336932.tif,8616481.653620027,3335594.272543973
8616595_3336932.tif,8616787.401733123,3335594.272543973
8616595_3336932.tif,8617093.149846222,3335594.272543973
8616595_3336932.tif,8617398.89795932,3335594.272543973
8616595_3336932.tif,8617704.646072417,3335594.272543973
8616595_3336932.tif,8617933.957157241,3335594.272543973
8616595_3339684.tif,8615258.661167635,3341021.301551464
8616595_3339684.tif,8615564.409280732,3341021.301551464
8616595_3339684.tif,8615870.15739383,3341021.301551464
8616595_3339684.tif,8616175.905506928,3341021.301551464
8616595_3339684.tif,8616481.653620027,3341021.301551464
8616595_3339684.tif,8616787.401733123,3341021.301551464
8616595_3339684.tif,8617093.149846222,3341021.301551464
8616595_3339684.tif,8617398.89795932,3341021.301551464
8616595_3339684.tif,8617704.646072417,3341021.301551464
8616595_3339684.tif,8617933.957157241,3341021.301551464
8616595_3339684.tif,8615258.661167635,3340715.5534383664
8616595_3339684.tif,8615564.409280732,3340715.5534383664
8616595_3339684.tif,8615870.15739383,3340715.5534383664
8616595_3339684.tif,8616175.905506928,3340715.5534383664
8616595_3339684.tif,8616481.653620027,3340715.5534383664
8616595_3339684.tif,8616787.401733123,3340715.5534383664
8616595_3339684.tif,8617093.149846222,3340715.5534383664
8616595_3339684.tif,8617398.89795932,3340715.5534383664
8616595_3339684.tif,8617704.646072417,3340715.5534383664
8616595_3339684.tif,8617933.957157241,3340715.5534383664
8616595_3339684.tif,8615258.661167635,3340409.805325268
8616595_3339684.tif,8615564.409280732,3340409.805325268
8616595_3339684.tif,8615870.15739383,3340409.805325268
8616595_3339684.tif,8616175.905506928,3340409.805325268
8616595_3339684.tif,8616481.653620027,3340409.805325268
8616595_3339684.tif,8616787.401733123,3340409.805325268
8616595_3339684.tif,8617093.149846222,3340409.805325268
8616595_3339684.tif,8617398.89795932,3340409.805325268
8616595_3339684.tif,8617704.646072417,3340409.805325268
8616595_3339684.tif,8617933.957157241,3340409.805325268
8616595_3339684.tif,8615258.661167635,3340104.05721217
8616595_3339684.tif,8615564.409280732,3340104.05721217
8616595_3339684.tif,8615870.15739383,3340104.05721217
8616595_3339684.tif,8616175.905506928,3340104.05721217
8616595_3339684.tif,8616481.653620027,3340104.05721217
8616595_3339684.tif,8616787.401733123,3340104.05721217
8616595_3339684.tif,8617093.149846222,3340104.05721217
8616595_3339684.tif,8617398.89795932,3340104.05721217
8616595_3339684.tif,8617704.646072417,3340104.05721217
8616595_3339684.tif,8617933.957157241,3340104.05721217
8616595_3339684.tif,8615258.661167635,3339798.3090990726
8616595_3339684.tif,8615564.409280732,3339798.3090990726
8616595_3339684.tif,8615870.15739383,3339798.3090990726
8616595_3339684.tif,8616175.905506928,3339798.3090990726
8616595_3339684.tif,8616481.653620027,3339798.3090990726
8616595_3339684.tif,8616787.401733123,3339798.3090990726
8616595_3339684.tif,8617093.149846222,3339798.3090990726
8616595_3339684.tif,8617398.89795932,3339798.3090990726
8616595_3339684.tif,8617704.646072417,3339798.3090990726
8616595_3339684.tif,8617933.957157241,3339798.3090990726
8616595_3339684.tif,8615258.661167635,3339492.560985975
8616595_3339684.tif,8615564.409280732,3339492.560985975
8616595_3339684.tif,8615870.15739383,3339492.560985975
8616595_3339684.tif,8616175.905506928,3339492.560985975
8616595_3339684.tif,8616481.653620027,3339492.560985975
8616595_3339684.tif,8616787.401733123,3339492.560985975
8616595_3339684.tif,8617093.149846222,3339492.560985975
8616595_3339684.tif,8617398.89795932,3339492.560985975
8616595_3339684.tif,8617704.646072417,3339492.560985975
8616595_3339684.tif,8617933.957157241,3339492.560985975
8616595_3339684.tif,8615258.661167635,3339186.8128728773
8616595_3339684.tif,8615564.409280732,3339186.8128728773
8616595_3339684.tif,8615870.15739383,3339186.8128728773
8616595_3339684.tif,8616175.905506928,3339186.8128728773
8616595_3339684.tif,8616481.653620027,3339186.8128728773
8616595_3339684.tif,8616787.401733123,3339186.8128728773
8616595_3339684.tif,8617093.149846222,3339186.8128728773
8616595_3339684.tif,8617398.89795932,3339186.8128728773
8616595_3339684.tif,8617704.646072417,3339186.8128728773
8616595_3339684.tif,8617933.957157241,3339186.8128728773
8616595_3339684.tif,8615258.661167635,3338881.064759779
8616595_3339684.tif,8615564.409280732,3338881.064759779
8616595_3339684.tif,8615870.15739383,3338881.064759779
8616595_3339684.tif,8616175.905506928,3338881.064759779
8616595_3339684.tif,8616481.653620027,3338881.064759779
8616595_3339684.tif,8616787.401733123,3338881.064759779
8616595_3339684.tif,8617093.149846222,3338881.064759779
8616595_3339684.tif,8617398.89795932,3338881.064759779
8616595_3339684.tif,8617704.646072417,3338881.064759779
8616595_3339684.tif,8617933.957157241,3338881.064759779
8616595_3339684.tif,8615258.661167635,3338575.316646681
8616595_3339684.tif,8615564.409280732,3338575.316646681
8616595_3339684.tif,8615870.15739383,3338575.316646681
8616595_3339684.tif,8616175.905506928,3338575.316646681
8616595_3339684.tif,8616481.653620027,3338575.316646681
8616595_3339684.tif,8616787.401733123,3338575.316646681
8616595_3339684.tif,8617093.149846222,3338575.316646681
8616595_3339684.tif,8617398.89795932,3338575.316646681
8616595_3339684.tif,8617704.646072417,3338575.316646681
8616595_3339684.tif,8617933.957157241,3338575.316646681
8616595_3339684.tif,8615258.661167635,3338346.005561858
8616595_3339684.tif,8615564.409280732,3338346.005561858
8616595_3339684.tif,8615870.15739383,3338346.005561858
8616595_3339684.tif,8616175.905506928,3338346.005561858
8616595_3339684.tif,8616481.653620027,3338346.005561858
8616595_3339684.tif,8616787.401733123,3338346.005561858
8616595_3339684.tif,8617093.149846222,3338346.005561858
8616595_3339684.tif,8617398.89795932,3338346.005561858
8616595_3339684.tif,8617704.646072417,3338346.005561858
8616595_3339684.tif,8617933.957157241,3338346.005561858
8616595_3342435.tif,8615258.661167635,3343773.0345693445
8616595_3342435.tif,8615564.409280732,3343773.0345693445
8616595_3342435.tif,8615870.15739383,3343773.0345693445
8616595_3342435.tif,8616175.905506928,3343773.0345693445
8616595_3342435.tif,8616481.653620027,3343773.0345693445
8616595_3342435.tif,8616787.401733123,3343773.0345693445
8616595_3342435.tif,8617093.149846222,3343773.0345693445
8616595_3342435.tif,8617398.89795932,3343773.0345693445
8616595_3342435.tif,8617704.646072417,3343773.0345693445
8616595_3342435.tif,8617933.957157241,3343773.0345693445
8616595_3342435.tif,8615258.661167635,3343467.286456247
8616595_3342435.tif,8615564.409280732,3343467.286456247
8616595_3342435.tif,8615870.15739383,3343467.286456247
8616595_3342435.tif,8616175.905506928,3343467.286456247
8616595_3342435.tif,8616481.653620027,3343467.286456247
8616595_3342435.tif,8616787.401733123,3343467.286456247
8616595_3342435.tif,8617093.149846222,3343467.286456247
8616595_3342435.tif,8617398.89795932,3343467.286456247
8616595_3342435.tif,8617704.646072417,3343467.286456247
8616595_3342435.tif,8617933.957157241,3343467.286456247
8616595_3342435.tif,8615258.661167635,3343161.5383431483
8616595_3342435.tif,8615564.409280732,3343161.5383431483
8616595_3342435.tif,8615870.15739383,3343161.5383431483
8616595_3342435.tif,8616175.905506928,3343161.5383431483
8616595_3342435.tif,8616481.653620027,3343161.5383431483
8616595_3342435.tif,8616787.401733123,3343161.5383431483
8616595_3342435.tif,8617093.149846222,3343161.5383431483
8616595_3342435.tif,8617398.89795932,3343161.5383431483
8616595_3342435.tif,8617704.646072417,3343161.5383431483
8616595_3342435.tif,8617933.957157241,3343161.5383431483
8616595_3342435.tif,8615258.661167635,3342855.7902300507
8616595_3342435.tif,8615564.409280732,3342855.7902300507
8616595_3342435.tif,8615870.15739383,3342855.7902300507
8616595_3342435.tif,8616175.905506928,3342855.7902300507
8616595_3342435.tif,8616481.653620027,3342855.7902300507
8616595_3342435.tif,8616787.401733123,3342855.7902300507
8616595_3342435.tif,8617093.149846222,3342855.7902300507
8616595_3342435.tif,8617398.89795932,3342855.7902300507
8616595_3342435.tif,8617704.646072417,3342855.7902300507
8616595_3342435.tif,8617933.957157241,3342855.7902300507
8616595_3342435.tif,8615258.661167635,3342550.0421169526
8616595_3342435.tif,8615564.409280732,3342550.0421169526
8616595_3342435.tif,8615870.15739383,3342550.0421169526
8616595_3342435.tif,8616175.905506928,3342550.0421169526
8616595_3342435.tif,8616481.653620027,3342550.0421169526
8616595_3342435.tif,8616787.401733123,3342550.0421169526
8616595_3342435.tif,8617093.149846222,3342550.0421169526
8616595_3342435.tif,8617398.89795932,3342550.0421169526
8616595_3342435.tif,8617704.646072417,3342550.0421169526
8616595_3342435.tif,8617933.957157241,3342550.0421169526
8616595_3342435.tif,8615258.661167635,3342244.2940038545
8616595_3342435.tif,8615564.409280732,3342244.2940038545
8616595_3342435.tif,8615870.15739383,3342244.2940038545
8616595_3342435.tif,8616175.905506928,3342244.2940038545
8616595_3342435.tif,8616481.653620027,3342244.2940038545
8616595_3342435.tif,8616787.401733123,3342244.2940038545
8616595_3342435.tif,8617093.149846222,3342244.2940038545
8616595_3342435.tif,8617398.89795932,3342244.2940038545
8616595_3342435.tif,8617704.646072417,3342244.2940038545
8616595_3342435.tif,8617933.957157241,3342244.2940038545
8616595_3342435.tif,8615258.661167635,3341938.545890757
8616595_3342435.tif,8615564.409280732,3341938.545890757
8616595_3342435.tif,8615870.15739383,3341938.545890757
8616595_3342435.tif,8616175.905506928,3341938.545890757
8616595_3342435.tif,8616481.653620027,3341938.545890757
8616595_3342435.tif,8616787.401733123,3341938.545890757
8616595_3342435.tif,8617093.149846222,3341938.545890757
8616595_3342435.tif,8617398.89795932,3341938.545890757
8616595_3342435.tif,8617704.646072417,3341938.545890757
8616595_3342435.tif,8617933.957157241,3341938.545890757
8616595_3342435.tif,8615258.661167635,3341632.7977776583
8616595_3342435.tif,8615564.409280732,3341632.7977776583
8616595_3342435.tif,8615870.15739383,3341632.7977776583
8616595_3342435.tif,8616175.905506928,3341632.7977776583
8616595_3342435.tif,8616481.653620027,3341632.7977776583
8616595_3342435.tif,8616787.401733123,3341632.7977776583
8616595_3342435.tif,8617093.149846222,3341632.7977776583
8616595_3342435.tif,8617398.89795932,3341632.7977776583
8616595_3342435.tif,8617704.646072417,3341632.7977776583
8616595_3342435.tif,8617933.957157241,3341632.7977776583
8616595_3342435.tif,8615258.661167635,3341327.0496645607
8616595_3342435.tif,8615564.409280732,3341327.0496645607
8616595_3342435.tif,8615870.15739383,3341327.0496645607
8616595_3342435.tif,8616175.905506928,3341327.0496645607
8616595_3342435.tif,8616481.653620027,3341327.0496645607
8616595_3342435.tif,8616787.401733123,3341327.0496645607
8616595_3342435.tif,8617093.149846222,3341327.0496645607
8616595_3342435.tif,8617398.89795932,3341327.0496645607
8616595_3342435.tif,8617704.646072417,3341327.0496645607
8616595_3342435.tif,8617933.957157241,3341327.0496645607
8616595_3342435.tif,8615258.661167635,3341097.738579737
8616595_3342435.tif,8615564.409280732,3341097.738579737
8616595_3342435.tif,8615870.15739383,3341097.738579737
8616595_3342435.tif,8616175.905506928,3341097.738579737
8616595_3342435.tif,8616481.653620027,3341097.738579737
8616595_3342435.tif,8616787.401733123,3341097.738579737
8616595_3342435.tif,8617093.149846222,3341097.738579737
8616595_3342435.tif,8617398.89795932,3341097.738579737
8616595_3342435.tif,8617704.646072417,3341097.738579737
8616595_3342435.tif,8617933.957157241,3341097.738579737
8616595_3345187.tif,8615258.661167635,3346524.767587914
8616595_3345187.tif,8615564.409280732,3346524.767587914
8616595_3345187.tif,8615870.15739383,3346524.767587914
8616595_3345187.tif,8616175.905506928,3346524.767587914
8616595_3345187.tif,8616481.653620027,3346524.767587914
8616595_3345187.tif,8616787.401733123,3346524.767587914
8616595_3345187.tif,8617093.149846222,3346524.767587914
8616595_3345187.tif,8617398.89795932,3346524.767587914
8616595_3345187.tif,8617704.646072417,3346524.767587914
8616595_3345187.tif,8617933.957157241,3346524.767587914
8616595_3345187.tif,8615258.661167635,3346219.0194747425
8616595_3345187.tif,8615564.409280732,3346219.0194747425
8616595_3345187.tif,8615870.15739383,3346219.0194747425
8616595_3345187.tif,8616175.905506928,3346219.0194747425
8616595_3345187.tif,8616481.653620027,3346219.0194747425
8616595_3345187.tif,8616787.401733123,3346219.0194747425
8616595_3345187.tif,8617093.149846222,3346219.0194747425
8616595_3345187.tif,8617398.89795932,3346219.0194747425
8616595_3345187.tif,8617704.646072417,3346219.0194747425
8616595_3345187.tif,8617933.957157241,3346219.0194747425
8616595_3345187.tif,8615258.661167635,3345913.271361571
8616595_3345187.tif,8615564.409280732,3345913.271361571
8616595_3345187.tif,8615870.15739383,3345913.271361571
8616595_3345187.tif,8616175.905506928,3345913.271361571
8616595_3345187.tif,8616481.653620027,3345913.271361571
8616595_3345187.tif,8616787.401733123,3345913.271361571
8616595_3345187.tif,8617093.149846222,3345913.271361571
8616595_3345187.tif,8617398.89795932,3345913.271361571
8616595_3345187.tif,8617704.646072417,3345913.271361571
8616595_3345187.tif,8617933.957157241,3345913.271361571
8616595_3345187.tif,8615258.661167635,3345607.5232483996
8616595_3345187.tif,8615564.409280732,3345607.5232483996
8616595_3345187.tif,8615870.15739383,3345607.5232483996
8616595_3345187.tif,8616175.905506928,3345607.5232483996
8616595_3345187.tif,8616481.653620027,3345607.5232483996
8616595_3345187.tif,8616787.401733123,3345607.5232483996
8616595_3345187.tif,8617093.149846222,3345607.5232483996
8616595_3345187.tif,8617398.89795932,3345607.5232483996
8616595_3345187.tif,8617704.646072417,3345607.5232483996
8616595_3345187.tif,8617933.957157241,3345607.5232483996
8616595_3345187.tif,8615258.661167635,3345301.7751352284
8616595_3345187.tif,8615564.409280732,3345301.7751352284
8616595_3345187.tif,8615870.15739383,3345301.7751352284
8616595_3345187.tif,8616175.905506928,3345301.7751352284
8616595_3345187.tif,8616481.653620027,3345301.7751352284
8616595_3345187.tif,8616787.401733123,3345301.7751352284
8616595_3345187.tif,8617093.149846222,3345301.7751352284
8616595_3345187.tif,8617398.89795932,3345301.7751352284
8616595_3345187.tif,8617704.646072417,3345301.7751352284
8616595_3345187.tif,8617933.957157241,3345301.7751352284
8616595_3345187.tif,8615258.661167635,3344996.027022057
8616595_3345187.tif,8615564.409280732,3344996.027022057
8616595_3345187.tif,8615870.15739383,3344996.027022057
8616595_3345187.tif,8616175.905506928,3344996.027022057
8616595_3345187.tif,8616481.653620027,3344996.027022057
8616595_3345187.tif,8616787.401733123,3344996.027022057
8616595_3345187.tif,8617093.149846222,3344996.027022057
8616595_3345187.tif,8617398.89795932,3344996.027022057
8616595_3345187.tif,8617704.646072417,3344996.027022057
8616595_3345187.tif,8617933.957157241,3344996.027022057
8616595_3345187.tif,8615258.661167635,3344690.2789088855
8616595_3345187.tif,8615564.409280732,3344690.2789088855
8616595_3345187.tif,8615870.15739383,3344690.2789088855
8616595_3345187.tif,8616175.905506928,3344690.2789088855
8616595_3345187.tif,8616481.653620027,3344690.2789088855
8616595_3345187.tif,8616787.401733123,3344690.2789088855
8616595_3345187.tif,8617093.149846222,3344690.2789088855
8616595_3345187.tif,8617398.89795932,3344690.2789088855
8616595_3345187.tif,8617704.646072417,3344690.2789088855
8616595_3345187.tif,8617933.957157241,3344690.2789088855
8616595_3345187.tif,8615258.661167635,3344384.530795714
8616595_3345187.tif,8615564.409280732,3344384.530795714
8616595_3345187.tif,8615870.15739383,3344384.530795714
8616595_3345187.tif,8616175.905506928,3344384.530795714
8616595_3345187.tif,8616481.653620027,3344384.530795714
8616595_3345187.tif,8616787.401733123,3344384.530795714
8616595_3345187.tif,8617093.149846222,3344384.530795714
8616595_3345187.tif,8617398.89795932,3344384.530795714
8616595_3345187.tif,8617704.646072417,3344384.530795714
8616595_3345187.tif,8617933.957157241,3344384.530795714
8616595_3345187.tif,8615258.661167635,3344078.7826825427
8616595_3345187.tif,8615564.409280732,3344078.7826825427
8616595_3345187.tif,8615870.15739383,3344078.7826825427
8616595_3345187.tif,8616175.905506928,3344078.7826825427
8616595_3345187.tif,8616481.653620027,3344078.7826825427
8616595_3345187.tif,8616787.401733123,3344078.7826825427
8616595_3345187.tif,8617093.149846222,3344078.7826825427
8616595_3345187.tif,8617398.89795932,3344078.7826825427
8616595_3345187.tif,8617704.646072417,3344078.7826825427
8616595_3345187.tif,8617933.957157241,3344078.7826825427
8616595_3345187.tif,8615258.661167635,3343849.471597664
8616595_3345187.tif,8615564.409280732,3343849.471597664
8616595_3345187.tif,8615870.15739383,3343849.471597664
8616595_3345187.tif,8616175.905506928,3343849.471597664
8616595_3345187.tif,8616481.653620027,3343849.471597664
8616595_3345187.tif,8616787.401733123,3343849.471597664
8616595_3345187.tif,8617093.149846222,3343849.471597664
8616595_3345187.tif,8617398.89795932,3343849.471597664
8616595_3345187.tif,8617704.646072417,3343849.471597664
8616595_3345187.tif,8617933.957157241,3343849.471597664
8616595_3347939.tif,8615258.661167635,3349276.500605842
8616595_3347939.tif,8615564.409280732,3349276.500605842
8616595_3347939.tif,8615870.15739383,3349276.500605842
8616595_3347939.tif,8616175.905506928,3349276.500605842
8616595_3347939.tif,8616481.653620027,3349276.500605842
8616595_3347939.tif,8616787.401733123,3349276.500605842
8616595_3347939.tif,8617093.149846222,3349276.500605842
8616595_3347939.tif,8617398.89795932,3349276.500605842
8616595_3347939.tif,8617704.646072417,3349276.500605842
8616595_3347939.tif,8617933.957157241,3349276.500605842
8616595_3347939.tif,8615258.661167635,3348970.752492744
8616595_3347939.tif,8615564.409280732,3348970.752492744
8616595_3347939.tif,8615870.15739383,3348970.752492744
8616595_3347939.tif,8616175.905506928,3348970.752492744
8616595_3347939.tif,8616481.653620027,3348970.752492744
8616595_3347939.tif,8616787.401733123,3348970.752492744
8616595_3347939.tif,8617093.149846222,3348970.752492744
8616595_3347939.tif,8617398.89795932,3348970.752492744
8616595_3347939.tif,8617704.646072417,3348970.752492744
8616595_3347939.tif,8617933.957157241,3348970.752492744
8616595_3347939.tif,8615258.661167635,3348665.004379646
8616595_3347939.tif,8615564.409280732,3348665.004379646
8616595_3347939.tif,8615870.15739383,3348665.004379646
8616595_3347939.tif,8616175.905506928,3348665.004379646
8616595_3347939.tif,8616481.653620027,3348665.004379646
8616595_3347939.tif,8616787.401733123,3348665.004379646
8616595_3347939.tif,8617093.149846222,3348665.004379646
8616595_3347939.tif,8617398.89795932,3348665.004379646
8616595_3347939.tif,8617704.646072417,3348665.004379646
8616595_3347939.tif,8617933.957157241,3348665.004379646
8616595_3347939.tif,8615258.661167635,3348359.2562665483
8616595_3347939.tif,8615564.409280732,3348359.2562665483
8616595_3347939.tif,8615870.15739383,3348359.2562665483
8616595_3347939.tif,8616175.905506928,3348359.2562665483
8616595_3347939.tif,8616481.653620027,3348359.2562665483
8616595_3347939.tif,8616787.401733123,3348359.2562665483
8616595_3347939.tif,8617093.149846222,3348359.2562665483
8616595_3347939.tif,8617398.89795932,3348359.2562665483
8616595_3347939.tif,8617704.646072417,3348359.2562665483
8616595_3347939.tif,8617933.957157241,3348359.2562665483
8616595_3347939.tif,8615258.661167635,3348053.5081534497
8616595_3347939.tif,8615564.409280732,3348053.5081534497
8616595_3347939.tif,8615870.15739383,3348053.5081534497
8616595_3347939.tif,8616175.905506928,3348053.5081534497
8616595_3347939.tif,8616481.653620027,3348053.5081534497
8616595_3347939.tif,8616787.401733123,3348053.5081534497
8616595_3347939.tif,8617093.149846222,3348053.5081534497
8616595_3347939.tif,8617398.89795932,3348053.5081534497
8616595_3347939.tif,8617704.646072417,3348053.5081534497
8616595_3347939.tif,8617933.957157241,3348053.5081534497
8616595_3347939.tif,8615258.661167635,3347747.760040352
8616595_3347939.tif,8615564.409280732,3347747.760040352
8616595_3347939.tif,8615870.15739383,3347747.760040352
8616595_3347939.tif,8616175.905506928,3347747.760040352
8616595_3347939.tif,8616481.653620027,3347747.760040352
8616595_3347939.tif,8616787.401733123,3347747.760040352
8616595_3347939.tif,8617093.149846222,3347747.760040352
8616595_3347939.tif,8617398.89795932,3347747.760040352
8616595_3347939.tif,8617704.646072417,3347747.760040352
8616595_3347939.tif,8617933.957157241,3347747.760040352
8616595_3347939.tif,8615258.661167635,3347442.011927254
8616595_3347939.tif,8615564.409280732,3347442.011927254
8616595_3347939.tif,8615870.15739383,3347442.011927254
8616595_3347939.tif,8616175.905506928,3347442.011927254
8616595_3347939.tif,8616481.653620027,3347442.011927254
8616595_3347939.tif,8616787.401733123,3347442.011927254
8616595_3347939.tif,8617093.149846222,3347442.011927254
8616595_3347939.tif,8617398.89795932,3347442.011927254
8616595_3347939.tif,8617704.646072417,3347442.011927254
8616595_3347939.tif,8617933.957157241,3347442.011927254
8616595_3347939.tif,8615258.661167635,3347136.263814156
8616595_3347939.tif,8615564.409280732,3347136.263814156
8616595_3347939.tif,8615870.15739383,3347136.263814156
8616595_3347939.tif,8616175.905506928,3347136.263814156
8616595_3347939.tif,8616481.653620027,3347136.263814156
8616595_3347939.tif,8616787.401733123,3347136.263814156
8616595_3347939.tif,8617093.149846222,3347136.263814156
8616595_3347939.tif,8617398.89795932,3347136.263814156
8616595_3347939.tif,8617704.646072417,3347136.263814156
8616595_3347939.tif,8617933.957157241,3347136.263814156
8616595_3347939.tif,8615258.661167635,3346830.515701058
8616595_3347939.tif,8615564.409280732,3346830.515701058
8616595_3347939.tif,8615870.15739383,3346830.515701058
8616595_3347939.tif,8616175.905506928,3346830.515701058
8616595_3347939.tif,8616481.653620027,3346830.515701058
8616595_3347939.tif,8616787.401733123,3346830.515701058
8616595_3347939.tif,8617093.149846222,3346830.515701058
8616595_3347939.tif,8617398.89795932,3346830.515701058
8616595_3347939.tif,8617704.646072417,3346830.515701058
8616595_3347939.tif,8617933.957157241,3346830.515701058
8616595_3347939.tif,8615258.661167635,3346601.204616234
8616595_3347939.tif,8615564.409280732,3346601.204616234
8616595_3347939.tif,8615870.15739383,3346601.204616234
8616595_3347939.tif,8616175.905506928,3346601.204616234
8616595_3347939.tif,8616481.653620027,3346601.204616234
8616595_3347939.tif,8616787.401733123,3346601.204616234
8616595_3347939.tif,8617093.149846222,3346601.204616234
8616595_3347939.tif,8617398.89795932,3346601.204616234
8616595_3347939.tif,8617704.646072417,3346601.204616234
8616595_3347939.tif,8617933.957157241,3346601.204616234
8616595_3350691.tif,8615258.661167635,3352028.23362372
8616595_3350691.tif,8615564.409280732,3352028.23362372
8616595_3350691.tif,8615870.15739383,3352028.23362372
8616595_3350691.tif,8616175.905506928,3352028.23362372
8616595_3350691.tif,8616481.653620027,3352028.23362372
8616595_3350691.tif,8616787.401733123,3352028.23362372
8616595_3350691.tif,8617093.149846222,3352028.23362372
8616595_3350691.tif,8617398.89795932,3352028.23362372
8616595_3350691.tif,8617704.646072417,3352028.23362372
8616595_3350691.tif,8617933.957157241,3352028.23362372
8616595_3350691.tif,8615258.661167635,3351722.485510622
8616595_3350691.tif,8615564.409280732,3351722.485510622
8616595_3350691.tif,8615870.15739383,3351722.485510622
8616595_3350691.tif,8616175.905506928,3351722.485510622
8616595_3350691.tif,8616481.653620027,3351722.485510622
8616595_3350691.tif,8616787.401733123,3351722.485510622
8616595_3350691.tif,8617093.149846222,3351722.485510622
8616595_3350691.tif,8617398.89795932,3351722.485510622
8616595_3350691.tif,8617704.646072417,3351722.485510622
8616595_3350691.tif,8617933.957157241,3351722.485510622
8616595_3350691.tif,8615258.661167635,3351416.7373975245
8616595_3350691.tif,8615564.409280732,3351416.7373975245
8616595_3350691.tif,8615870.15739383,3351416.7373975245
8616595_3350691.tif,8616175.905506928,3351416.7373975245
8616595_3350691.tif,8616481.653620027,3351416.7373975245
8616595_3350691.tif,8616787.401733123,3351416.7373975245
8616595_3350691.tif,8617093.149846222,3351416.7373975245
8616595_3350691.tif,8617398.89795932,3351416.7373975245
8616595_3350691.tif,8617704.646072417,3351416.7373975245
8616595_3350691.tif,8617933.957157241,3351416.7373975245
8616595_3350691.tif,8615258.661167635,3351110.9892844264
8616595_3350691.tif,8615564.409280732,3351110.9892844264
8616595_3350691.tif,8615870.15739383,3351110.9892844264
8616595_3350691.tif,8616175.905506928,3351110.9892844264
8616595_3350691.tif,8616481.653620027,3351110.9892844264
8616595_3350691.tif,8616787.401733123,3351110.9892844264
8616595_3350691.tif,8617093.149846222,3351110.9892844264
8616595_3350691.tif,8617398.89795932,3351110.9892844264
8616595_3350691.tif,8617704.646072417,3351110.9892844264
8616595_3350691.tif,8617933.957157241,3351110.9892844264
8616595_3350691.tif,8615258.661167635,3350805.2411713284
8616595_3350691.tif,8615564.409280732,3350805.2411713284
8616595_3350691.tif,8615870.15739383,3350805.2411713284
8616595_3350691.tif,8616175.905506928,3350805.2411713284
8616595_3350691.tif,8616481.653620027,3350805.2411713284
8616595_3350691.tif,8616787.401733123,3350805.2411713284
8616595_3350691.tif,8617093.149846222,3350805.2411713284
8616595_3350691.tif,8617398.89795932,3350805.2411713284
8616595_3350691.tif,8617704.646072417,3350805.2411713284
8616595_3350691.tif,8617933.957157241,3350805.2411713284
8616595_3350691.tif,8615258.661167635,3350499.4930582307
8616595_3350691.tif,8615564.409280732,3350499.4930582307
8616595_3350691.tif,8615870.15739383,3350499.4930582307
8616595_3350691.tif,8616175.905506928,3350499.4930582307
8616595_3350691.tif,8616481.653620027,3350499.4930582307
8616595_3350691.tif,8616787.401733123,3350499.4930582307
8616595_3350691.tif,8617093.149846222,3350499.4930582307
8616595_3350691.tif,8617398.89795932,3350499.4930582307
8616595_3350691.tif,8617704.646072417,3350499.4930582307
8616595_3350691.tif,8617933.957157241,3350499.4930582307
8616595_3350691.tif,8615258.661167635,3350193.744945133
8616595_3350691.tif,8615564.409280732,3350193.744945133
8616595_3350691.tif,8615870.15739383,3350193.744945133
8616595_3350691.tif,8616175.905506928,3350193.744945133
8616595_3350691.tif,8616481.653620027,3350193.744945133
8616595_3350691.tif,8616787.401733123,3350193.744945133
8616595_3350691.tif,8617093.149846222,3350193.744945133
8616595_3350691.tif,8617398.89795932,3350193.744945133
8616595_3350691.tif,8617704.646072417,3350193.744945133
8616595_3350691.tif,8617933.957157241,3350193.744945133
8616595_3350691.tif,8615258.661167635,3349887.9968320355
8616595_3350691.tif,8615564.409280732,3349887.9968320355
8616595_3350691.tif,8615870.15739383,3349887.9968320355
8616595_3350691.tif,8616175.905506928,3349887.9968320355
8616595_3350691.tif,8616481.653620027,3349887.9968320355
8616595_3350691.tif,8616787.401733123,3349887.9968320355
8616595_3350691.tif,8617093.149846222,3349887.9968320355
8616595_3350691.tif,8617398.89795932,3349887.9968320355
8616595_3350691.tif,8617704.646072417,3349887.9968320355
8616595_3350691.tif,8617933.957157241,3349887.9968320355
8616595_3350691.tif,8615258.661167635,3349582.248718938
8616595_3350691.tif,8615564.409280732,3349582.248718938
8616595_3350691.tif,8615870.15739383,3349582.248718938
8616595_3350691.tif,8616175.905506928,3349582.248718938
8616595_3350691.tif,8616481.653620027,3349582.248718938
8616595_3350691.tif,8616787.401733123,3349582.248718938
8616595_3350691.tif,8617093.149846222,3349582.248718938
8616595_3350691.tif,8617398.89795932,3349582.248718938
8616595_3350691.tif,8617704.646072417,3349582.248718938
8616595_3350691.tif,8617933.957157241,3349582.248718938
8616595_3350691.tif,8615258.661167635,3349352.937634114
8616595_3350691.tif,8615564.409280732,3349352.937634114
8616595_3350691.tif,8615870.15739383,3349352.937634114
8616595_3350691.tif,8616175.905506928,3349352.937634114
8616595_3350691.tif,8616481.653620027,3349352.937634114
8616595_3350691.tif,8616787.401733123,3349352.937634114
8616595_3350691.tif,8617093.149846222,3349352.937634114
8616595_3350691.tif,8617398.89795932,3349352.937634114
8616595_3350691.tif,8617704.646072417,3349352.937634114
8616595_3350691.tif,8617933.957157241,3349352.937634114
8616595_3353442.tif,8615258.661167635,3354779.966641602
8616595_3353442.tif,8615564.409280732,3354779.966641602
8616595_3353442.tif,8615870.15739383,3354779.966641602
8616595_3353442.tif,8616175.905506928,3354779.966641602
8616595_3353442.tif,8616481.653620027,3354779.966641602
8616595_3353442.tif,8616787.401733123,3354779.966641602
8616595_3353442.tif,8617093.149846222,3354779.966641602
8616595_3353442.tif,8617398.89795932,3354779.966641602
8616595_3353442.tif,8617704.646072417,3354779.966641602
8616595_3353442.tif,8617933.957157241,3354779.966641602
8616595_3353442.tif,8615258.661167635,3354474.2185285045
8616595_3353442.tif,8615564.409280732,3354474.2185285045
8616595_3353442.tif,8615870.15739383,3354474.2185285045
8616595_3353442.tif,8616175.905506928,3354474.2185285045
8616595_3353442.tif,8616481.653620027,3354474.2185285045
8616595_3353442.tif,8616787.401733123,3354474.2185285045
8616595_3353442.tif,8617093.149846222,3354474.2185285045
8616595_3353442.tif,8617398.89795932,3354474.2185285045
8616595_3353442.tif,8617704.646072417,3354474.2185285045
8616595_3353442.tif,8617933.957157241,3354474.2185285045
8616595_3353442.tif,8615258.661167635,3354168.470415407
8616595_3353442.tif,8615564.409280732,3354168.470415407
8616595_3353442.tif,8615870.15739383,3354168.470415407
8616595_3353442.tif,8616175.905506928,3354168.470415407
8616595_3353442.tif,8616481.653620027,3354168.470415407
8616595_3353442.tif,8616787.401733123,3354168.470415407
8616595_3353442.tif,8617093.149846222,3354168.470415407
8616595_3353442.tif,8617398.89795932,3354168.470415407
8616595_3353442.tif,8617704.646072417,3354168.470415407
8616595_3353442.tif,8617933.957157241,3354168.470415407
8616595_3353442.tif,8615258.661167635,3353862.7223023083
8616595_3353442.tif,8615564.409280732,3353862.7223023083
8616595_3353442.tif,8615870.15739383,3353862.7223023083
8616595_3353442.tif,8616175.905506928,3353862.7223023083
8616595_3353442.tif,8616481.653620027,3353862.7223023083
8616595_3353442.tif,8616787.401733123,3353862.7223023083
8616595_3353442.tif,8617093.149846222,3353862.7223023083
8616595_3353442.tif,8617398.89795932,3353862.7223023083
8616595_3353442.tif,8617704.646072417,3353862.7223023083
8616595_3353442.tif,8617933.957157241,3353862.7223023083
8616595_3353442.tif,8615258.661167635,3353556.9741892107
8616595_3353442.tif,8615564.409280732,3353556.9741892107
8616595_3353442.tif,8615870.15739383,3353556.9741892107
8616595_3353442.tif,8616175.905506928,3353556.9741892107
8616595_3353442.tif,8616481.653620027,3353556.9741892107
8616595_3353442.tif,8616787.401733123,3353556.9741892107
8616595_3353442.tif,8617093.149846222,3353556.9741892107
8616595_3353442.tif,8617398.89795932,3353556.9741892107
8616595_3353442.tif,8617704.646072417,3353556.9741892107
8616595_3353442.tif,8617933.957157241,3353556.9741892107
8616595_3353442.tif,8615258.661167635,3353251.226076113
8616595_3353442.tif,8615564.409280732,3353251.226076113
8616595_3353442.tif,8615870.15739383,3353251.226076113
8616595_3353442.tif,8616175.905506928,3353251.226076113
8616595_3353442.tif,8616481.653620027,3353251.226076113
8616595_3353442.tif,8616787.401733123,3353251.226076113
8616595_3353442.tif,8617093.149846222,3353251.226076113
8616595_3353442.tif,8617398.89795932,3353251.226076113
8616595_3353442.tif,8617704.646072417,3353251.226076113
8616595_3353442.tif,8617933.957157241,3353251.226076113
8616595_3353442.tif,8615258.661167635,3352945.4779630145
8616595_3353442.tif,8615564.409280732,3352945.4779630145
8616595_3353442.tif,8615870.15739383,3352945.4779630145
8616595_3353442.tif,8616175.905506928,3352945.4779630145
8616595_3353442.tif,8616481.653620027,3352945.4779630145
8616595_3353442.tif,8616787.401733123,3352945.4779630145
8616595_3353442.tif,8617093.149846222,3352945.4779630145
8616595_3353442.tif,8617398.89795932,3352945.4779630145
8616595_3353442.tif,8617704.646072417,3352945.4779630145
8616595_3353442.tif,8617933.957157241,3352945.4779630145
8616595_3353442.tif,8615258.661167635,3352639.729849917
8616595_3353442.tif,8615564.409280732,3352639.729849917
8616595_3353442.tif,8615870.15739383,3352639.729849917
8616595_3353442.tif,8616175.905506928,3352639.729849917
8616595_3353442.tif,8616481.653620027,3352639.729849917
8616595_3353442.tif,8616787.401733123,3352639.729849917
8616595_3353442.tif,8617093.149846222,3352639.729849917
8616595_3353442.tif,8617398.89795932,3352639.729849917
8616595_3353442.tif,8617704.646072417,3352639.729849917
8616595_3353442.tif,8617933.957157241,3352639.729849917
8616595_3353442.tif,8615258.661167635,3352333.9817368193
8616595_3353442.tif,8615564.409280732,3352333.9817368193
8616595_3353442.tif,8615870.15739383,3352333.9817368193
8616595_3353442.tif,8616175.905506928,3352333.9817368193
8616595_3353442.tif,8616481.653620027,3352333.9817368193
8616595_3353442.tif,8616787.401733123,3352333.9817368193
8616595_3353442.tif,8617093.149846222,3352333.9817368193
8616595_3353442.tif,8617398.89795932,3352333.9817368193
8616595_3353442.tif,8617704.646072417,3352333.9817368193
8616595_3353442.tif,8617933.957157241,3352333.9817368193
8616595_3353442.tif,8615258.661167635,3352104.6706519956
8616595_3353442.tif,8615564.409280732,3352104.6706519956
8616595_3353442.tif,8615870.15739383,3352104.6706519956
8616595_3353442.tif,8616175.905506928,3352104.6706519956
8616595_3353442.tif,8616481.653620027,3352104.6706519956
8616595_3353442.tif,8616787.401733123,3352104.6706519956
8616595_3353442.tif,8617093.149846222,3352104.6706519956
8616595_3353442.tif,8617398.89795932,3352104.6706519956
8616595_3353442.tif,8617704.646072417,3352104.6706519956
8616595_3353442.tif,8617933.957157241,3352104.6706519956
8616595_3356194.tif,8615258.661167635,3357531.6996594826
8616595_3356194.tif,8615564.409280732,3357531.6996594826
8616595_3356194.tif,8615870.15739383,3357531.6996594826
8616595_3356194.tif,8616175.905506928,3357531.6996594826
8616595_3356194.tif,8616481.653620027,3357531.6996594826
8616595_3356194.tif,8616787.401733123,3357531.6996594826
8616595_3356194.tif,8617093.149846222,3357531.6996594826
8616595_3356194.tif,8617398.89795932,3357531.6996594826
8616595_3356194.tif,8617704.646072417,3357531.6996594826
8616595_3356194.tif,8617933.957157241,3357531.6996594826
8616595_3356194.tif,8615258.661167635,3357225.951546385
8616595_3356194.tif,8615564.409280732,3357225.951546385
8616595_3356194.tif,8615870.15739383,3357225.951546385
8616595_3356194.tif,8616175.905506928,3357225.951546385
8616595_3356194.tif,8616481.653620027,3357225.951546385
8616595_3356194.tif,8616787.401733123,3357225.951546385
8616595_3356194.tif,8617093.149846222,3357225.951546385
8616595_3356194.tif,8617398.89795932,3357225.951546385
8616595_3356194.tif,8617704.646072417,3357225.951546385
8616595_3356194.tif,8617933.957157241,3357225.951546385
8616595_3356194.tif,8615258.661167635,3356920.2034332873
8616595_3356194.tif,8615564.409280732,3356920.2034332873
8616595_3356194.tif,8615870.15739383,3356920.2034332873
8616595_3356194.tif,8616175.905506928,3356920.2034332873
8616595_3356194.tif,8616481.653620027,3356920.2034332873
8616595_3356194.tif,8616787.401733123,3356920.2034332873
8616595_3356194.tif,8617093.149846222,3356920.2034332873
8616595_3356194.tif,8617398.89795932,3356920.2034332873
8616595_3356194.tif,8617704.646072417,3356920.2034332873
8616595_3356194.tif,8617933.957157241,3356920.2034332873
8616595_3356194.tif,8615258.661167635,3356614.4553201897
8616595_3356194.tif,8615564.409280732,3356614.4553201897
8616595_3356194.tif,8615870.15739383,3356614.4553201897
8616595_3356194.tif,8616175.905506928,3356614.4553201897
8616595_3356194.tif,8616481.653620027,3356614.4553201897
8616595_3356194.tif,8616787.401733123,3356614.4553201897
8616595_3356194.tif,8617093.149846222,3356614.4553201897
8616595_3356194.tif,8617398.89795932,3356614.4553201897
8616595_3356194.tif,8617704.646072417,3356614.4553201897
8616595_3356194.tif,8617933.957157241,3356614.4553201897
8616595_3356194.tif,8615258.661167635,3356308.707207092
8616595_3356194.tif,8615564.409280732,3356308.707207092
8616595_3356194.tif,8615870.15739383,3356308.707207092
8616595_3356194.tif,8616175.905506928,3356308.707207092
8616595_3356194.tif,8616481.653620027,3356308.707207092
8616595_3356194.tif,8616787.401733123,3356308.707207092
8616595_3356194.tif,8617093.149846222,3356308.707207092
8616595_3356194.tif,8617398.89795932,3356308.707207092
8616595_3356194.tif,8617704.646072417,3356308.707207092
8616595_3356194.tif,8617933.957157241,3356308.707207092
8616595_3356194.tif,8615258.661167635,3356002.9590939945
8616595_3356194.tif,8615564.409280732,3356002.9590939945
8616595_3356194.tif,8615870.15739383,3356002.9590939945
8616595_3356194.tif,8616175.905506928,3356002.9590939945
8616595_3356194.tif,8616481.653620027,3356002.9590939945
8616595_3356194.tif,8616787.401733123,3356002.9590939945
8616595_3356194.tif,8617093.149846222,3356002.9590939945
8616595_3356194.tif,8617398.89795932,3356002.9590939945
8616595_3356194.tif,8617704.646072417,3356002.9590939945
8616595_3356194.tif,8617933.957157241,3356002.9590939945
8616595_3356194.tif,8615258.661167635,3355697.210980897
8616595_3356194.tif,8615564.409280732,3355697.210980897
8616595_3356194.tif,8615870.15739383,3355697.210980897
8616595_3356194.tif,8616175.905506928,3355697.210980897
8616595_3356194.tif,8616481.653620027,3355697.210980897
8616595_3356194.tif,8616787.401733123,3355697.210980897
8616595_3356194.tif,8617093.149846222,3355697.210980897
8616595_3356194.tif,8617398.89795932,3355697.210980897
8616595_3356194.tif,8617704.646072417,3355697.210980897
8616595_3356194.tif,8617933.957157241,3355697.210980897
8616595_3356194.tif,8615258.661167635,3355391.462867799
8616595_3356194.tif,8615564.409280732,3355391.462867799
8616595_3356194.tif,8615870.15739383,3355391.462867799
8616595_3356194.tif,8616175.905506928,3355391.462867799
8616595_3356194.tif,8616481.653620027,3355391.462867799
8616595_3356194.tif,8616787.401733123,3355391.462867799
8616595_3356194.tif,8617093.149846222,3355391.462867799
8616595_3356194.tif,8617398.89795932,3355391.462867799
8616595_3356194.tif,8617704.646072417,3355391.462867799
8616595_3356194.tif,8617933.957157241,3355391.462867799
8616595_3356194.tif,8615258.661167635,3355085.714754701
8616595_3356194.tif,8615564.409280732,3355085.714754701
8616595_3356194.tif,8615870.15739383,3355085.714754701
8616595_3356194.tif,8616175.905506928,3355085.714754701
8616595_3356194.tif,8616481.653620027,3355085.714754701
8616595_3356194.tif,8616787.401733123,3355085.714754701
8616595_3356194.tif,8617093.149846222,3355085.714754701
8616595_3356194.tif,8617398.89795932,3355085.714754701
8616595_3356194.tif,8617704.646072417,3355085.714754701
8616595_3356194.tif,8617933.957157241,3355085.714754701
8616595_3356194.tif,8615258.661167635,3354856.403669878
8616595_3356194.tif,8615564.409280732,3354856.403669878
8616595_3356194.tif,8615870.15739383,3354856.403669878
8616595_3356194.tif,8616175.905506928,3354856.403669878
8616595_3356194.tif,8616481.653620027,3354856.403669878
8616595_3356194.tif,8616787.401733123,3354856.403669878
8616595_3356194.tif,8617093.149846222,3354856.403669878
8616595_3356194.tif,8617398.89795932,3354856.403669878
8616595_3356194.tif,8617704.646072417,3354856.403669878
8616595_3356194.tif,8617933.957157241,3354856.403669878
8616595_3358946.tif,8615258.661167635,3360283.432677364
8616595_3358946.tif,8615564.409280732,3360283.432677364
8616595_3358946.tif,8615870.15739383,3360283.432677364
8616595_3358946.tif,8616175.905506928,3360283.432677364
8616595_3358946.tif,8616481.653620027,3360283.432677364
8616595_3358946.tif,8616787.401733123,3360283.432677364
8616595_3358946.tif,8617093.149846222,3360283.432677364
8616595_3358946.tif,8617398.89795932,3360283.432677364
8616595_3358946.tif,8617704.646072417,3360283.432677364
8616595_3358946.tif,8617933.957157241,3360283.432677364
8616595_3358946.tif,8615258.661167635,3359977.6845642664
8616595_3358946.tif,8615564.409280732,3359977.6845642664
8616595_3358946.tif,8615870.15739383,3359977.6845642664
8616595_3358946.tif,8616175.905506928,3359977.6845642664
8616595_3358946.tif,8616481.653620027,3359977.6845642664
8616595_3358946.tif,8616787.401733123,3359977.6845642664
8616595_3358946.tif,8617093.149846222,3359977.6845642664
8616595_3358946.tif,8617398.89795932,3359977.6845642664
8616595_3358946.tif,8617704.646072417,3359977.6845642664
8616595_3358946.tif,8617933.957157241,3359977.6845642664
8616595_3358946.tif,8615258.661167635,3359671.9364511687
8616595_3358946.tif,8615564.409280732,3359671.9364511687
8616595_3358946.tif,8615870.15739383,3359671.9364511687
8616595_3358946.tif,8616175.905506928,3359671.9364511687
8616595_3358946.tif,8616481.653620027,3359671.9364511687
8616595_3358946.tif,8616787.401733123,3359671.9364511687
8616595_3358946.tif,8617093.149846222,3359671.9364511687
8616595_3358946.tif,8617398.89795932,3359671.9364511687
8616595_3358946.tif,8617704.646072417,3359671.9364511687
8616595_3358946.tif,8617933.957157241,3359671.9364511687
8616595_3358946.tif,8615258.661167635,3359366.188338071
8616595_3358946.tif,8615564.409280732,3359366.188338071
8616595_3358946.tif,8615870.15739383,3359366.188338071
8616595_3358946.tif,8616175.905506928,3359366.188338071
8616595_3358946.tif,8616481.653620027,3359366.188338071
8616595_3358946.tif,8616787.401733123,3359366.188338071
8616595_3358946.tif,8617093.149846222,3359366.188338071
8616595_3358946.tif,8617398.89795932,3359366.188338071
8616595_3358946.tif,8617704.646072417,3359366.188338071
8616595_3358946.tif,8617933.957157241,3359366.188338071
8616595_3358946.tif,8615258.661167635,3359060.4402249735
8616595_3358946.tif,8615564.409280732,3359060.4402249735
8616595_3358946.tif,8615870.15739383,3359060.4402249735
8616595_3358946.tif,8616175.905506928,3359060.4402249735
8616595_3358946.tif,8616481.653620027,3359060.4402249735
8616595_3358946.tif,8616787.401733123,3359060.4402249735
8616595_3358946.tif,8617093.149846222,3359060.4402249735
8616595_3358946.tif,8617398.89795932,3359060.4402249735
8616595_3358946.tif,8617704.646072417,3359060.4402249735
8616595_3358946.tif,8617933.957157241,3359060.4402249735
8616595_3358946.tif,8615258.661167635,3358754.692111876
8616595_3358946.tif,8615564.409280732,3358754.692111876
8616595_3358946.tif,8615870.15739383,3358754.692111876
8616595_3358946.tif,8616175.905506928,3358754.692111876
8616595_3358946.tif,8616481.653620027,3358754.692111876
8616595_3358946.tif,8616787.401733123,3358754.692111876
8616595_3358946.tif,8617093.149846222,3358754.692111876
8616595_3358946.tif,8617398.89795932,3358754.692111876
8616595_3358946.tif,8617704.646072417,3358754.692111876
8616595_3358946.tif,8617933.957157241,3358754.692111876
8616595_3358946.tif,8615258.661167635,3358448.9439987782
8616595_3358946.tif,8615564.409280732,3358448.9439987782
8616595_3358946.tif,8615870.15739383,3358448.9439987782
8616595_3358946.tif,8616175.905506928,3358448.9439987782
8616595_3358946.tif,8616481.653620027,3358448.9439987782
8616595_3358946.tif,8616787.401733123,3358448.9439987782
8616595_3358946.tif,8617093.149846222,3358448.9439987782
8616595_3358946.tif,8617398.89795932,3358448.9439987782
8616595_3358946.tif,8617704.646072417,3358448.9439987782
8616595_3358946.tif,8617933.957157241,3358448.9439987782
8616595_3358946.tif,8615258.661167635,3358143.1958856806
8616595_3358946.tif,8615564.409280732,3358143.1958856806
8616595_3358946.tif,8615870.15739383,3358143.1958856806
8616595_3358946.tif,8616175.905506928,3358143.1958856806
8616595_3358946.tif,8616481.653620027,3358143.1958856806
8616595_3358946.tif,8616787.401733123,3358143.1958856806
8616595_3358946.tif,8617093.149846222,3358143.1958856806
8616595_3358946.tif,8617398.89795932,3358143.1958856806
8616595_3358946.tif,8617704.646072417,3358143.1958856806
8616595_3358946.tif,8617933.957157241,3358143.1958856806
8616595_3358946.tif,8615258.661167635,3357837.4477725825
8616595_3358946.tif,8615564.409280732,3357837.4477725825
8616595_3358946.tif,8615870.15739383,3357837.4477725825
8616595_3358946.tif,8616175.905506928,3357837.4477725825
8616595_3358946.tif,8616481.653620027,3357837.4477725825
8616595_3358946.tif,8616787.401733123,3357837.4477725825
8616595_3358946.tif,8617093.149846222,3357837.4477725825
8616595_3358946.tif,8617398.89795932,3357837.4477725825
8616595_3358946.tif,8617704.646072417,3357837.4477725825
8616595_3358946.tif,8617933.957157241,3357837.4477725825
8616595_3358946.tif,8615258.661167635,3357608.1366877593
8616595_3358946.tif,8615564.409280732,3357608.1366877593
8616595_3358946.tif,8615870.15739383,3357608.1366877593
8616595_3358946.tif,8616175.905506928,3357608.1366877593
8616595_3358946.tif,8616481.653620027,3357608.1366877593
8616595_3358946.tif,8616787.401733123,3357608.1366877593
8616595_3358946.tif,8617093.149846222,3357608.1366877593
8616595_3358946.tif,8617398.89795932,3357608.1366877593
8616595_3358946.tif,8617704.646072417,3357608.1366877593
8616595_3358946.tif,8617933.957157241,3357608.1366877593
8616595_3361698.tif,8615258.661167635,3363035.1656952472
8616595_3361698.tif,8615564.409280732,3363035.1656952472
8616595_3361698.tif,8615870.15739383,3363035.1656952472
8616595_3361698.tif,8616175.905506928,3363035.1656952472
8616595_3361698.tif,8616481.653620027,3363035.1656952472
8616595_3361698.tif,8616787.401733123,3363035.1656952472
8616595_3361698.tif,8617093.149846222,3363035.1656952472
8616595_3361698.tif,8617398.89795932,3363035.1656952472
8616595_3361698.tif,8617704.646072417,3363035.1656952472
8616595_3361698.tif,8617933.957157241,3363035.1656952472
8616595_3361698.tif,8615258.661167635,3362729.417582149
8616595_3361698.tif,8615564.409280732,3362729.417582149
8616595_3361698.tif,8615870.15739383,3362729.417582149
8616595_3361698.tif,8616175.905506928,3362729.417582149
8616595_3361698.tif,8616481.653620027,3362729.417582149
8616595_3361698.tif,8616787.401733123,3362729.417582149
8616595_3361698.tif,8617093.149846222,3362729.417582149
8616595_3361698.tif,8617398.89795932,3362729.417582149
8616595_3361698.tif,8617704.646072417,3362729.417582149
8616595_3361698.tif,8617933.957157241,3362729.417582149
8616595_3361698.tif,8615258.661167635,3362423.669469051
8616595_3361698.tif,8615564.409280732,3362423.669469051
8616595_3361698.tif,8615870.15739383,3362423.669469051
8616595_3361698.tif,8616175.905506928,3362423.669469051
8616595_3361698.tif,8616481.653620027,3362423.669469051
8616595_3361698.tif,8616787.401733123,3362423.669469051
8616595_3361698.tif,8617093.149846222,3362423.669469051
8616595_3361698.tif,8617398.89795932,3362423.669469051
8616595_3361698.tif,8617704.646072417,3362423.669469051
8616595_3361698.tif,8617933.957157241,3362423.669469051
8616595_3361698.tif,8615258.661167635,3362117.9213559534
8616595_3361698.tif,8615564.409280732,3362117.9213559534
8616595_3361698.tif,8615870.15739383,3362117.9213559534
8616595_3361698.tif,8616175.905506928,3362117.9213559534
8616595_3361698.tif,8616481.653620027,3362117.9213559534
8616595_3361698.tif,8616787.401733123,3362117.9213559534
8616595_3361698.tif,8617093.149846222,3362117.9213559534
8616595_3361698.tif,8617398.89795932,3362117.9213559534
8616595_3361698.tif,8617704.646072417,3362117.9213559534
8616595_3361698.tif,8617933.957157241,3362117.9213559534
8616595_3361698.tif,8615258.661167635,3361812.173242855
8616595_3361698.tif,8615564.409280732,3361812.173242855
8616595_3361698.tif,8615870.15739383,3361812.173242855
8616595_3361698.tif,8616175.905506928,3361812.173242855
8616595_3361698.tif,8616481.653620027,3361812.173242855
8616595_3361698.tif,8616787.401733123,3361812.173242855
8616595_3361698.tif,8617093.149846222,3361812.173242855
8616595_3361698.tif,8617398.89795932,3361812.173242855
8616595_3361698.tif,8617704.646072417,3361812.173242855
8616595_3361698.tif,8617933.957157241,3361812.173242855
8616595_3361698.tif,8615258.661167635,3361506.4251297573
8616595_3361698.tif,8615564.409280732,3361506.4251297573
8616595_3361698.tif,8615870.15739383,3361506.4251297573
8616595_3361698.tif,8616175.905506928,3361506.4251297573
8616595_3361698.tif,8616481.653620027,3361506.4251297573
8616595_3361698.tif,8616787.401733123,3361506.4251297573
8616595_3361698.tif,8617093.149846222,3361506.4251297573
8616595_3361698.tif,8617398.89795932,3361506.4251297573
8616595_3361698.tif,8617704.646072417,3361506.4251297573
8616595_3361698.tif,8617933.957157241,3361506.4251297573
8616595_3361698.tif,8615258.661167635,3361200.677016659
8616595_3361698.tif,8615564.409280732,3361200.677016659
8616595_3361698.tif,8615870.15739383,3361200.677016659
8616595_3361698.tif,8616175.905506928,3361200.677016659
8616595_3361698.tif,8616481.653620027,3361200.677016659
8616595_3361698.tif,8616787.401733123,3361200.677016659
8616595_3361698.tif,8617093.149846222,3361200.677016659
8616595_3361698.tif,8617398.89795932,3361200.677016659
8616595_3361698.tif,8617704.646072417,3361200.677016659
8616595_3361698.tif,8617933.957157241,3361200.677016659
8616595_3361698.tif,8615258.661167635,3360894.928903561
8616595_3361698.tif,8615564.409280732,3360894.928903561
8616595_3361698.tif,8615870.15739383,3360894.928903561
8616595_3361698.tif,8616175.905506928,3360894.928903561
8616595_3361698.tif,8616481.653620027,3360894.928903561
8616595_3361698.tif,8616787.401733123,3360894.928903561
8616595_3361698.tif,8617093.149846222,3360894.928903561
8616595_3361698.tif,8617398.89795932,3360894.928903561
8616595_3361698.tif,8617704.646072417,3360894.928903561
8616595_3361698.tif,8617933.957157241,3360894.928903561
8616595_3361698.tif,8615258.661167635,3360589.180790463
8616595_3361698.tif,8615564.409280732,3360589.180790463
8616595_3361698.tif,8615870.15739383,3360589.180790463
8616595_3361698.tif,8616175.905506928,3360589.180790463
8616595_3361698.tif,8616481.653620027,3360589.180790463
8616595_3361698.tif,8616787.401733123,3360589.180790463
8616595_3361698.tif,8617093.149846222,3360589.180790463
8616595_3361698.tif,8617398.89795932,3360589.180790463
8616595_3361698.tif,8617704.646072417,3360589.180790463
8616595_3361698.tif,8617933.957157241,3360589.180790463
8616595_3361698.tif,8615258.661167635,3360359.8697056393
8616595_3361698.tif,8615564.409280732,3360359.8697056393
8616595_3361698.tif,8615870.15739383,3360359.8697056393
8616595_3361698.tif,8616175.905506928,3360359.8697056393
8616595_3361698.tif,8616481.653620027,3360359.8697056393
8616595_3361698.tif,8616787.401733123,3360359.8697056393
8616595_3361698.tif,8617093.149846222,3360359.8697056393
8616595_3361698.tif,8617398.89795932,3360359.8697056393
8616595_3361698.tif,8617704.646072417,3360359.8697056393
8616595_3361698.tif,8617933.957157241,3360359.8697056393
8616595_3364449.tif,8615258.661167635,3365786.898712878
8616595_3364449.tif,8615564.409280732,3365786.898712878
8616595_3364449.tif,8615870.15739383,3365786.898712878
8616595_3364449.tif,8616175.905506928,3365786.898712878
8616595_3364449.tif,8616481.653620027,3365786.898712878
8616595_3364449.tif,8616787.401733123,3365786.898712878
8616595_3364449.tif,8617093.149846222,3365786.898712878
8616595_3364449.tif,8617398.89795932,3365786.898712878
8616595_3364449.tif,8617704.646072417,3365786.898712878
8616595_3364449.tif,8617933.957157241,3365786.898712878
8616595_3364449.tif,8615258.661167635,3365481.1505998066
8616595_3364449.tif,8615564.409280732,3365481.1505998066
8616595_3364449.tif,8615870.15739383,3365481.1505998066
8616595_3364449.tif,8616175.905506928,3365481.1505998066
8616595_3364449.tif,8616481.653620027,3365481.1505998066
8616595_3364449.tif,8616787.401733123,3365481.1505998066
8616595_3364449.tif,8617093.149846222,3365481.1505998066
8616595_3364449.tif,8617398.89795932,3365481.1505998066
8616595_3364449.tif,8617704.646072417,3365481.1505998066
8616595_3364449.tif,8617933.957157241,3365481.1505998066
8616595_3364449.tif,8615258.661167635,3365175.402486736
8616595_3364449.tif,8615564.409280732,3365175.402486736
8616595_3364449.tif,8615870.15739383,3365175.402486736
8616595_3364449.tif,8616175.905506928,3365175.402486736
8616595_3364449.tif,8616481.653620027,3365175.402486736
8616595_3364449.tif,8616787.401733123,3365175.402486736
8616595_3364449.tif,8617093.149846222,3365175.402486736
8616595_3364449.tif,8617398.89795932,3365175.402486736
8616595_3364449.tif,8617704.646072417,3365175.402486736
8616595_3364449.tif,8617933.957157241,3365175.402486736
8616595_3364449.tif,8615258.661167635,3364869.6543736644
8616595_3364449.tif,8615564.409280732,3364869.6543736644
8616595_3364449.tif,8615870.15739383,3364869.6543736644
8616595_3364449.tif,8616175.905506928,3364869.6543736644
8616595_3364449.tif,8616481.653620027,3364869.6543736644
8616595_3364449.tif,8616787.401733123,3364869.6543736644
8616595_3364449.tif,8617093.149846222,3364869.6543736644
8616595_3364449.tif,8617398.89795932,3364869.6543736644
8616595_3364449.tif,8617704.646072417,3364869.6543736644
8616595_3364449.tif,8617933.957157241,3364869.6543736644
8616595_3364449.tif,8615258.661167635,3364563.906260594
8616595_3364449.tif,8615564.409280732,3364563.906260594
8616595_3364449.tif,8615870.15739383,3364563.906260594
8616595_3364449.tif,8616175.905506928,3364563.906260594
8616595_3364449.tif,8616481.653620027,3364563.906260594
8616595_3364449.tif,8616787.401733123,3364563.906260594
8616595_3364449.tif,8617093.149846222,3364563.906260594
8616595_3364449.tif,8617398.89795932,3364563.906260594
8616595_3364449.tif,8617704.646072417,3364563.906260594
8616595_3364449.tif,8617933.957157241,3364563.906260594
8616595_3364449.tif,8615258.661167635,3364258.1581475222
8616595_3364449.tif,8615564.409280732,3364258.1581475222
8616595_3364449.tif,8615870.15739383,3364258.1581475222
8616595_3364449.tif,8616175.905506928,3364258.1581475222
8616595_3364449.tif,8616481.653620027,3364258.1581475222
8616595_3364449.tif,8616787.401733123,3364258.1581475222
8616595_3364449.tif,8617093.149846222,3364258.1581475222
8616595_3364449.tif,8617398.89795932,3364258.1581475222
8616595_3364449.tif,8617704.646072417,3364258.1581475222
8616595_3364449.tif,8617933.957157241,3364258.1581475222
8616595_3364449.tif,8615258.661167635,3363952.4100344516
8616595_3364449.tif,8615564.409280732,3363952.4100344516
8616595_3364449.tif,8615870.15739383,3363952.4100344516
8616595_3364449.tif,8616175.905506928,3363952.4100344516
8616595_3364449.tif,8616481.653620027,3363952.4100344516
8616595_3364449.tif,8616787.401733123,3363952.4100344516
8616595_3364449.tif,8617093.149846222,3363952.4100344516
8616595_3364449.tif,8617398.89795932,3363952.4100344516
8616595_3364449.tif,8617704.646072417,3363952.4100344516
8616595_3364449.tif,8617933.957157241,3363952.4100344516
8616595_3364449.tif,8615258.661167635,3363646.66192138
8616595_3364449.tif,8615564.409280732,3363646.66192138
8616595_3364449.tif,8615870.15739383,3363646.66192138
8616595_3364449.tif,8616175.905506928,3363646.66192138
8616595_3364449.tif,8616481.653620027,3363646.66192138
8616595_3364449.tif,8616787.401733123,3363646.66192138
8616595_3364449.tif,8617093.149846222,3363646.66192138
8616595_3364449.tif,8617398.89795932,3363646.66192138
8616595_3364449.tif,8617704.646072417,3363646.66192138
8616595_3364449.tif,8617933.957157241,3363646.66192138
8616595_3364449.tif,8615258.661167635,3363340.9138083095
8616595_3364449.tif,8615564.409280732,3363340.9138083095
8616595_3364449.tif,8615870.15739383,3363340.9138083095
8616595_3364449.tif,8616175.905506928,3363340.9138083095
8616595_3364449.tif,8616481.653620027,3363340.9138083095
8616595_3364449.tif,8616787.401733123,3363340.9138083095
8616595_3364449.tif,8617093.149846222,3363340.9138083095
8616595_3364449.tif,8617398.89795932,3363340.9138083095
8616595_3364449.tif,8617704.646072417,3363340.9138083095
8616595_3364449.tif,8617933.957157241,3363340.9138083095
8616595_3364449.tif,8615258.661167635,3363111.6027235063
8616595_3364449.tif,8615564.409280732,3363111.6027235063
8616595_3364449.tif,8615870.15739383,3363111.6027235063
8616595_3364449.tif,8616175.905506928,3363111.6027235063
8616595_3364449.tif,8616481.653620027,3363111.6027235063
8616595_3364449.tif,8616787.401733123,3363111.6027235063
8616595_3364449.tif,8617093.149846222,3363111.6027235063
8616595_3364449.tif,8617398.89795932,3363111.6027235063
8616595_3364449.tif,8617704.646072417,3363111.6027235063
8616595_3364449.tif,8617933.957157241,3363111.6027235063
8616595_3367201.tif,8615258.661167635,3368538.6317307577
8616595_3367201.tif,8615564.409280732,3368538.6317307577
8616595_3367201.tif,8615870.15739383,3368538.6317307577
8616595_3367201.tif,8616175.905506928,3368538.6317307577
8616595_3367201.tif,8616481.653620027,3368538.6317307577
8616595_3367201.tif,8616787.401733123,3368538.6317307577
8616595_3367201.tif,8617093.149846222,3368538.6317307577
8616595_3367201.tif,8617398.89795932,3368538.6317307577
8616595_3367201.tif,8617704.646072417,3368538.6317307577
8616595_3367201.tif,8617933.957157241,3368538.6317307577
8616595_3367201.tif,8615258.661167635,3368232.883617686
8616595_3367201.tif,8615564.409280732,3368232.883617686
8616595_3367201.tif,8615870.15739383,3368232.883617686
8616595_3367201.tif,8616175.905506928,3368232.883617686
8616595_3367201.tif,8616481.653620027,3368232.883617686
8616595_3367201.tif,8616787.401733123,3368232.883617686
8616595_3367201.tif,8617093.149846222,3368232.883617686
8616595_3367201.tif,8617398.89795932,3368232.883617686
8616595_3367201.tif,8617704.646072417,3368232.883617686
8616595_3367201.tif,8617933.957157241,3368232.883617686
8616595_3367201.tif,8615258.661167635,3367927.135504615
8616595_3367201.tif,8615564.409280732,3367927.135504615
8616595_3367201.tif,8615870.15739383,3367927.135504615
8616595_3367201.tif,8616175.905506928,3367927.135504615
8616595_3367201.tif,8616481.653620027,3367927.135504615
8616595_3367201.tif,8616787.401733123,3367927.135504615
8616595_3367201.tif,8617093.149846222,3367927.135504615
8616595_3367201.tif,8617398.89795932,3367927.135504615
8616595_3367201.tif,8617704.646072417,3367927.135504615
8616595_3367201.tif,8617933.957157241,3367927.135504615
8616595_3367201.tif,8615258.661167635,3367621.387391544
8616595_3367201.tif,8615564.409280732,3367621.387391544
8616595_3367201.tif,8615870.15739383,3367621.387391544
8616595_3367201.tif,8616175.905506928,3367621.387391544
8616595_3367201.tif,8616481.653620027,3367621.387391544
8616595_3367201.tif,8616787.401733123,3367621.387391544
8616595_3367201.tif,8617093.149846222,3367621.387391544
8616595_3367201.tif,8617398.89795932,3367621.387391544
8616595_3367201.tif,8617704.646072417,3367621.387391544
8616595_3367201.tif,8617933.957157241,3367621.387391544
8616595_3367201.tif,8615258.661167635,3367315.6392784724
8616595_3367201.tif,8615564.409280732,3367315.6392784724
8616595_3367201.tif,8615870.15739383,3367315.6392784724
8616595_3367201.tif,8616175.905506928,3367315.6392784724
8616595_3367201.tif,8616481.653620027,3367315.6392784724
8616595_3367201.tif,8616787.401733123,3367315.6392784724
8616595_3367201.tif,8617093.149846222,3367315.6392784724
8616595_3367201.tif,8617398.89795932,3367315.6392784724
8616595_3367201.tif,8617704.646072417,3367315.6392784724
8616595_3367201.tif,8617933.957157241,3367315.6392784724
8616595_3367201.tif,8615258.661167635,3367009.891165402
8616595_3367201.tif,8615564.409280732,3367009.891165402
8616595_3367201.tif,8615870.15739383,3367009.891165402
8616595_3367201.tif,8616175.905506928,3367009.891165402
8616595_3367201.tif,8616481.653620027,3367009.891165402
8616595_3367201.tif,8616787.401733123,3367009.891165402
8616595_3367201.tif,8617093.149846222,3367009.891165402
8616595_3367201.tif,8617398.89795932,3367009.891165402
8616595_3367201.tif,8617704.646072417,3367009.891165402
8616595_3367201.tif,8617933.957157241,3367009.891165402
8616595_3367201.tif,8615258.661167635,3366704.1430523302
8616595_3367201.tif,8615564.409280732,3366704.1430523302
8616595_3367201.tif,8615870.15739383,3366704.1430523302
8616595_3367201.tif,8616175.905506928,3366704.1430523302
8616595_3367201.tif,8616481.653620027,3366704.1430523302
8616595_3367201.tif,8616787.401733123,3366704.1430523302
8616595_3367201.tif,8617093.149846222,3366704.1430523302
8616595_3367201.tif,8617398.89795932,3366704.1430523302
8616595_3367201.tif,8617704.646072417,3366704.1430523302
8616595_3367201.tif,8617933.957157241,3366704.1430523302
8616595_3367201.tif,8615258.661167635,3366398.394939259
8616595_3367201.tif,8615564.409280732,3366398.394939259
8616595_3367201.tif,8615870.15739383,3366398.394939259
8616595_3367201.tif,8616175.905506928,3366398.394939259
8616595_3367201.tif,8616481.653620027,3366398.394939259
8616595_3367201.tif,8616787.401733123,3366398.394939259
8616595_3367201.tif,8617093.149846222,3366398.394939259
8616595_3367201.tif,8617398.89795932,3366398.394939259
8616595_3367201.tif,8617704.646072417,3366398.394939259
8616595_3367201.tif,8617933.957157241,3366398.394939259
8616595_3367201.tif,8615258.661167635,3366092.646826188
8616595_3367201.tif,8615564.409280732,3366092.646826188
8616595_3367201.tif,8615870.15739383,3366092.646826188
8616595_3367201.tif,8616175.905506928,3366092.646826188
8616595_3367201.tif,8616481.653620027,3366092.646826188
8616595_3367201.tif,8616787.401733123,3366092.646826188
8616595_3367201.tif,8617093.149846222,3366092.646826188
8616595_3367201.tif,8617398.89795932,3366092.646826188
8616595_3367201.tif,8617704.646072417,3366092.646826188
8616595_3367201.tif,8617933.957157241,3366092.646826188
8616595_3367201.tif,8615258.661167635,3365863.335741385
8616595_3367201.tif,8615564.409280732,3365863.335741385
8616595_3367201.tif,8615870.15739383,3365863.335741385
8616595_3367201.tif,8616175.905506928,3365863.335741385
8616595_3367201.tif,8616481.653620027,3365863.335741385
8616595_3367201.tif,8616787.401733123,3365863.335741385
8616595_3367201.tif,8617093.149846222,3365863.335741385
8616595_3367201.tif,8617398.89795932,3365863.335741385
8616595_3367201.tif,8617704.646072417,3365863.335741385
8616595_3367201.tif,8617933.957157241,3365863.335741385
8616595_3369953.tif,8615258.661167635,3371290.364748624
8616595_3369953.tif,8615564.409280732,3371290.364748624
8616595_3369953.tif,8615870.15739383,3371290.364748624
8616595_3369953.tif,8616175.905506928,3371290.364748624
8616595_3369953.tif,8616481.653620027,3371290.364748624
8616595_3369953.tif,8616787.401733123,3371290.364748624
8616595_3369953.tif,8617093.149846222,3371290.364748624
8616595_3369953.tif,8617398.89795932,3371290.364748624
8616595_3369953.tif,8617704.646072417,3371290.364748624
8616595_3369953.tif,8617933.957157241,3371290.364748624
8616595_3369953.tif,8615258.661167635,3370984.6166355265
8616595_3369953.tif,8615564.409280732,3370984.6166355265
8616595_3369953.tif,8615870.15739383,3370984.6166355265
8616595_3369953.tif,8616175.905506928,3370984.6166355265
8616595_3369953.tif,8616481.653620027,3370984.6166355265
8616595_3369953.tif,8616787.401733123,3370984.6166355265
8616595_3369953.tif,8617093.149846222,3370984.6166355265
8616595_3369953.tif,8617398.89795932,3370984.6166355265
8616595_3369953.tif,8617704.646072417,3370984.6166355265
8616595_3369953.tif,8617933.957157241,3370984.6166355265
8616595_3369953.tif,8615258.661167635,3370678.8685224284
8616595_3369953.tif,8615564.409280732,3370678.8685224284
8616595_3369953.tif,8615870.15739383,3370678.8685224284
8616595_3369953.tif,8616175.905506928,3370678.8685224284
8616595_3369953.tif,8616481.653620027,3370678.8685224284
8616595_3369953.tif,8616787.401733123,3370678.8685224284
8616595_3369953.tif,8617093.149846222,3370678.8685224284
8616595_3369953.tif,8617398.89795932,3370678.8685224284
8616595_3369953.tif,8617704.646072417,3370678.8685224284
8616595_3369953.tif,8617933.957157241,3370678.8685224284
8616595_3369953.tif,8615258.661167635,3370373.1204093304
8616595_3369953.tif,8615564.409280732,3370373.1204093304
8616595_3369953.tif,8615870.15739383,3370373.1204093304
8616595_3369953.tif,8616175.905506928,3370373.1204093304
8616595_3369953.tif,8616481.653620027,3370373.1204093304
8616595_3369953.tif,8616787.401733123,3370373.1204093304
8616595_3369953.tif,8617093.149846222,3370373.1204093304
8616595_3369953.tif,8617398.89795932,3370373.1204093304
8616595_3369953.tif,8617704.646072417,3370373.1204093304
8616595_3369953.tif,8617933.957157241,3370373.1204093304
8616595_3369953.tif,8615258.661167635,3370067.3722962327
8616595_3369953.tif,8615564.409280732,3370067.3722962327
8616595_3369953.tif,8615870.15739383,3370067.3722962327
8616595_3369953.tif,8616175.905506928,3370067.3722962327
8616595_3369953.tif,8616481.653620027,3370067.3722962327
8616595_3369953.tif,8616787.401733123,3370067.3722962327
8616595_3369953.tif,8617093.149846222,3370067.3722962327
8616595_3369953.tif,8617398.89795932,3370067.3722962327
8616595_3369953.tif,8617704.646072417,3370067.3722962327
8616595_3369953.tif,8617933.957157241,3370067.3722962327
8616595_3369953.tif,8615258.661167635,3369761.6241831346
8616595_3369953.tif,8615564.409280732,3369761.6241831346
8616595_3369953.tif,8615870.15739383,3369761.6241831346
8616595_3369953.tif,8616175.905506928,3369761.6241831346
8616595_3369953.tif,8616481.653620027,3369761.6241831346
8616595_3369953.tif,8616787.401733123,3369761.6241831346
8616595_3369953.tif,8617093.149846222,3369761.6241831346
8616595_3369953.tif,8617398.89795932,3369761.6241831346
8616595_3369953.tif,8617704.646072417,3369761.6241831346
8616595_3369953.tif,8617933.957157241,3369761.6241831346
8616595_3369953.tif,8615258.661167635,3369455.8760700366
8616595_3369953.tif,8615564.409280732,3369455.8760700366
8616595_3369953.tif,8615870.15739383,3369455.8760700366
8616595_3369953.tif,8616175.905506928,3369455.8760700366
8616595_3369953.tif,8616481.653620027,3369455.8760700366
8616595_3369953.tif,8616787.401733123,3369455.8760700366
8616595_3369953.tif,8617093.149846222,3369455.8760700366
8616595_3369953.tif,8617398.89795932,3369455.8760700366
8616595_3369953.tif,8617704.646072417,3369455.8760700366
8616595_3369953.tif,8617933.957157241,3369455.8760700366
8616595_3369953.tif,8615258.661167635,3369150.127956939
8616595_3369953.tif,8615564.409280732,3369150.127956939
8616595_3369953.tif,8615870.15739383,3369150.127956939
8616595_3369953.tif,8616175.905506928,3369150.127956939
8616595_3369953.tif,8616481.653620027,3369150.127956939
8616595_3369953.tif,8616787.401733123,3369150.127956939
8616595_3369953.tif,8617093.149846222,3369150.127956939
8616595_3369953.tif,8617398.89795932,3369150.127956939
8616595_3369953.tif,8617704.646072417,3369150.127956939
8616595_3369953.tif,8617933.957157241,3369150.127956939
8616595_3369953.tif,8615258.661167635,3368844.3798438404
8616595_3369953.tif,8615564.409280732,3368844.3798438404
8616595_3369953.tif,8615870.15739383,3368844.3798438404
8616595_3369953.tif,8616175.905506928,3368844.3798438404
8616595_3369953.tif,8616481.653620027,3368844.3798438404
8616595_3369953.tif,8616787.401733123,3368844.3798438404
8616595_3369953.tif,8617093.149846222,3368844.3798438404
8616595_3369953.tif,8617398.89795932,3368844.3798438404
8616595_3369953.tif,8617704.646072417,3368844.3798438404
8616595_3369953.tif,8617933.957157241,3368844.3798438404
8616595_3369953.tif,8615258.661167635,3368615.068759017
8616595_3369953.tif,8615564.409280732,3368615.068759017
8616595_3369953.tif,8615870.15739383,3368615.068759017
8616595_3369953.tif,8616175.905506928,3368615.068759017
8616595_3369953.tif,8616481.653620027,3368615.068759017
8616595_3369953.tif,8616787.401733123,3368615.068759017
8616595_3369953.tif,8617093.149846222,3368615.068759017
8616595_3369953.tif,8617398.89795932,3368615.068759017
8616595_3369953.tif,8617704.646072417,3368615.068759017
8616595_3369953.tif,8617933.957157241,3368615.068759017
8616595_3372705.tif,8615258.661167635,3374042.097766505
8616595_3372705.tif,8615564.409280732,3374042.097766505
8616595_3372705.tif,8615870.15739383,3374042.097766505
8616595_3372705.tif,8616175.905506928,3374042.097766505
8616595_3372705.tif,8616481.653620027,3374042.097766505
8616595_3372705.tif,8616787.401733123,3374042.097766505
8616595_3372705.tif,8617093.149846222,3374042.097766505
8616595_3372705.tif,8617398.89795932,3374042.097766505
8616595_3372705.tif,8617704.646072417,3374042.097766505
8616595_3372705.tif,8617933.957157241,3374042.097766505
8616595_3372705.tif,8615258.661167635,3373736.349653407
8616595_3372705.tif,8615564.409280732,3373736.349653407
8616595_3372705.tif,8615870.15739383,3373736.349653407
8616595_3372705.tif,8616175.905506928,3373736.349653407
8616595_3372705.tif,8616481.653620027,3373736.349653407
8616595_3372705.tif,8616787.401733123,3373736.349653407
8616595_3372705.tif,8617093.149846222,3373736.349653407
8616595_3372705.tif,8617398.89795932,3373736.349653407
8616595_3372705.tif,8617704.646072417,3373736.349653407
8616595_3372705.tif,8617933.957157241,3373736.349653407
8616595_3372705.tif,8615258.661167635,3373430.6015403084
8616595_3372705.tif,8615564.409280732,3373430.6015403084
8616595_3372705.tif,8615870.15739383,3373430.6015403084
8616595_3372705.tif,8616175.905506928,3373430.6015403084
8616595_3372705.tif,8616481.653620027,3373430.6015403084
8616595_3372705.tif,8616787.401733123,3373430.6015403084
8616595_3372705.tif,8617093.149846222,3373430.6015403084
8616595_3372705.tif,8617398.89795932,3373430.6015403084
8616595_3372705.tif,8617704.646072417,3373430.6015403084
8616595_3372705.tif,8617933.957157241,3373430.6015403084
8616595_3372705.tif,8615258.661167635,3373124.8534272104
8616595_3372705.tif,8615564.409280732,3373124.8534272104
8616595_3372705.tif,8615870.15739383,3373124.8534272104
8616595_3372705.tif,8616175.905506928,3373124.8534272104
8616595_3372705.tif,8616481.653620027,3373124.8534272104
8616595_3372705.tif,8616787.401733123,3373124.8534272104
8616595_3372705.tif,8617093.149846222,3373124.8534272104
8616595_3372705.tif,8617398.89795932,3373124.8534272104
8616595_3372705.tif,8617704.646072417,3373124.8534272104
8616595_3372705.tif,8617933.957157241,3373124.8534272104
8616595_3372705.tif,8615258.661167635,3372819.105314112
8616595_3372705.tif,8615564.409280732,3372819.105314112
8616595_3372705.tif,8615870.15739383,3372819.105314112
8616595_3372705.tif,8616175.905506928,3372819.105314112
8616595_3372705.tif,8616481.653620027,3372819.105314112
8616595_3372705.tif,8616787.401733123,3372819.105314112
8616595_3372705.tif,8617093.149846222,3372819.105314112
8616595_3372705.tif,8617398.89795932,3372819.105314112
8616595_3372705.tif,8617704.646072417,3372819.105314112
8616595_3372705.tif,8617933.957157241,3372819.105314112
8616595_3372705.tif,8615258.661167635,3372513.3572010137
8616595_3372705.tif,8615564.409280732,3372513.3572010137
8616595_3372705.tif,8615870.15739383,3372513.3572010137
8616595_3372705.tif,8616175.905506928,3372513.3572010137
8616595_3372705.tif,8616481.653620027,3372513.3572010137
8616595_3372705.tif,8616787.401733123,3372513.3572010137
8616595_3372705.tif,8617093.149846222,3372513.3572010137
8616595_3372705.tif,8617398.89795932,3372513.3572010137
8616595_3372705.tif,8617704.646072417,3372513.3572010137
8616595_3372705.tif,8617933.957157241,3372513.3572010137
8616595_3372705.tif,8615258.661167635,3372207.609087915
8616595_3372705.tif,8615564.409280732,3372207.609087915
8616595_3372705.tif,8615870.15739383,3372207.609087915
8616595_3372705.tif,8616175.905506928,3372207.609087915
8616595_3372705.tif,8616481.653620027,3372207.609087915
8616595_3372705.tif,8616787.401733123,3372207.609087915
8616595_3372705.tif,8617093.149846222,3372207.609087915
8616595_3372705.tif,8617398.89795932,3372207.609087915
8616595_3372705.tif,8617704.646072417,3372207.609087915
8616595_3372705.tif,8617933.957157241,3372207.609087915
8616595_3372705.tif,8615258.661167635,3371901.860974817
8616595_3372705.tif,8615564.409280732,3371901.860974817
8616595_3372705.tif,8615870.15739383,3371901.860974817
8616595_3372705.tif,8616175.905506928,3371901.860974817
8616595_3372705.tif,8616481.653620027,3371901.860974817
8616595_3372705.tif,8616787.401733123,3371901.860974817
8616595_3372705.tif,8617093.149846222,3371901.860974817
8616595_3372705.tif,8617398.89795932,3371901.860974817
8616595_3372705.tif,8617704.646072417,3371901.860974817
8616595_3372705.tif,8617933.957157241,3371901.860974817
8616595_3372705.tif,8615258.661167635,3371596.112861719
8616595_3372705.tif,8615564.409280732,3371596.112861719
8616595_3372705.tif,8615870.15739383,3371596.112861719
8616595_3372705.tif,8616175.905506928,3371596.112861719
8616595_3372705.tif,8616481.653620027,3371596.112861719
8616595_3372705.tif,8616787.401733123,3371596.112861719
8616595_3372705.tif,8617093.149846222,3371596.112861719
8616595_3372705.tif,8617398.89795932,3371596.112861719
8616595_3372705.tif,8617704.646072417,3371596.112861719
8616595_3372705.tif,8617933.957157241,3371596.112861719
8616595_3372705.tif,8615258.661167635,3371366.8017768953
8616595_3372705.tif,8615564.409280732,3371366.8017768953
8616595_3372705.tif,8615870.15739383,3371366.8017768953
8616595_3372705.tif,8616175.905506928,3371366.8017768953
8616595_3372705.tif,8616481.653620027,3371366.8017768953
8616595_3372705.tif,8616787.401733123,3371366.8017768953
8616595_3372705.tif,8617093.149846222,3371366.8017768953
8616595_3372705.tif,8617398.89795932,3371366.8017768953
8616595_3372705.tif,8617704.646072417,3371366.8017768953
8616595_3372705.tif,8617933.957157241,3371366.8017768953
8619347_3328677.tif,8618010.394185515,3330014.3694799384
8619347_3328677.tif,8618316.142298613,3330014.3694799384
8619347_3328677.tif,8618621.890411712,3330014.3694799384
8619347_3328677.tif,8618927.63852481,3330014.3694799384
8619347_3328677.tif,8619233.386637907,3330014.3694799384
8619347_3328677.tif,8619539.134751005,3330014.3694799384
8619347_3328677.tif,8619844.882864103,3330014.3694799384
8619347_3328677.tif,8620150.630977202,3330014.3694799384
8619347_3328677.tif,8620456.3790903,3330014.3694799384
8619347_3328677.tif,8620685.690175124,3330014.3694799384
8619347_3328677.tif,8618010.394185515,3329708.6213668403
8619347_3328677.tif,8618316.142298613,3329708.6213668403
8619347_3328677.tif,8618621.890411712,3329708.6213668403
8619347_3328677.tif,8618927.63852481,3329708.6213668403
8619347_3328677.tif,8619233.386637907,3329708.6213668403
8619347_3328677.tif,8619539.134751005,3329708.6213668403
8619347_3328677.tif,8619844.882864103,3329708.6213668403
8619347_3328677.tif,8620150.630977202,3329708.6213668403
8619347_3328677.tif,8620456.3790903,3329708.6213668403
8619347_3328677.tif,8620685.690175124,3329708.6213668403
8619347_3328677.tif,8618010.394185515,3329402.8732537422
8619347_3328677.tif,8618316.142298613,3329402.8732537422
8619347_3328677.tif,8618621.890411712,3329402.8732537422
8619347_3328677.tif,8618927.63852481,3329402.8732537422
8619347_3328677.tif,8619233.386637907,3329402.8732537422
8619347_3328677.tif,8619539.134751005,3329402.8732537422
8619347_3328677.tif,8619844.882864103,3329402.8732537422
8619347_3328677.tif,8620150.630977202,3329402.8732537422
8619347_3328677.tif,8620456.3790903,3329402.8732537422
8619347_3328677.tif,8620685.690175124,3329402.8732537422
8619347_3328677.tif,8618010.394185515,3329097.1251406446
8619347_3328677.tif,8618316.142298613,3329097.1251406446
8619347_3328677.tif,8618621.890411712,3329097.1251406446
8619347_3328677.tif,8618927.63852481,3329097.1251406446
8619347_3328677.tif,8619233.386637907,3329097.1251406446
8619347_3328677.tif,8619539.134751005,3329097.1251406446
8619347_3328677.tif,8619844.882864103,3329097.1251406446
8619347_3328677.tif,8620150.630977202,3329097.1251406446
8619347_3328677.tif,8620456.3790903,3329097.1251406446
8619347_3328677.tif,8620685.690175124,3329097.1251406446
8619347_3328677.tif,8618010.394185515,3328791.377027547
8619347_3328677.tif,8618316.142298613,3328791.377027547
8619347_3328677.tif,8618621.890411712,3328791.377027547
8619347_3328677.tif,8618927.63852481,3328791.377027547
8619347_3328677.tif,8619233.386637907,3328791.377027547
8619347_3328677.tif,8619539.134751005,3328791.377027547
8619347_3328677.tif,8619844.882864103,3328791.377027547
8619347_3328677.tif,8620150.630977202,3328791.377027547
8619347_3328677.tif,8620456.3790903,3328791.377027547
8619347_3328677.tif,8620685.690175124,3328791.377027547
8619347_3328677.tif,8618010.394185515,3328485.628914449
8619347_3328677.tif,8618316.142298613,3328485.628914449
8619347_3328677.tif,8618621.890411712,3328485.628914449
8619347_3328677.tif,8618927.63852481,3328485.628914449
8619347_3328677.tif,8619233.386637907,3328485.628914449
8619347_3328677.tif,8619539.134751005,3328485.628914449
8619347_3328677.tif,8619844.882864103,3328485.628914449
8619347_3328677.tif,8620150.630977202,3328485.628914449
8619347_3328677.tif,8620456.3790903,3328485.628914449
8619347_3328677.tif,8620685.690175124,3328485.628914449
8619347_3328677.tif,8618010.394185515,3328179.880801351
8619347_3328677.tif,8618316.142298613,3328179.880801351
8619347_3328677.tif,8618621.890411712,3328179.880801351
8619347_3328677.tif,8618927.63852481,3328179.880801351
8619347_3328677.tif,8619233.386637907,3328179.880801351
8619347_3328677.tif,8619539.134751005,3328179.880801351
8619347_3328677.tif,8619844.882864103,3328179.880801351
8619347_3328677.tif,8620150.630977202,3328179.880801351
8619347_3328677.tif,8620456.3790903,3328179.880801351
8619347_3328677.tif,8620685.690175124,3328179.880801351
8619347_3328677.tif,8618010.394185515,3327874.132688253
8619347_3328677.tif,8618316.142298613,3327874.132688253
8619347_3328677.tif,8618621.890411712,3327874.132688253
8619347_3328677.tif,8618927.63852481,3327874.132688253
8619347_3328677.tif,8619233.386637907,3327874.132688253
8619347_3328677.tif,8619539.134751005,3327874.132688253
8619347_3328677.tif,8619844.882864103,3327874.132688253
8619347_3328677.tif,8620150.630977202,3327874.132688253
8619347_3328677.tif,8620456.3790903,3327874.132688253
8619347_3328677.tif,8620685.690175124,3327874.132688253
8619347_3328677.tif,8618010.394185515,3327568.3845751556
8619347_3328677.tif,8618316.142298613,3327568.3845751556
8619347_3328677.tif,8618621.890411712,3327568.3845751556
8619347_3328677.tif,8618927.63852481,3327568.3845751556
8619347_3328677.tif,8619233.386637907,3327568.3845751556
8619347_3328677.tif,8619539.134751005,3327568.3845751556
8619347_3328677.tif,8619844.882864103,3327568.3845751556
8619347_3328677.tif,8620150.630977202,3327568.3845751556
8619347_3328677.tif,8620456.3790903,3327568.3845751556
8619347_3328677.tif,8620685.690175124,3327568.3845751556
8619347_3328677.tif,8618010.394185515,3327339.073490332
8619347_3328677.tif,8618316.142298613,3327339.073490332
8619347_3328677.tif,8618621.890411712,3327339.073490332
8619347_3328677.tif,8618927.63852481,3327339.073490332
8619347_3328677.tif,8619233.386637907,3327339.073490332
8619347_3328677.tif,8619539.134751005,3327339.073490332
8619347_3328677.tif,8619844.882864103,3327339.073490332
8619347_3328677.tif,8620150.630977202,3327339.073490332
8619347_3328677.tif,8620456.3790903,3327339.073490332
8619347_3328677.tif,8620685.690175124,3327339.073490332
8619347_3331429.tif,8618010.394185515,3332766.102497818
8619347_3331429.tif,8618316.142298613,3332766.102497818
8619347_3331429.tif,8618621.890411712,3332766.102497818
8619347_3331429.tif,8618927.63852481,3332766.102497818
8619347_3331429.tif,8619233.386637907,3332766.102497818
8619347_3331429.tif,8619539.134751005,3332766.102497818
8619347_3331429.tif,8619844.882864103,3332766.102497818
8619347_3331429.tif,8620150.630977202,3332766.102497818
8619347_3331429.tif,8620456.3790903,3332766.102497818
8619347_3331429.tif,8620685.690175124,3332766.102497818
8619347_3331429.tif,8618010.394185515,3332460.3543847203
8619347_3331429.tif,8618316.142298613,3332460.3543847203
8619347_3331429.tif,8618621.890411712,3332460.3543847203
8619347_3331429.tif,8618927.63852481,3332460.3543847203
8619347_3331429.tif,8619233.386637907,3332460.3543847203
8619347_3331429.tif,8619539.134751005,3332460.3543847203
8619347_3331429.tif,8619844.882864103,3332460.3543847203
8619347_3331429.tif,8620150.630977202,3332460.3543847203
8619347_3331429.tif,8620456.3790903,3332460.3543847203
8619347_3331429.tif,8620685.690175124,3332460.3543847203
8619347_3331429.tif,8618010.394185515,3332154.6062716227
8619347_3331429.tif,8618316.142298613,3332154.6062716227
8619347_3331429.tif,8618621.890411712,3332154.6062716227
8619347_3331429.tif,8618927.63852481,3332154.6062716227
8619347_3331429.tif,8619233.386637907,3332154.6062716227
8619347_3331429.tif,8619539.134751005,3332154.6062716227
8619347_3331429.tif,8619844.882864103,3332154.6062716227
8619347_3331429.tif,8620150.630977202,3332154.6062716227
8619347_3331429.tif,8620456.3790903,3332154.6062716227
8619347_3331429.tif,8620685.690175124,3332154.6062716227
8619347_3331429.tif,8618010.394185515,3331848.858158524
8619347_3331429.tif,8618316.142298613,3331848.858158524
8619347_3331429.tif,8618621.890411712,3331848.858158524
8619347_3331429.tif,8618927.63852481,3331848.858158524
8619347_3331429.tif,8619233.386637907,3331848.858158524
8619347_3331429.tif,8619539.134751005,3331848.858158524
8619347_3331429.tif,8619844.882864103,3331848.858158524
8619347_3331429.tif,8620150.630977202,3331848.858158524
8619347_3331429.tif,8620456.3790903,3331848.858158524
8619347_3331429.tif,8620685.690175124,3331848.858158524
8619347_3331429.tif,8618010.394185515,3331543.1100454265
8619347_3331429.tif,8618316.142298613,3331543.1100454265
8619347_3331429.tif,8618621.890411712,3331543.1100454265
8619347_3331429.tif,8618927.63852481,3331543.1100454265
8619347_3331429.tif,8619233.386637907,3331543.1100454265
8619347_3331429.tif,8619539.134751005,3331543.1100454265
8619347_3331429.tif,8619844.882864103,3331543.1100454265
8619347_3331429.tif,8620150.630977202,3331543.1100454265
8619347_3331429.tif,8620456.3790903,3331543.1100454265
8619347_3331429.tif,8620685.690175124,3331543.1100454265
8619347_3331429.tif,8618010.394185515,3331237.361932329
8619347_3331429.tif,8618316.142298613,3331237.361932329
8619347_3331429.tif,8618621.890411712,3331237.361932329
8619347_3331429.tif,8618927.63852481,3331237.361932329
8619347_3331429.tif,8619233.386637907,3331237.361932329
8619347_3331429.tif,8619539.134751005,3331237.361932329
8619347_3331429.tif,8619844.882864103,3331237.361932329
8619347_3331429.tif,8620150.630977202,3331237.361932329
8619347_3331429.tif,8620456.3790903,3331237.361932329
8619347_3331429.tif,8620685.690175124,3331237.361932329
8619347_3331429.tif,8618010.394185515,3330931.6138192303
8619347_3331429.tif,8618316.142298613,3330931.6138192303
8619347_3331429.tif,8618621.890411712,3330931.6138192303
8619347_3331429.tif,8618927.63852481,3330931.6138192303
8619347_3331429.tif,8619233.386637907,3330931.6138192303
8619347_3331429.tif,8619539.134751005,3330931.6138192303
8619347_3331429.tif,8619844.882864103,3330931.6138192303
8619347_3331429.tif,8620150.630977202,3330931.6138192303
8619347_3331429.tif,8620456.3790903,3330931.6138192303
8619347_3331429.tif,8620685.690175124,3330931.6138192303
8619347_3331429.tif,8618010.394185515,3330625.8657061327
8619347_3331429.tif,8618316.142298613,3330625.8657061327
8619347_3331429.tif,8618621.890411712,3330625.8657061327
8619347_3331429.tif,8618927.63852481,3330625.8657061327
8619347_3331429.tif,8619233.386637907,3330625.8657061327
8619347_3331429.tif,8619539.134751005,3330625.8657061327
8619347_3331429.tif,8619844.882864103,3330625.8657061327
8619347_3331429.tif,8620150.630977202,3330625.8657061327
8619347_3331429.tif,8620456.3790903,3330625.8657061327
8619347_3331429.tif,8620685.690175124,3330625.8657061327
8619347_3331429.tif,8618010.394185515,3330320.117593035
8619347_3331429.tif,8618316.142298613,3330320.117593035
8619347_3331429.tif,8618621.890411712,3330320.117593035
8619347_3331429.tif,8618927.63852481,3330320.117593035
8619347_3331429.tif,8619233.386637907,3330320.117593035
8619347_3331429.tif,8619539.134751005,3330320.117593035
8619347_3331429.tif,8619844.882864103,3330320.117593035
8619347_3331429.tif,8620150.630977202,3330320.117593035
8619347_3331429.tif,8620456.3790903,3330320.117593035
8619347_3331429.tif,8620685.690175124,3330320.117593035
8619347_3331429.tif,8618010.394185515,3330090.8065082114
8619347_3331429.tif,8618316.142298613,3330090.8065082114
8619347_3331429.tif,8618621.890411712,3330090.8065082114
8619347_3331429.tif,8618927.63852481,3330090.8065082114
8619347_3331429.tif,8619233.386637907,3330090.8065082114
8619347_3331429.tif,8619539.134751005,3330090.8065082114
8619347_3331429.tif,8619844.882864103,3330090.8065082114
8619347_3331429.tif,8620150.630977202,3330090.8065082114
8619347_3331429.tif,8620456.3790903,3330090.8065082114
8619347_3331429.tif,8620685.690175124,3330090.8065082114
8619347_3334180.tif,8618010.394185515,3335517.8355157003
8619347_3334180.tif,8618316.142298613,3335517.8355157003
8619347_3334180.tif,8618621.890411712,3335517.8355157003
8619347_3334180.tif,8618927.63852481,3335517.8355157003
8619347_3334180.tif,8619233.386637907,3335517.8355157003
8619347_3334180.tif,8619539.134751005,3335517.8355157003
8619347_3334180.tif,8619844.882864103,3335517.8355157003
8619347_3334180.tif,8620150.630977202,3335517.8355157003
8619347_3334180.tif,8620456.3790903,3335517.8355157003
8619347_3334180.tif,8620685.690175124,3335517.8355157003
8619347_3334180.tif,8618010.394185515,3335212.0874026027
8619347_3334180.tif,8618316.142298613,3335212.0874026027
8619347_3334180.tif,8618621.890411712,3335212.0874026027
8619347_3334180.tif,8618927.63852481,3335212.0874026027
8619347_3334180.tif,8619233.386637907,3335212.0874026027
8619347_3334180.tif,8619539.134751005,3335212.0874026027
8619347_3334180.tif,8619844.882864103,3335212.0874026027
8619347_3334180.tif,8620150.630977202,3335212.0874026027
8619347_3334180.tif,8620456.3790903,3335212.0874026027
8619347_3334180.tif,8620685.690175124,3335212.0874026027
8619347_3334180.tif,8618010.394185515,3334906.339289505
8619347_3334180.tif,8618316.142298613,3334906.339289505
8619347_3334180.tif,8618621.890411712,3334906.339289505
8619347_3334180.tif,8618927.63852481,3334906.339289505
8619347_3334180.tif,8619233.386637907,3334906.339289505
8619347_3334180.tif,8619539.134751005,3334906.339289505
8619347_3334180.tif,8619844.882864103,3334906.339289505
8619347_3334180.tif,8620150.630977202,3334906.339289505
8619347_3334180.tif,8620456.3790903,3334906.339289505
8619347_3334180.tif,8620685.690175124,3334906.339289505
8619347_3334180.tif,8618010.394185515,3334600.591176407
8619347_3334180.tif,8618316.142298613,3334600.591176407
8619347_3334180.tif,8618621.890411712,3334600.591176407
8619347_3334180.tif,8618927.63852481,3334600.591176407
8619347_3334180.tif,8619233.386637907,3334600.591176407
8619347_3334180.tif,8619539.134751005,3334600.591176407
8619347_3334180.tif,8619844.882864103,3334600.591176407
8619347_3334180.tif,8620150.630977202,3334600.591176407
8619347_3334180.tif,8620456.3790903,3334600.591176407
8619347_3334180.tif,8620685.690175124,3334600.591176407
8619347_3334180.tif,8618010.394185515,3334294.843063309
8619347_3334180.tif,8618316.142298613,3334294.843063309
8619347_3334180.tif,8618621.890411712,3334294.843063309
8619347_3334180.tif,8618927.63852481,3334294.843063309
8619347_3334180.tif,8619233.386637907,3334294.843063309
8619347_3334180.tif,8619539.134751005,3334294.843063309
8619347_3334180.tif,8619844.882864103,3334294.843063309
8619347_3334180.tif,8620150.630977202,3334294.843063309
8619347_3334180.tif,8620456.3790903,3334294.843063309
8619347_3334180.tif,8620685.690175124,3334294.843063309
8619347_3334180.tif,8618010.394185515,3333989.0949502112
8619347_3334180.tif,8618316.142298613,3333989.0949502112
8619347_3334180.tif,8618621.890411712,3333989.0949502112
8619347_3334180.tif,8618927.63852481,3333989.0949502112
8619347_3334180.tif,8619233.386637907,3333989.0949502112
8619347_3334180.tif,8619539.134751005,3333989.0949502112
8619347_3334180.tif,8619844.882864103,3333989.0949502112
8619347_3334180.tif,8620150.630977202,3333989.0949502112
8619347_3334180.tif,8620456.3790903,3333989.0949502112
8619347_3334180.tif,8620685.690175124,3333989.0949502112
8619347_3334180.tif,8618010.394185515,3333683.3468371136
8619347_3334180.tif,8618316.142298613,3333683.3468371136
8619347_3334180.tif,8618621.890411712,3333683.3468371136
8619347_3334180.tif,8618927.63852481,3333683.3468371136
8619347_3334180.tif,8619233.386637907,3333683.3468371136
8619347_3334180.tif,8619539.134751005,3333683.3468371136
8619347_3334180.tif,8619844.882864103,3333683.3468371136
8619347_3334180.tif,8620150.630977202,3333683.3468371136
8619347_3334180.tif,8620456.3790903,3333683.3468371136
8619347_3334180.tif,8620685.690175124,3333683.3468371136
8619347_3334180.tif,8618010.394185515,3333377.5987240155
8619347_3334180.tif,8618316.142298613,3333377.5987240155
8619347_3334180.tif,8618621.890411712,3333377.5987240155
8619347_3334180.tif,8618927.63852481,3333377.5987240155
8619347_3334180.tif,8619233.386637907,3333377.5987240155
8619347_3334180.tif,8619539.134751005,3333377.5987240155
8619347_3334180.tif,8619844.882864103,3333377.5987240155
8619347_3334180.tif,8620150.630977202,3333377.5987240155
8619347_3334180.tif,8620456.3790903,3333377.5987240155
8619347_3334180.tif,8620685.690175124,3333377.5987240155
8619347_3334180.tif,8618010.394185515,3333071.8506109174
8619347_3334180.tif,8618316.142298613,3333071.8506109174
8619347_3334180.tif,8618621.890411712,3333071.8506109174
8619347_3334180.tif,8618927.63852481,3333071.8506109174
8619347_3334180.tif,8619233.386637907,3333071.8506109174
8619347_3334180.tif,8619539.134751005,3333071.8506109174
8619347_3334180.tif,8619844.882864103,3333071.8506109174
8619347_3334180.tif,8620150.630977202,3333071.8506109174
8619347_3334180.tif,8620456.3790903,3333071.8506109174
8619347_3334180.tif,8620685.690175124,3333071.8506109174
8619347_3334180.tif,8618010.394185515,3332842.539526094
8619347_3334180.tif,8618316.142298613,3332842.539526094
8619347_3334180.tif,8618621.890411712,3332842.539526094
8619347_3334180.tif,8618927.63852481,3332842.539526094
8619347_3334180.tif,8619233.386637907,3332842.539526094
8619347_3334180.tif,8619539.134751005,3332842.539526094
8619347_3334180.tif,8619844.882864103,3332842.539526094
8619347_3334180.tif,8620150.630977202,3332842.539526094
8619347_3334180.tif,8620456.3790903,3332842.539526094
8619347_3334180.tif,8620685.690175124,3332842.539526094
8619347_3336932.tif,8618010.394185515,3338269.568533582
8619347_3336932.tif,8618316.142298613,3338269.568533582
8619347_3336932.tif,8618621.890411712,3338269.568533582
8619347_3336932.tif,8618927.63852481,3338269.568533582
8619347_3336932.tif,8619233.386637907,3338269.568533582
8619347_3336932.tif,8619539.134751005,3338269.568533582
8619347_3336932.tif,8619844.882864103,3338269.568533582
8619347_3336932.tif,8620150.630977202,3338269.568533582
8619347_3336932.tif,8620456.3790903,3338269.568533582
8619347_3336932.tif,8620685.690175124,3338269.568533582
8619347_3336932.tif,8618010.394185515,3337963.820420484
8619347_3336932.tif,8618316.142298613,3337963.820420484
8619347_3336932.tif,8618621.890411712,3337963.820420484
8619347_3336932.tif,8618927.63852481,3337963.820420484
8619347_3336932.tif,8619233.386637907,3337963.820420484
8619347_3336932.tif,8619539.134751005,3337963.820420484
8619347_3336932.tif,8619844.882864103,3337963.820420484
8619347_3336932.tif,8620150.630977202,3337963.820420484
8619347_3336932.tif,8620456.3790903,3337963.820420484
8619347_3336932.tif,8620685.690175124,3337963.820420484
8619347_3336932.tif,8618010.394185515,3337658.072307386
8619347_3336932.tif,8618316.142298613,3337658.072307386
8619347_3336932.tif,8618621.890411712,3337658.072307386
8619347_3336932.tif,8618927.63852481,3337658.072307386
8619347_3336932.tif,8619233.386637907,3337658.072307386
8619347_3336932.tif,8619539.134751005,3337658.072307386
8619347_3336932.tif,8619844.882864103,3337658.072307386
8619347_3336932.tif,8620150.630977202,3337658.072307386
8619347_3336932.tif,8620456.3790903,3337658.072307386
8619347_3336932.tif,8620685.690175124,3337658.072307386
8619347_3336932.tif,8618010.394185515,3337352.3241942874
8619347_3336932.tif,8618316.142298613,3337352.3241942874
8619347_3336932.tif,8618621.890411712,3337352.3241942874
8619347_3336932.tif,8618927.63852481,3337352.3241942874
8619347_3336932.tif,8619233.386637907,3337352.3241942874
8619347_3336932.tif,8619539.134751005,3337352.3241942874
8619347_3336932.tif,8619844.882864103,3337352.3241942874
8619347_3336932.tif,8620150.630977202,3337352.3241942874
8619347_3336932.tif,8620456.3790903,3337352.3241942874
8619347_3336932.tif,8620685.690175124,3337352.3241942874
8619347_3336932.tif,8618010.394185515,3337046.5760811893
8619347_3336932.tif,8618316.142298613,3337046.5760811893
8619347_3336932.tif,8618621.890411712,3337046.5760811893
8619347_3336932.tif,8618927.63852481,3337046.5760811893
8619347_3336932.tif,8619233.386637907,3337046.5760811893
8619347_3336932.tif,8619539.134751005,3337046.5760811893
8619347_3336932.tif,8619844.882864103,3337046.5760811893
8619347_3336932.tif,8620150.630977202,3337046.5760811893
8619347_3336932.tif,8620456.3790903,3337046.5760811893
8619347_3336932.tif,8620685.690175124,3337046.5760811893
8619347_3336932.tif,8618010.394185515,3336740.8279680912
8619347_3336932.tif,8618316.142298613,3336740.8279680912
8619347_3336932.tif,8618621.890411712,3336740.8279680912
8619347_3336932.tif,8618927.63852481,3336740.8279680912
8619347_3336932.tif,8619233.386637907,3336740.8279680912
8619347_3336932.tif,8619539.134751005,3336740.8279680912
8619347_3336932.tif,8619844.882864103,3336740.8279680912
8619347_3336932.tif,8620150.630977202,3336740.8279680912
8619347_3336932.tif,8620456.3790903,3336740.8279680912
8619347_3336932.tif,8620685.690175124,3336740.8279680912
8619347_3336932.tif,8618010.394185515,3336435.079854993
8619347_3336932.tif,8618316.142298613,3336435.079854993
8619347_3336932.tif,8618621.890411712,3336435.079854993
8619347_3336932.tif,8618927.63852481,3336435.079854993
8619347_3336932.tif,8619233.386637907,3336435.079854993
8619347_3336932.tif,8619539.134751005,3336435.079854993
8619347_3336932.tif,8619844.882864103,3336435.079854993
8619347_3336932.tif,8620150.630977202,3336435.079854993
8619347_3336932.tif,8620456.3790903,3336435.079854993
8619347_3336932.tif,8620685.690175124,3336435.079854993
8619347_3336932.tif,8618010.394185515,3336129.331741895
8619347_3336932.tif,8618316.142298613,3336129.331741895
8619347_3336932.tif,8618621.890411712,3336129.331741895
8619347_3336932.tif,8618927.63852481,3336129.331741895
8619347_3336932.tif,8619233.386637907,3336129.331741895
8619347_3336932.tif,8619539.134751005,3336129.331741895
8619347_3336932.tif,8619844.882864103,3336129.331741895
8619347_3336932.tif,8620150.630977202,3336129.331741895
8619347_3336932.tif,8620456.3790903,3336129.331741895
8619347_3336932.tif,8620685.690175124,3336129.331741895
8619347_3336932.tif,8618010.394185515,3335823.5836287965
8619347_3336932.tif,8618316.142298613,3335823.5836287965
8619347_3336932.tif,8618621.890411712,3335823.5836287965
8619347_3336932.tif,8618927.63852481,3335823.5836287965
8619347_3336932.tif,8619233.386637907,3335823.5836287965
8619347_3336932.tif,8619539.134751005,3335823.5836287965
8619347_3336932.tif,8619844.882864103,3335823.5836287965
8619347_3336932.tif,8620150.630977202,3335823.5836287965
8619347_3336932.tif,8620456.3790903,3335823.5836287965
8619347_3336932.tif,8620685.690175124,3335823.5836287965
8619347_3336932.tif,8618010.394185515,3335594.272543973
8619347_3336932.tif,8618316.142298613,3335594.272543973
8619347_3336932.tif,8618621.890411712,3335594.272543973
8619347_3336932.tif,8618927.63852481,3335594.272543973
8619347_3336932.tif,8619233.386637907,3335594.272543973
8619347_3336932.tif,8619539.134751005,3335594.272543973
8619347_3336932.tif,8619844.882864103,3335594.272543973
8619347_3336932.tif,8620150.630977202,3335594.272543973
8619347_3336932.tif,8620456.3790903,3335594.272543973
8619347_3336932.tif,8620685.690175124,3335594.272543973
8619347_3339684.tif,8618010.394185515,3341021.301551464
8619347_3339684.tif,8618316.142298613,3341021.301551464
8619347_3339684.tif,8618621.890411712,3341021.301551464
8619347_3339684.tif,8618927.63852481,3341021.301551464
8619347_3339684.tif,8619233.386637907,3341021.301551464
8619347_3339684.tif,8619539.134751005,3341021.301551464
8619347_3339684.tif,8619844.882864103,3341021.301551464
8619347_3339684.tif,8620150.630977202,3341021.301551464
8619347_3339684.tif,8620456.3790903,3341021.301551464
8619347_3339684.tif,8620685.690175124,3341021.301551464
8619347_3339684.tif,8618010.394185515,3340715.5534383664
8619347_3339684.tif,8618316.142298613,3340715.5534383664
8619347_3339684.tif,8618621.890411712,3340715.5534383664
8619347_3339684.tif,8618927.63852481,3340715.5534383664
8619347_3339684.tif,8619233.386637907,3340715.5534383664
8619347_3339684.tif,8619539.134751005,3340715.5534383664
8619347_3339684.tif,8619844.882864103,3340715.5534383664
8619347_3339684.tif,8620150.630977202,3340715.5534383664
8619347_3339684.tif,8620456.3790903,3340715.5534383664
8619347_3339684.tif,8620685.690175124,3340715.5534383664
8619347_3339684.tif,8618010.394185515,3340409.805325268
8619347_3339684.tif,8618316.142298613,3340409.805325268
8619347_3339684.tif,8618621.890411712,3340409.805325268
8619347_3339684.tif,8618927.63852481,3340409.805325268
8619347_3339684.tif,8619233.386637907,3340409.805325268
8619347_3339684.tif,8619539.134751005,3340409.805325268
8619347_3339684.tif,8619844.882864103,3340409.805325268
8619347_3339684.tif,8620150.630977202,3340409.805325268
8619347_3339684.tif,8620456.3790903,3340409.805325268
8619347_3339684.tif,8620685.690175124,3340409.805325268
8619347_3339684.tif,8618010.394185515,3340104.05721217
8619347_3339684.tif,8618316.142298613,3340104.05721217
8619347_3339684.tif,8618621.890411712,3340104.05721217
8619347_3339684.tif,8618927.63852481,3340104.05721217
8619347_3339684.tif,8619233.386637907,3340104.05721217
8619347_3339684.tif,8619539.134751005,3340104.05721217
8619347_3339684.tif,8619844.882864103,3340104.05721217
8619347_3339684.tif,8620150.630977202,3340104.05721217
8619347_3339684.tif,8620456.3790903,3340104.05721217
8619347_3339684.tif,8620685.690175124,3340104.05721217
8619347_3339684.tif,8618010.394185515,3339798.3090990726
8619347_3339684.tif,8618316.142298613,3339798.3090990726
8619347_3339684.tif,8618621.890411712,3339798.3090990726
8619347_3339684.tif,8618927.63852481,3339798.3090990726
8619347_3339684.tif,8619233.386637907,3339798.3090990726
8619347_3339684.tif,8619539.134751005,3339798.3090990726
8619347_3339684.tif,8619844.882864103,3339798.3090990726
8619347_3339684.tif,8620150.630977202,3339798.3090990726
8619347_3339684.tif,8620456.3790903,3339798.3090990726
8619347_3339684.tif,8620685.690175124,3339798.3090990726
8619347_3339684.tif,8618010.394185515,3339492.560985975
8619347_3339684.tif,8618316.142298613,3339492.560985975
8619347_3339684.tif,8618621.890411712,3339492.560985975
8619347_3339684.tif,8618927.63852481,3339492.560985975
8619347_3339684.tif,8619233.386637907,3339492.560985975
8619347_3339684.tif,8619539.134751005,3339492.560985975
8619347_3339684.tif,8619844.882864103,3339492.560985975
8619347_3339684.tif,8620150.630977202,3339492.560985975
8619347_3339684.tif,8620456.3790903,3339492.560985975
8619347_3339684.tif,8620685.690175124,3339492.560985975
8619347_3339684.tif,8618010.394185515,3339186.8128728773
8619347_3339684.tif,8618316.142298613,3339186.8128728773
8619347_3339684.tif,8618621.890411712,3339186.8128728773
8619347_3339684.tif,8618927.63852481,3339186.8128728773
8619347_3339684.tif,8619233.386637907,3339186.8128728773
8619347_3339684.tif,8619539.134751005,3339186.8128728773
8619347_3339684.tif,8619844.882864103,3339186.8128728773
8619347_3339684.tif,8620150.630977202,3339186.8128728773
8619347_3339684.tif,8620456.3790903,3339186.8128728773
8619347_3339684.tif,8620685.690175124,3339186.8128728773
8619347_3339684.tif,8618010.394185515,3338881.064759779
8619347_3339684.tif,8618316.142298613,3338881.064759779
8619347_3339684.tif,8618621.890411712,3338881.064759779
8619347_3339684.tif,8618927.63852481,3338881.064759779
8619347_3339684.tif,8619233.386637907,3338881.064759779
8619347_3339684.tif,8619539.134751005,3338881.064759779
8619347_3339684.tif,8619844.882864103,3338881.064759779
8619347_3339684.tif,8620150.630977202,3338881.064759779
8619347_3339684.tif,8620456.3790903,3338881.064759779
8619347_3339684.tif,8620685.690175124,3338881.064759779
8619347_3339684.tif,8618010.394185515,3338575.316646681
8619347_3339684.tif,8618316.142298613,3338575.316646681
8619347_3339684.tif,8618621.890411712,3338575.316646681
8619347_3339684.tif,8618927.63852481,3338575.316646681
8619347_3339684.tif,8619233.386637907,3338575.316646681
8619347_3339684.tif,8619539.134751005,3338575.316646681
8619347_3339684.tif,8619844.882864103,3338575.316646681
8619347_3339684.tif,8620150.630977202,3338575.316646681
8619347_3339684.tif,8620456.3790903,3338575.316646681
8619347_3339684.tif,8620685.690175124,3338575.316646681
8619347_3339684.tif,8618010.394185515,3338346.005561858
8619347_3339684.tif,8618316.142298613,3338346.005561858
8619347_3339684.tif,8618621.890411712,3338346.005561858
8619347_3339684.tif,8618927.63852481,3338346.005561858
8619347_3339684.tif,8619233.386637907,3338346.005561858
8619347_3339684.tif,8619539.134751005,3338346.005561858
8619347_3339684.tif,8619844.882864103,3338346.005561858
8619347_3339684.tif,8620150.630977202,3338346.005561858
8619347_3339684.tif,8620456.3790903,3338346.005561858
8619347_3339684.tif,8620685.690175124,3338346.005561858
8619347_3342435.tif,8618010.394185515,3343773.0345693445
8619347_3342435.tif,8618316.142298613,3343773.0345693445
8619347_3342435.tif,8618621.890411712,3343773.0345693445
8619347_3342435.tif,8618927.63852481,3343773.0345693445
8619347_3342435.tif,8619233.386637907,3343773.0345693445
8619347_3342435.tif,8619539.134751005,3343773.0345693445
8619347_3342435.tif,8619844.882864103,3343773.0345693445
8619347_3342435.tif,8620150.630977202,3343773.0345693445
8619347_3342435.tif,8620456.3790903,3343773.0345693445
8619347_3342435.tif,8620685.690175124,3343773.0345693445
8619347_3342435.tif,8618010.394185515,3343467.286456247
8619347_3342435.tif,8618316.142298613,3343467.286456247
8619347_3342435.tif,8618621.890411712,3343467.286456247
8619347_3342435.tif,8618927.63852481,3343467.286456247
8619347_3342435.tif,8619233.386637907,3343467.286456247
8619347_3342435.tif,8619539.134751005,3343467.286456247
8619347_3342435.tif,8619844.882864103,3343467.286456247
8619347_3342435.tif,8620150.630977202,3343467.286456247
8619347_3342435.tif,8620456.3790903,3343467.286456247
8619347_3342435.tif,8620685.690175124,3343467.286456247
8619347_3342435.tif,8618010.394185515,3343161.5383431483
8619347_3342435.tif,8618316.142298613,3343161.5383431483
8619347_3342435.tif,8618621.890411712,3343161.5383431483
8619347_3342435.tif,8618927.63852481,3343161.5383431483
8619347_3342435.tif,8619233.386637907,3343161.5383431483
8619347_3342435.tif,8619539.134751005,3343161.5383431483
8619347_3342435.tif,8619844.882864103,3343161.5383431483
8619347_3342435.tif,8620150.630977202,3343161.5383431483
8619347_3342435.tif,8620456.3790903,3343161.5383431483
8619347_3342435.tif,8620685.690175124,3343161.5383431483
8619347_3342435.tif,8618010.394185515,3342855.7902300507
8619347_3342435.tif,8618316.142298613,3342855.7902300507
8619347_3342435.tif,8618621.890411712,3342855.7902300507
8619347_3342435.tif,8618927.63852481,3342855.7902300507
8619347_3342435.tif,8619233.386637907,3342855.7902300507
8619347_3342435.tif,8619539.134751005,3342855.7902300507
8619347_3342435.tif,8619844.882864103,3342855.7902300507
8619347_3342435.tif,8620150.630977202,3342855.7902300507
8619347_3342435.tif,8620456.3790903,3342855.7902300507
8619347_3342435.tif,8620685.690175124,3342855.7902300507
8619347_3342435.tif,8618010.394185515,3342550.0421169526
8619347_3342435.tif,8618316.142298613,3342550.0421169526
8619347_3342435.tif,8618621.890411712,3342550.0421169526
8619347_3342435.tif,8618927.63852481,3342550.0421169526
8619347_3342435.tif,8619233.386637907,3342550.0421169526
8619347_3342435.tif,8619539.134751005,3342550.0421169526
8619347_3342435.tif,8619844.882864103,3342550.0421169526
8619347_3342435.tif,8620150.630977202,3342550.0421169526
8619347_3342435.tif,8620456.3790903,3342550.0421169526
8619347_3342435.tif,8620685.690175124,3342550.0421169526
8619347_3342435.tif,8618010.394185515,3342244.2940038545
8619347_3342435.tif,8618316.142298613,3342244.2940038545
8619347_3342435.tif,8618621.890411712,3342244.2940038545
8619347_3342435.tif,8618927.63852481,3342244.2940038545
8619347_3342435.tif,8619233.386637907,3342244.2940038545
8619347_3342435.tif,8619539.134751005,3342244.2940038545
8619347_3342435.tif,8619844.882864103,3342244.2940038545
8619347_3342435.tif,8620150.630977202,3342244.2940038545
8619347_3342435.tif,8620456.3790903,3342244.2940038545
8619347_3342435.tif,8620685.690175124,3342244.2940038545
8619347_3342435.tif,8618010.394185515,3341938.545890757
8619347_3342435.tif,8618316.142298613,3341938.545890757
8619347_3342435.tif,8618621.890411712,3341938.545890757
8619347_3342435.tif,8618927.63852481,3341938.545890757
8619347_3342435.tif,8619233.386637907,3341938.545890757
8619347_3342435.tif,8619539.134751005,3341938.545890757
8619347_3342435.tif,8619844.882864103,3341938.545890757
8619347_3342435.tif,8620150.630977202,3341938.545890757
8619347_3342435.tif,8620456.3790903,3341938.545890757
8619347_3342435.tif,8620685.690175124,3341938.545890757
8619347_3342435.tif,8618010.394185515,3341632.7977776583
8619347_3342435.tif,8618316.142298613,3341632.7977776583
8619347_3342435.tif,8618621.890411712,3341632.7977776583
8619347_3342435.tif,8618927.63852481,3341632.7977776583
8619347_3342435.tif,8619233.386637907,3341632.7977776583
8619347_3342435.tif,8619539.134751005,3341632.7977776583
8619347_3342435.tif,8619844.882864103,3341632.7977776583
8619347_3342435.tif,8620150.630977202,3341632.7977776583
8619347_3342435.tif,8620456.3790903,3341632.7977776583
8619347_3342435.tif,8620685.690175124,3341632.7977776583
8619347_3342435.tif,8618010.394185515,3341327.0496645607
8619347_3342435.tif,8618316.142298613,3341327.0496645607
8619347_3342435.tif,8618621.890411712,3341327.0496645607
8619347_3342435.tif,8618927.63852481,3341327.0496645607
8619347_3342435.tif,8619233.386637907,3341327.0496645607
8619347_3342435.tif,8619539.134751005,3341327.0496645607
8619347_3342435.tif,8619844.882864103,3341327.0496645607
8619347_3342435.tif,8620150.630977202,3341327.0496645607
8619347_3342435.tif,8620456.3790903,3341327.0496645607
8619347_3342435.tif,8620685.690175124,3341327.0496645607
8619347_3342435.tif,8618010.394185515,3341097.738579737
8619347_3342435.tif,8618316.142298613,3341097.738579737
8619347_3342435.tif,8618621.890411712,3341097.738579737
8619347_3342435.tif,8618927.63852481,3341097.738579737
8619347_3342435.tif,8619233.386637907,3341097.738579737
8619347_3342435.tif,8619539.134751005,3341097.738579737
8619347_3342435.tif,8619844.882864103,3341097.738579737
8619347_3342435.tif,8620150.630977202,3341097.738579737
8619347_3342435.tif,8620456.3790903,3341097.738579737
8619347_3342435.tif,8620685.690175124,3341097.738579737
8619347_3345187.tif,8618010.394185515,3346524.767587914
8619347_3345187.tif,8618316.142298613,3346524.767587914
8619347_3345187.tif,8618621.890411712,3346524.767587914
8619347_3345187.tif,8618927.63852481,3346524.767587914
8619347_3345187.tif,8619233.386637907,3346524.767587914
8619347_3345187.tif,8619539.134751005,3346524.767587914
8619347_3345187.tif,8619844.882864103,3346524.767587914
8619347_3345187.tif,8620150.630977202,3346524.767587914
8619347_3345187.tif,8620456.3790903,3346524.767587914
8619347_3345187.tif,8620685.690175124,3346524.767587914
8619347_3345187.tif,8618010.394185515,3346219.0194747425
8619347_3345187.tif,8618316.142298613,3346219.0194747425
8619347_3345187.tif,8618621.890411712,3346219.0194747425
8619347_3345187.tif,8618927.63852481,3346219.0194747425
8619347_3345187.tif,8619233.386637907,3346219.0194747425
8619347_3345187.tif,8619539.134751005,3346219.0194747425
8619347_3345187.tif,8619844.882864103,3346219.0194747425
8619347_3345187.tif,8620150.630977202,3346219.0194747425
8619347_3345187.tif,8620456.3790903,3346219.0194747425
8619347_3345187.tif,8620685.690175124,3346219.0194747425
8619347_3345187.tif,8618010.394185515,3345913.271361571
8619347_3345187.tif,8618316.142298613,3345913.271361571
8619347_3345187.tif,8618621.890411712,3345913.271361571
8619347_3345187.tif,8618927.63852481,3345913.271361571
8619347_3345187.tif,8619233.386637907,3345913.271361571
8619347_3345187.tif,8619539.134751005,3345913.271361571
8619347_3345187.tif,8619844.882864103,3345913.271361571
8619347_3345187.tif,8620150.630977202,3345913.271361571
8619347_3345187.tif,8620456.3790903,3345913.271361571
8619347_3345187.tif,8620685.690175124,3345913.271361571
8619347_3345187.tif,8618010.394185515,3345607.5232483996
8619347_3345187.tif,8618316.142298613,3345607.5232483996
8619347_3345187.tif,8618621.890411712,3345607.5232483996
8619347_3345187.tif,8618927.63852481,3345607.5232483996
8619347_3345187.tif,8619233.386637907,3345607.5232483996
8619347_3345187.tif,8619539.134751005,3345607.5232483996
8619347_3345187.tif,8619844.882864103,3345607.5232483996
8619347_3345187.tif,8620150.630977202,3345607.5232483996
8619347_3345187.tif,8620456.3790903,3345607.5232483996
8619347_3345187.tif,8620685.690175124,3345607.5232483996
8619347_3345187.tif,8618010.394185515,3345301.7751352284
8619347_3345187.tif,8618316.142298613,3345301.7751352284
8619347_3345187.tif,8618621.890411712,3345301.7751352284
8619347_3345187.tif,8618927.63852481,3345301.7751352284
8619347_3345187.tif,8619233.386637907,3345301.7751352284
8619347_3345187.tif,8619539.134751005,3345301.7751352284
8619347_3345187.tif,8619844.882864103,3345301.7751352284
8619347_3345187.tif,8620150.630977202,3345301.7751352284
8619347_3345187.tif,8620456.3790903,3345301.7751352284
8619347_3345187.tif,8620685.690175124,3345301.7751352284
8619347_3345187.tif,8618010.394185515,3344996.027022057
8619347_3345187.tif,8618316.142298613,3344996.027022057
8619347_3345187.tif,8618621.890411712,3344996.027022057
8619347_3345187.tif,8618927.63852481,3344996.027022057
8619347_3345187.tif,8619233.386637907,3344996.027022057
8619347_3345187.tif,8619539.134751005,3344996.027022057
8619347_3345187.tif,8619844.882864103,3344996.027022057
8619347_3345187.tif,8620150.630977202,3344996.027022057
8619347_3345187.tif,8620456.3790903,3344996.027022057
8619347_3345187.tif,8620685.690175124,3344996.027022057
8619347_3345187.tif,8618010.394185515,3344690.2789088855
8619347_3345187.tif,8618316.142298613,3344690.2789088855
8619347_3345187.tif,8618621.890411712,3344690.2789088855
8619347_3345187.tif,8618927.63852481,3344690.2789088855
8619347_3345187.tif,8619233.386637907,3344690.2789088855
8619347_3345187.tif,8619539.134751005,3344690.2789088855
8619347_3345187.tif,8619844.882864103,3344690.2789088855
8619347_3345187.tif,8620150.630977202,3344690.2789088855
8619347_3345187.tif,8620456.3790903,3344690.2789088855
8619347_3345187.tif,8620685.690175124,3344690.2789088855
8619347_3345187.tif,8618010.394185515,3344384.530795714
8619347_3345187.tif,8618316.142298613,3344384.530795714
8619347_3345187.tif,8618621.890411712,3344384.530795714
8619347_3345187.tif,8618927.63852481,3344384.530795714
8619347_3345187.tif,8619233.386637907,3344384.530795714
8619347_3345187.tif,8619539.134751005,3344384.530795714
8619347_3345187.tif,8619844.882864103,3344384.530795714
8619347_3345187.tif,8620150.630977202,3344384.530795714
8619347_3345187.tif,8620456.3790903,3344384.530795714
8619347_3345187.tif,8620685.690175124,3344384.530795714
8619347_3345187.tif,8618010.394185515,3344078.7826825427
8619347_3345187.tif,8618316.142298613,3344078.7826825427
8619347_3345187.tif,8618621.890411712,3344078.7826825427
8619347_3345187.tif,8618927.63852481,3344078.7826825427
8619347_3345187.tif,8619233.386637907,3344078.7826825427
8619347_3345187.tif,8619539.134751005,3344078.7826825427
8619347_3345187.tif,8619844.882864103,3344078.7826825427
8619347_3345187.tif,8620150.630977202,3344078.7826825427
8619347_3345187.tif,8620456.3790903,3344078.7826825427
8619347_3345187.tif,8620685.690175124,3344078.7826825427
8619347_3345187.tif,8618010.394185515,3343849.471597664
8619347_3345187.tif,8618316.142298613,3343849.471597664
8619347_3345187.tif,8618621.890411712,3343849.471597664
8619347_3345187.tif,8618927.63852481,3343849.471597664
8619347_3345187.tif,8619233.386637907,3343849.471597664
8619347_3345187.tif,8619539.134751005,3343849.471597664
8619347_3345187.tif,8619844.882864103,3343849.471597664
8619347_3345187.tif,8620150.630977202,3343849.471597664
8619347_3345187.tif,8620456.3790903,3343849.471597664
8619347_3345187.tif,8620685.690175124,3343849.471597664
8619347_3347939.tif,8618010.394185515,3349276.500605842
8619347_3347939.tif,8618316.142298613,3349276.500605842
8619347_3347939.tif,8618621.890411712,3349276.500605842
8619347_3347939.tif,8618927.63852481,3349276.500605842
8619347_3347939.tif,8619233.386637907,3349276.500605842
8619347_3347939.tif,8619539.134751005,3349276.500605842
8619347_3347939.tif,8619844.882864103,3349276.500605842
8619347_3347939.tif,8620150.630977202,3349276.500605842
8619347_3347939.tif,8620456.3790903,3349276.500605842
8619347_3347939.tif,8620685.690175124,3349276.500605842
8619347_3347939.tif,8618010.394185515,3348970.752492744
8619347_3347939.tif,8618316.142298613,3348970.752492744
8619347_3347939.tif,8618621.890411712,3348970.752492744
8619347_3347939.tif,8618927.63852481,3348970.752492744
8619347_3347939.tif,8619233.386637907,3348970.752492744
8619347_3347939.tif,8619539.134751005,3348970.752492744
8619347_3347939.tif,8619844.882864103,3348970.752492744
8619347_3347939.tif,8620150.630977202,3348970.752492744
8619347_3347939.tif,8620456.3790903,3348970.752492744
8619347_3347939.tif,8620685.690175124,3348970.752492744
8619347_3347939.tif,8618010.394185515,3348665.004379646
8619347_3347939.tif,8618316.142298613,3348665.004379646
8619347_3347939.tif,8618621.890411712,3348665.004379646
8619347_3347939.tif,8618927.63852481,3348665.004379646
8619347_3347939.tif,8619233.386637907,3348665.004379646
8619347_3347939.tif,8619539.134751005,3348665.004379646
8619347_3347939.tif,8619844.882864103,3348665.004379646
8619347_3347939.tif,8620150.630977202,3348665.004379646
8619347_3347939.tif,8620456.3790903,3348665.004379646
8619347_3347939.tif,8620685.690175124,3348665.004379646
8619347_3347939.tif,8618010.394185515,3348359.2562665483
8619347_3347939.tif,8618316.142298613,3348359.2562665483
8619347_3347939.tif,8618621.890411712,3348359.2562665483
8619347_3347939.tif,8618927.63852481,3348359.2562665483
8619347_3347939.tif,8619233.386637907,3348359.2562665483
8619347_3347939.tif,8619539.134751005,3348359.2562665483
8619347_3347939.tif,8619844.882864103,3348359.2562665483
8619347_3347939.tif,8620150.630977202,3348359.2562665483
8619347_3347939.tif,8620456.3790903,3348359.2562665483
8619347_3347939.tif,8620685.690175124,3348359.2562665483
8619347_3347939.tif,8618010.394185515,3348053.5081534497
8619347_3347939.tif,8618316.142298613,3348053.5081534497
8619347_3347939.tif,8618621.890411712,3348053.5081534497
8619347_3347939.tif,8618927.63852481,3348053.5081534497
8619347_3347939.tif,8619233.386637907,3348053.5081534497
8619347_3347939.tif,8619539.134751005,3348053.5081534497
8619347_3347939.tif,8619844.882864103,3348053.5081534497
8619347_3347939.tif,8620150.630977202,3348053.5081534497
8619347_3347939.tif,8620456.3790903,3348053.5081534497
8619347_3347939.tif,8620685.690175124,3348053.5081534497
8619347_3347939.tif,8618010.394185515,3347747.760040352
8619347_3347939.tif,8618316.142298613,3347747.760040352
8619347_3347939.tif,8618621.890411712,3347747.760040352
8619347_3347939.tif,8618927.63852481,3347747.760040352
8619347_3347939.tif,8619233.386637907,3347747.760040352
8619347_3347939.tif,8619539.134751005,3347747.760040352
8619347_3347939.tif,8619844.882864103,3347747.760040352
8619347_3347939.tif,8620150.630977202,3347747.760040352
8619347_3347939.tif,8620456.3790903,3347747.760040352
8619347_3347939.tif,8620685.690175124,3347747.760040352
8619347_3347939.tif,8618010.394185515,3347442.011927254
8619347_3347939.tif,8618316.142298613,3347442.011927254
8619347_3347939.tif,8618621.890411712,3347442.011927254
8619347_3347939.tif,8618927.63852481,3347442.011927254
8619347_3347939.tif,8619233.386637907,3347442.011927254
8619347_3347939.tif,8619539.134751005,3347442.011927254
8619347_3347939.tif,8619844.882864103,3347442.011927254
8619347_3347939.tif,8620150.630977202,3347442.011927254
8619347_3347939.tif,8620456.3790903,3347442.011927254
8619347_3347939.tif,8620685.690175124,3347442.011927254
8619347_3347939.tif,8618010.394185515,3347136.263814156
8619347_3347939.tif,8618316.142298613,3347136.263814156
8619347_3347939.tif,8618621.890411712,3347136.263814156
8619347_3347939.tif,8618927.63852481,3347136.263814156
8619347_3347939.tif,8619233.386637907,3347136.263814156
8619347_3347939.tif,8619539.134751005,3347136.263814156
8619347_3347939.tif,8619844.882864103,3347136.263814156
8619347_3347939.tif,8620150.630977202,3347136.263814156
8619347_3347939.tif,8620456.3790903,3347136.263814156
8619347_3347939.tif,8620685.690175124,3347136.263814156
8619347_3347939.tif,8618010.394185515,3346830.515701058
8619347_3347939.tif,8618316.142298613,3346830.515701058
8619347_3347939.tif,8618621.890411712,3346830.515701058
8619347_3347939.tif,8618927.63852481,3346830.515701058
8619347_3347939.tif,8619233.386637907,3346830.515701058
8619347_3347939.tif,8619539.134751005,3346830.515701058
8619347_3347939.tif,8619844.882864103,3346830.515701058
8619347_3347939.tif,8620150.630977202,3346830.515701058
8619347_3347939.tif,8620456.3790903,3346830.515701058
8619347_3347939.tif,8620685.690175124,3346830.515701058
8619347_3347939.tif,8618010.394185515,3346601.204616234
8619347_3347939.tif,8618316.142298613,3346601.204616234
8619347_3347939.tif,8618621.890411712,3346601.204616234
8619347_3347939.tif,8618927.63852481,3346601.204616234
8619347_3347939.tif,8619233.386637907,3346601.204616234
8619347_3347939.tif,8619539.134751005,3346601.204616234
8619347_3347939.tif,8619844.882864103,3346601.204616234
8619347_3347939.tif,8620150.630977202,3346601.204616234
8619347_3347939.tif,8620456.3790903,3346601.204616234
8619347_3347939.tif,8620685.690175124,3346601.204616234
8619347_3350691.tif,8618010.394185515,3352028.23362372
8619347_3350691.tif,8618316.142298613,3352028.23362372
8619347_3350691.tif,8618621.890411712,3352028.23362372
8619347_3350691.tif,8618927.63852481,3352028.23362372
8619347_3350691.tif,8619233.386637907,3352028.23362372
8619347_3350691.tif,8619539.134751005,3352028.23362372
8619347_3350691.tif,8619844.882864103,3352028.23362372
8619347_3350691.tif,8620150.630977202,3352028.23362372
8619347_3350691.tif,8620456.3790903,3352028.23362372
8619347_3350691.tif,8620685.690175124,3352028.23362372
8619347_3350691.tif,8618010.394185515,3351722.485510622
8619347_3350691.tif,8618316.142298613,3351722.485510622
8619347_3350691.tif,8618621.890411712,3351722.485510622
8619347_3350691.tif,8618927.63852481,3351722.485510622
8619347_3350691.tif,8619233.386637907,3351722.485510622
8619347_3350691.tif,8619539.134751005,3351722.485510622
8619347_3350691.tif,8619844.882864103,3351722.485510622
8619347_3350691.tif,8620150.630977202,3351722.485510622
8619347_3350691.tif,8620456.3790903,3351722.485510622
8619347_3350691.tif,8620685.690175124,3351722.485510622
8619347_3350691.tif,8618010.394185515,3351416.7373975245
8619347_3350691.tif,8618316.142298613,3351416.7373975245
8619347_3350691.tif,8618621.890411712,3351416.7373975245
8619347_3350691.tif,8618927.63852481,3351416.7373975245
8619347_3350691.tif,8619233.386637907,3351416.7373975245
8619347_3350691.tif,8619539.134751005,3351416.7373975245
8619347_3350691.tif,8619844.882864103,3351416.7373975245
8619347_3350691.tif,8620150.630977202,3351416.7373975245
8619347_3350691.tif,8620456.3790903,3351416.7373975245
8619347_3350691.tif,8620685.690175124,3351416.7373975245
8619347_3350691.tif,8618010.394185515,3351110.9892844264
8619347_3350691.tif,8618316.142298613,3351110.9892844264
8619347_3350691.tif,8618621.890411712,3351110.9892844264
8619347_3350691.tif,8618927.63852481,3351110.9892844264
8619347_3350691.tif,8619233.386637907,3351110.9892844264
8619347_3350691.tif,8619539.134751005,3351110.9892844264
8619347_3350691.tif,8619844.882864103,3351110.9892844264
8619347_3350691.tif,8620150.630977202,3351110.9892844264
8619347_3350691.tif,8620456.3790903,3351110.9892844264
8619347_3350691.tif,8620685.690175124,3351110.9892844264
8619347_3350691.tif,8618010.394185515,3350805.2411713284
8619347_3350691.tif,8618316.142298613,3350805.2411713284
8619347_3350691.tif,8618621.890411712,3350805.2411713284
8619347_3350691.tif,8618927.63852481,3350805.2411713284
8619347_3350691.tif,8619233.386637907,3350805.2411713284
8619347_3350691.tif,8619539.134751005,3350805.2411713284
8619347_3350691.tif,8619844.882864103,3350805.2411713284
8619347_3350691.tif,8620150.630977202,3350805.2411713284
8619347_3350691.tif,8620456.3790903,3350805.2411713284
8619347_3350691.tif,8620685.690175124,3350805.2411713284
8619347_3350691.tif,8618010.394185515,3350499.4930582307
8619347_3350691.tif,8618316.142298613,3350499.4930582307
8619347_3350691.tif,8618621.890411712,3350499.4930582307
8619347_3350691.tif,8618927.63852481,3350499.4930582307
8619347_3350691.tif,8619233.386637907,3350499.4930582307
8619347_3350691.tif,8619539.134751005,3350499.4930582307
8619347_3350691.tif,8619844.882864103,3350499.4930582307
8619347_3350691.tif,8620150.630977202,3350499.4930582307
8619347_3350691.tif,8620456.3790903,3350499.4930582307
8619347_3350691.tif,8620685.690175124,3350499.4930582307
8619347_3350691.tif,8618010.394185515,3350193.744945133
8619347_3350691.tif,8618316.142298613,3350193.744945133
8619347_3350691.tif,8618621.890411712,3350193.744945133
8619347_3350691.tif,8618927.63852481,3350193.744945133
8619347_3350691.tif,8619233.386637907,3350193.744945133
8619347_3350691.tif,8619539.134751005,3350193.744945133
8619347_3350691.tif,8619844.882864103,3350193.744945133
8619347_3350691.tif,8620150.630977202,3350193.744945133
8619347_3350691.tif,8620456.3790903,3350193.744945133
8619347_3350691.tif,8620685.690175124,3350193.744945133
8619347_3350691.tif,8618010.394185515,3349887.9968320355
8619347_3350691.tif,8618316.142298613,3349887.9968320355
8619347_3350691.tif,8618621.890411712,3349887.9968320355
8619347_3350691.tif,8618927.63852481,3349887.9968320355
8619347_3350691.tif,8619233.386637907,3349887.9968320355
8619347_3350691.tif,8619539.134751005,3349887.9968320355
8619347_3350691.tif,8619844.882864103,3349887.9968320355
8619347_3350691.tif,8620150.630977202,3349887.9968320355
8619347_3350691.tif,8620456.3790903,3349887.9968320355
8619347_3350691.tif,8620685.690175124,3349887.9968320355
8619347_3350691.tif,8618010.394185515,3349582.248718938
8619347_3350691.tif,8618316.142298613,3349582.248718938
8619347_3350691.tif,8618621.890411712,3349582.248718938
8619347_3350691.tif,8618927.63852481,3349582.248718938
8619347_3350691.tif,8619233.386637907,3349582.248718938
8619347_3350691.tif,8619539.134751005,3349582.248718938
8619347_3350691.tif,8619844.882864103,3349582.248718938
8619347_3350691.tif,8620150.630977202,3349582.248718938
8619347_3350691.tif,8620456.3790903,3349582.248718938
8619347_3350691.tif,8620685.690175124,3349582.248718938
8619347_3350691.tif,8618010.394185515,3349352.937634114
8619347_3350691.tif,8618316.142298613,3349352.937634114
8619347_3350691.tif,8618621.890411712,3349352.937634114
8619347_3350691.tif,8618927.63852481,3349352.937634114
8619347_3350691.tif,8619233.386637907,3349352.937634114
8619347_3350691.tif,8619539.134751005,3349352.937634114
8619347_3350691.tif,8619844.882864103,3349352.937634114
8619347_3350691.tif,8620150.630977202,3349352.937634114
8619347_3350691.tif,8620456.3790903,3349352.937634114
8619347_3350691.tif,8620685.690175124,3349352.937634114
8619347_3353442.tif,8618010.394185515,3354779.966641602
8619347_3353442.tif,8618316.142298613,3354779.966641602
8619347_3353442.tif,8618621.890411712,3354779.966641602
8619347_3353442.tif,8618927.63852481,3354779.966641602
8619347_3353442.tif,8619233.386637907,3354779.966641602
8619347_3353442.tif,8619539.134751005,3354779.966641602
8619347_3353442.tif,8619844.882864103,3354779.966641602
8619347_3353442.tif,8620150.630977202,3354779.966641602
8619347_3353442.tif,8620456.3790903,3354779.966641602
8619347_3353442.tif,8620685.690175124,3354779.966641602
8619347_3353442.tif,8618010.394185515,3354474.2185285045
8619347_3353442.tif,8618316.142298613,3354474.2185285045
8619347_3353442.tif,8618621.890411712,3354474.2185285045
8619347_3353442.tif,8618927.63852481,3354474.2185285045
8619347_3353442.tif,8619233.386637907,3354474.2185285045
8619347_3353442.tif,8619539.134751005,3354474.2185285045
8619347_3353442.tif,8619844.882864103,3354474.2185285045
8619347_3353442.tif,8620150.630977202,3354474.2185285045
8619347_3353442.tif,8620456.3790903,3354474.2185285045
8619347_3353442.tif,8620685.690175124,3354474.2185285045
8619347_3353442.tif,8618010.394185515,3354168.470415407
8619347_3353442.tif,8618316.142298613,3354168.470415407
8619347_3353442.tif,8618621.890411712,3354168.470415407
8619347_3353442.tif,8618927.63852481,3354168.470415407
8619347_3353442.tif,8619233.386637907,3354168.470415407
8619347_3353442.tif,8619539.134751005,3354168.470415407
8619347_3353442.tif,8619844.882864103,3354168.470415407
8619347_3353442.tif,8620150.630977202,3354168.470415407
8619347_3353442.tif,8620456.3790903,3354168.470415407
8619347_3353442.tif,8620685.690175124,3354168.470415407
8619347_3353442.tif,8618010.394185515,3353862.7223023083
8619347_3353442.tif,8618316.142298613,3353862.7223023083
8619347_3353442.tif,8618621.890411712,3353862.7223023083
8619347_3353442.tif,8618927.63852481,3353862.7223023083
8619347_3353442.tif,8619233.386637907,3353862.7223023083
8619347_3353442.tif,8619539.134751005,3353862.7223023083
8619347_3353442.tif,8619844.882864103,3353862.7223023083
8619347_3353442.tif,8620150.630977202,3353862.7223023083
8619347_3353442.tif,8620456.3790903,3353862.7223023083
8619347_3353442.tif,8620685.690175124,3353862.7223023083
8619347_3353442.tif,8618010.394185515,3353556.9741892107
8619347_3353442.tif,8618316.142298613,3353556.9741892107
8619347_3353442.tif,8618621.890411712,3353556.9741892107
8619347_3353442.tif,8618927.63852481,3353556.9741892107
8619347_3353442.tif,8619233.386637907,3353556.9741892107
8619347_3353442.tif,8619539.134751005,3353556.9741892107
8619347_3353442.tif,8619844.882864103,3353556.9741892107
8619347_3353442.tif,8620150.630977202,3353556.9741892107
8619347_3353442.tif,8620456.3790903,3353556.9741892107
8619347_3353442.tif,8620685.690175124,3353556.9741892107
8619347_3353442.tif,8618010.394185515,3353251.226076113
8619347_3353442.tif,8618316.142298613,3353251.226076113
8619347_3353442.tif,8618621.890411712,3353251.226076113
8619347_3353442.tif,8618927.63852481,3353251.226076113
8619347_3353442.tif,8619233.386637907,3353251.226076113
8619347_3353442.tif,8619539.134751005,3353251.226076113
8619347_3353442.tif,8619844.882864103,3353251.226076113
8619347_3353442.tif,8620150.630977202,3353251.226076113
8619347_3353442.tif,8620456.3790903,3353251.226076113
8619347_3353442.tif,8620685.690175124,3353251.226076113
8619347_3353442.tif,8618010.394185515,3352945.4779630145
8619347_3353442.tif,8618316.142298613,3352945.4779630145
8619347_3353442.tif,8618621.890411712,3352945.4779630145
8619347_3353442.tif,8618927.63852481,3352945.4779630145
8619347_3353442.tif,8619233.386637907,3352945.4779630145
8619347_3353442.tif,8619539.134751005,3352945.4779630145
8619347_3353442.tif,8619844.882864103,3352945.4779630145
8619347_3353442.tif,8620150.630977202,3352945.4779630145
8619347_3353442.tif,8620456.3790903,3352945.4779630145
8619347_3353442.tif,8620685.690175124,3352945.4779630145
8619347_3353442.tif,8618010.394185515,3352639.729849917
8619347_3353442.tif,8618316.142298613,3352639.729849917
8619347_3353442.tif,8618621.890411712,3352639.729849917
8619347_3353442.tif,8618927.63852481,3352639.729849917
8619347_3353442.tif,8619233.386637907,3352639.729849917
8619347_3353442.tif,8619539.134751005,3352639.729849917
8619347_3353442.tif,8619844.882864103,3352639.729849917
8619347_3353442.tif,8620150.630977202,3352639.729849917
8619347_3353442.tif,8620456.3790903,3352639.729849917
8619347_3353442.tif,8620685.690175124,3352639.729849917
8619347_3353442.tif,8618010.394185515,3352333.9817368193
8619347_3353442.tif,8618316.142298613,3352333.9817368193
8619347_3353442.tif,8618621.890411712,3352333.9817368193
8619347_3353442.tif,8618927.63852481,3352333.9817368193
8619347_3353442.tif,8619233.386637907,3352333.9817368193
8619347_3353442.tif,8619539.134751005,3352333.9817368193
8619347_3353442.tif,8619844.882864103,3352333.9817368193
8619347_3353442.tif,8620150.630977202,3352333.9817368193
8619347_3353442.tif,8620456.3790903,3352333.9817368193
8619347_3353442.tif,8620685.690175124,3352333.9817368193
8619347_3353442.tif,8618010.394185515,3352104.6706519956
8619347_3353442.tif,8618316.142298613,3352104.6706519956
8619347_3353442.tif,8618621.890411712,3352104.6706519956
8619347_3353442.tif,8618927.63852481,3352104.6706519956
8619347_3353442.tif,8619233.386637907,3352104.6706519956
8619347_3353442.tif,8619539.134751005,3352104.6706519956
8619347_3353442.tif,8619844.882864103,3352104.6706519956
8619347_3353442.tif,8620150.630977202,3352104.6706519956
8619347_3353442.tif,8620456.3790903,3352104.6706519956
8619347_3353442.tif,8620685.690175124,3352104.6706519956
8619347_3356194.tif,8618010.394185515,3357531.6996594826
8619347_3356194.tif,8618316.142298613,3357531.6996594826
8619347_3356194.tif,8618621.890411712,3357531.6996594826
8619347_3356194.tif,8618927.63852481,3357531.6996594826
8619347_3356194.tif,8619233.386637907,3357531.6996594826
8619347_3356194.tif,8619539.134751005,3357531.6996594826
8619347_3356194.tif,8619844.882864103,3357531.6996594826
8619347_3356194.tif,8620150.630977202,3357531.6996594826
8619347_3356194.tif,8620456.3790903,3357531.6996594826
8619347_3356194.tif,8620685.690175124,3357531.6996594826
8619347_3356194.tif,8618010.394185515,3357225.951546385
8619347_3356194.tif,8618316.142298613,3357225.951546385
8619347_3356194.tif,8618621.890411712,3357225.951546385
8619347_3356194.tif,8618927.63852481,3357225.951546385
8619347_3356194.tif,8619233.386637907,3357225.951546385
8619347_3356194.tif,8619539.134751005,3357225.951546385
8619347_3356194.tif,8619844.882864103,3357225.951546385
8619347_3356194.tif,8620150.630977202,3357225.951546385
8619347_3356194.tif,8620456.3790903,3357225.951546385
8619347_3356194.tif,8620685.690175124,3357225.951546385
8619347_3356194.tif,8618010.394185515,3356920.2034332873
8619347_3356194.tif,8618316.142298613,3356920.2034332873
8619347_3356194.tif,8618621.890411712,3356920.2034332873
8619347_3356194.tif,8618927.63852481,3356920.2034332873
8619347_3356194.tif,8619233.386637907,3356920.2034332873
8619347_3356194.tif,8619539.134751005,3356920.2034332873
8619347_3356194.tif,8619844.882864103,3356920.2034332873
8619347_3356194.tif,8620150.630977202,3356920.2034332873
8619347_3356194.tif,8620456.3790903,3356920.2034332873
8619347_3356194.tif,8620685.690175124,3356920.2034332873
8619347_3356194.tif,8618010.394185515,3356614.4553201897
8619347_3356194.tif,8618316.142298613,3356614.4553201897
8619347_3356194.tif,8618621.890411712,3356614.4553201897
8619347_3356194.tif,8618927.63852481,3356614.4553201897
8619347_3356194.tif,8619233.386637907,3356614.4553201897
8619347_3356194.tif,8619539.134751005,3356614.4553201897
8619347_3356194.tif,8619844.882864103,3356614.4553201897
8619347_3356194.tif,8620150.630977202,3356614.4553201897
8619347_3356194.tif,8620456.3790903,3356614.4553201897
8619347_3356194.tif,8620685.690175124,3356614.4553201897
8619347_3356194.tif,8618010.394185515,3356308.707207092
8619347_3356194.tif,8618316.142298613,3356308.707207092
8619347_3356194.tif,8618621.890411712,3356308.707207092
8619347_3356194.tif,8618927.63852481,3356308.707207092
8619347_3356194.tif,8619233.386637907,3356308.707207092
8619347_3356194.tif,8619539.134751005,3356308.707207092
8619347_3356194.tif,8619844.882864103,3356308.707207092
8619347_3356194.tif,8620150.630977202,3356308.707207092
8619347_3356194.tif,8620456.3790903,3356308.707207092
8619347_3356194.tif,8620685.690175124,3356308.707207092
8619347_3356194.tif,8618010.394185515,3356002.9590939945
8619347_3356194.tif,8618316.142298613,3356002.9590939945
8619347_3356194.tif,8618621.890411712,3356002.9590939945
8619347_3356194.tif,8618927.63852481,3356002.9590939945
8619347_3356194.tif,8619233.386637907,3356002.9590939945
8619347_3356194.tif,8619539.134751005,3356002.9590939945
8619347_3356194.tif,8619844.882864103,3356002.9590939945
8619347_3356194.tif,8620150.630977202,3356002.9590939945
8619347_3356194.tif,8620456.3790903,3356002.9590939945
8619347_3356194.tif,8620685.690175124,3356002.9590939945
8619347_3356194.tif,8618010.394185515,3355697.210980897
8619347_3356194.tif,8618316.142298613,3355697.210980897
8619347_3356194.tif,8618621.890411712,3355697.210980897
8619347_3356194.tif,8618927.63852481,3355697.210980897
8619347_3356194.tif,8619233.386637907,3355697.210980897
8619347_3356194.tif,8619539.134751005,3355697.210980897
8619347_3356194.tif,8619844.882864103,3355697.210980897
8619347_3356194.tif,8620150.630977202,3355697.210980897
8619347_3356194.tif,8620456.3790903,3355697.210980897
8619347_3356194.tif,8620685.690175124,3355697.210980897
8619347_3356194.tif,8618010.394185515,3355391.462867799
8619347_3356194.tif,8618316.142298613,3355391.462867799
8619347_3356194.tif,8618621.890411712,3355391.462867799
8619347_3356194.tif,8618927.63852481,3355391.462867799
8619347_3356194.tif,8619233.386637907,3355391.462867799
8619347_3356194.tif,8619539.134751005,3355391.462867799
8619347_3356194.tif,8619844.882864103,3355391.462867799
8619347_3356194.tif,8620150.630977202,3355391.462867799
8619347_3356194.tif,8620456.3790903,3355391.462867799
8619347_3356194.tif,8620685.690175124,3355391.462867799
8619347_3356194.tif,8618010.394185515,3355085.714754701
8619347_3356194.tif,8618316.142298613,3355085.714754701
8619347_3356194.tif,8618621.890411712,3355085.714754701
8619347_3356194.tif,8618927.63852481,3355085.714754701
8619347_3356194.tif,8619233.386637907,3355085.714754701
8619347_3356194.tif,8619539.134751005,3355085.714754701
8619347_3356194.tif,8619844.882864103,3355085.714754701
8619347_3356194.tif,8620150.630977202,3355085.714754701
8619347_3356194.tif,8620456.3790903,3355085.714754701
8619347_3356194.tif,8620685.690175124,3355085.714754701
8619347_3356194.tif,8618010.394185515,3354856.403669878
8619347_3356194.tif,8618316.142298613,3354856.403669878
8619347_3356194.tif,8618621.890411712,3354856.403669878
8619347_3356194.tif,8618927.63852481,3354856.403669878
8619347_3356194.tif,8619233.386637907,3354856.403669878
8619347_3356194.tif,8619539.134751005,3354856.403669878
8619347_3356194.tif,8619844.882864103,3354856.403669878
8619347_3356194.tif,8620150.630977202,3354856.403669878
8619347_3356194.tif,8620456.3790903,3354856.403669878
8619347_3356194.tif,8620685.690175124,3354856.403669878
8619347_3358946.tif,8618010.394185515,3360283.432677364
8619347_3358946.tif,8618316.142298613,3360283.432677364
8619347_3358946.tif,8618621.890411712,3360283.432677364
8619347_3358946.tif,8618927.63852481,3360283.432677364
8619347_3358946.tif,8619233.386637907,3360283.432677364
8619347_3358946.tif,8619539.134751005,3360283.432677364
8619347_3358946.tif,8619844.882864103,3360283.432677364
8619347_3358946.tif,8620150.630977202,3360283.432677364
8619347_3358946.tif,8620456.3790903,3360283.432677364
8619347_3358946.tif,8620685.690175124,3360283.432677364
8619347_3358946.tif,8618010.394185515,3359977.6845642664
8619347_3358946.tif,8618316.142298613,3359977.6845642664
8619347_3358946.tif,8618621.890411712,3359977.6845642664
8619347_3358946.tif,8618927.63852481,3359977.6845642664
8619347_3358946.tif,8619233.386637907,3359977.6845642664
8619347_3358946.tif,8619539.134751005,3359977.6845642664
8619347_3358946.tif,8619844.882864103,3359977.6845642664
8619347_3358946.tif,8620150.630977202,3359977.6845642664
8619347_3358946.tif,8620456.3790903,3359977.6845642664
8619347_3358946.tif,8620685.690175124,3359977.6845642664
8619347_3358946.tif,8618010.394185515,3359671.9364511687
8619347_3358946.tif,8618316.142298613,3359671.9364511687
8619347_3358946.tif,8618621.890411712,3359671.9364511687
8619347_3358946.tif,8618927.63852481,3359671.9364511687
8619347_3358946.tif,8619233.386637907,3359671.9364511687
8619347_3358946.tif,8619539.134751005,3359671.9364511687
8619347_3358946.tif,8619844.882864103,3359671.9364511687
8619347_3358946.tif,8620150.630977202,3359671.9364511687
8619347_3358946.tif,8620456.3790903,3359671.9364511687
8619347_3358946.tif,8620685.690175124,3359671.9364511687
8619347_3358946.tif,8618010.394185515,3359366.188338071
8619347_3358946.tif,8618316.142298613,3359366.188338071
8619347_3358946.tif,8618621.890411712,3359366.188338071
8619347_3358946.tif,8618927.63852481,3359366.188338071
8619347_3358946.tif,8619233.386637907,3359366.188338071
8619347_3358946.tif,8619539.134751005,3359366.188338071
8619347_3358946.tif,8619844.882864103,3359366.188338071
8619347_3358946.tif,8620150.630977202,3359366.188338071
8619347_3358946.tif,8620456.3790903,3359366.188338071
8619347_3358946.tif,8620685.690175124,3359366.188338071
8619347_3358946.tif,8618010.394185515,3359060.4402249735
8619347_3358946.tif,8618316.142298613,3359060.4402249735
8619347_3358946.tif,8618621.890411712,3359060.4402249735
8619347_3358946.tif,8618927.63852481,3359060.4402249735
8619347_3358946.tif,8619233.386637907,3359060.4402249735
8619347_3358946.tif,8619539.134751005,3359060.4402249735
8619347_3358946.tif,8619844.882864103,3359060.4402249735
8619347_3358946.tif,8620150.630977202,3359060.4402249735
8619347_3358946.tif,8620456.3790903,3359060.4402249735
8619347_3358946.tif,8620685.690175124,3359060.4402249735
8619347_3358946.tif,8618010.394185515,3358754.692111876
8619347_3358946.tif,8618316.142298613,3358754.692111876
8619347_3358946.tif,8618621.890411712,3358754.692111876
8619347_3358946.tif,8618927.63852481,3358754.692111876
8619347_3358946.tif,8619233.386637907,3358754.692111876
8619347_3358946.tif,8619539.134751005,3358754.692111876
8619347_3358946.tif,8619844.882864103,3358754.692111876
8619347_3358946.tif,8620150.630977202,3358754.692111876
8619347_3358946.tif,8620456.3790903,3358754.692111876
8619347_3358946.tif,8620685.690175124,3358754.692111876
8619347_3358946.tif,8618010.394185515,3358448.9439987782
8619347_3358946.tif,8618316.142298613,3358448.9439987782
8619347_3358946.tif,8618621.890411712,3358448.9439987782
8619347_3358946.tif,8618927.63852481,3358448.9439987782
8619347_3358946.tif,8619233.386637907,3358448.9439987782
8619347_3358946.tif,8619539.134751005,3358448.9439987782
8619347_3358946.tif,8619844.882864103,3358448.9439987782
8619347_3358946.tif,8620150.630977202,3358448.9439987782
8619347_3358946.tif,8620456.3790903,3358448.9439987782
8619347_3358946.tif,8620685.690175124,3358448.9439987782
8619347_3358946.tif,8618010.394185515,3358143.1958856806
8619347_3358946.tif,8618316.142298613,3358143.1958856806
8619347_3358946.tif,8618621.890411712,3358143.1958856806
8619347_3358946.tif,8618927.63852481,3358143.1958856806
8619347_3358946.tif,8619233.386637907,3358143.1958856806
8619347_3358946.tif,8619539.134751005,3358143.1958856806
8619347_3358946.tif,8619844.882864103,3358143.1958856806
8619347_3358946.tif,8620150.630977202,3358143.1958856806
8619347_3358946.tif,8620456.3790903,3358143.1958856806
8619347_3358946.tif,8620685.690175124,3358143.1958856806
8619347_3358946.tif,8618010.394185515,3357837.4477725825
8619347_3358946.tif,8618316.142298613,3357837.4477725825
8619347_3358946.tif,8618621.890411712,3357837.4477725825
8619347_3358946.tif,8618927.63852481,3357837.4477725825
8619347_3358946.tif,8619233.386637907,3357837.4477725825
8619347_3358946.tif,8619539.134751005,3357837.4477725825
8619347_3358946.tif,8619844.882864103,3357837.4477725825
8619347_3358946.tif,8620150.630977202,3357837.4477725825
8619347_3358946.tif,8620456.3790903,3357837.4477725825
8619347_3358946.tif,8620685.690175124,3357837.4477725825
8619347_3358946.tif,8618010.394185515,3357608.1366877593
8619347_3358946.tif,8618316.142298613,3357608.1366877593
8619347_3358946.tif,8618621.890411712,3357608.1366877593
8619347_3358946.tif,8618927.63852481,3357608.1366877593
8619347_3358946.tif,8619233.386637907,3357608.1366877593
8619347_3358946.tif,8619539.134751005,3357608.1366877593
8619347_3358946.tif,8619844.882864103,3357608.1366877593
8619347_3358946.tif,8620150.630977202,3357608.1366877593
8619347_3358946.tif,8620456.3790903,3357608.1366877593
8619347_3358946.tif,8620685.690175124,3357608.1366877593
8619347_3361698.tif,8618010.394185515,3363035.1656952472
8619347_3361698.tif,8618316.142298613,3363035.1656952472
8619347_3361698.tif,8618621.890411712,3363035.1656952472
8619347_3361698.tif,8618927.63852481,3363035.1656952472
8619347_3361698.tif,8619233.386637907,3363035.1656952472
8619347_3361698.tif,8619539.134751005,3363035.1656952472
8619347_3361698.tif,8619844.882864103,3363035.1656952472
8619347_3361698.tif,8620150.630977202,3363035.1656952472
8619347_3361698.tif,8620456.3790903,3363035.1656952472
8619347_3361698.tif,8620685.690175124,3363035.1656952472
8619347_3361698.tif,8618010.394185515,3362729.417582149
8619347_3361698.tif,8618316.142298613,3362729.417582149
8619347_3361698.tif,8618621.890411712,3362729.417582149
8619347_3361698.tif,8618927.63852481,3362729.417582149
8619347_3361698.tif,8619233.386637907,3362729.417582149
8619347_3361698.tif,8619539.134751005,3362729.417582149
8619347_3361698.tif,8619844.882864103,3362729.417582149
8619347_3361698.tif,8620150.630977202,3362729.417582149
8619347_3361698.tif,8620456.3790903,3362729.417582149
8619347_3361698.tif,8620685.690175124,3362729.417582149
8619347_3361698.tif,8618010.394185515,3362423.669469051
8619347_3361698.tif,8618316.142298613,3362423.669469051
8619347_3361698.tif,8618621.890411712,3362423.669469051
8619347_3361698.tif,8618927.63852481,3362423.669469051
8619347_3361698.tif,8619233.386637907,3362423.669469051
8619347_3361698.tif,8619539.134751005,3362423.669469051
8619347_3361698.tif,8619844.882864103,3362423.669469051
8619347_3361698.tif,8620150.630977202,3362423.669469051
8619347_3361698.tif,8620456.3790903,3362423.669469051
8619347_3361698.tif,8620685.690175124,3362423.669469051
8619347_3361698.tif,8618010.394185515,3362117.9213559534
8619347_3361698.tif,8618316.142298613,3362117.9213559534
8619347_3361698.tif,8618621.890411712,3362117.9213559534
8619347_3361698.tif,8618927.63852481,3362117.9213559534
8619347_3361698.tif,8619233.386637907,3362117.9213559534
8619347_3361698.tif,8619539.134751005,3362117.9213559534
8619347_3361698.tif,8619844.882864103,3362117.9213559534
8619347_3361698.tif,8620150.630977202,3362117.9213559534
8619347_3361698.tif,8620456.3790903,3362117.9213559534
8619347_3361698.tif,8620685.690175124,3362117.9213559534
8619347_3361698.tif,8618010.394185515,3361812.173242855
8619347_3361698.tif,8618316.142298613,3361812.173242855
8619347_3361698.tif,8618621.890411712,3361812.173242855
8619347_3361698.tif,8618927.63852481,3361812.173242855
8619347_3361698.tif,8619233.386637907,3361812.173242855
8619347_3361698.tif,8619539.134751005,3361812.173242855
8619347_3361698.tif,8619844.882864103,3361812.173242855
8619347_3361698.tif,8620150.630977202,3361812.173242855
8619347_3361698.tif,8620456.3790903,3361812.173242855
8619347_3361698.tif,8620685.690175124,3361812.173242855
8619347_3361698.tif,8618010.394185515,3361506.4251297573
8619347_3361698.tif,8618316.142298613,3361506.4251297573
8619347_3361698.tif,8618621.890411712,3361506.4251297573
8619347_3361698.tif,8618927.63852481,3361506.4251297573
8619347_3361698.tif,8619233.386637907,3361506.4251297573
8619347_3361698.tif,8619539.134751005,3361506.4251297573
8619347_3361698.tif,8619844.882864103,3361506.4251297573
8619347_3361698.tif,8620150.630977202,3361506.4251297573
8619347_3361698.tif,8620456.3790903,3361506.4251297573
8619347_3361698.tif,8620685.690175124,3361506.4251297573
8619347_3361698.tif,8618010.394185515,3361200.677016659
8619347_3361698.tif,8618316.142298613,3361200.677016659
8619347_3361698.tif,8618621.890411712,3361200.677016659
8619347_3361698.tif,8618927.63852481,3361200.677016659
8619347_3361698.tif,8619233.386637907,3361200.677016659
8619347_3361698.tif,8619539.134751005,3361200.677016659
8619347_3361698.tif,8619844.882864103,3361200.677016659
8619347_3361698.tif,8620150.630977202,3361200.677016659
8619347_3361698.tif,8620456.3790903,3361200.677016659
8619347_3361698.tif,8620685.690175124,3361200.677016659
8619347_3361698.tif,8618010.394185515,3360894.928903561
8619347_3361698.tif,8618316.142298613,3360894.928903561
8619347_3361698.tif,8618621.890411712,3360894.928903561
8619347_3361698.tif,8618927.63852481,3360894.928903561
8619347_3361698.tif,8619233.386637907,3360894.928903561
8619347_3361698.tif,8619539.134751005,3360894.928903561
8619347_3361698.tif,8619844.882864103,3360894.928903561
8619347_3361698.tif,8620150.630977202,3360894.928903561
8619347_3361698.tif,8620456.3790903,3360894.928903561
8619347_3361698.tif,8620685.690175124,3360894.928903561
8619347_3361698.tif,8618010.394185515,3360589.180790463
8619347_3361698.tif,8618316.142298613,3360589.180790463
8619347_3361698.tif,8618621.890411712,3360589.180790463
8619347_3361698.tif,8618927.63852481,3360589.180790463
8619347_3361698.tif,8619233.386637907,3360589.180790463
8619347_3361698.tif,8619539.134751005,3360589.180790463
8619347_3361698.tif,8619844.882864103,3360589.180790463
8619347_3361698.tif,8620150.630977202,3360589.180790463
8619347_3361698.tif,8620456.3790903,3360589.180790463
8619347_3361698.tif,8620685.690175124,3360589.180790463
8619347_3361698.tif,8618010.394185515,3360359.8697056393
8619347_3361698.tif,8618316.142298613,3360359.8697056393
8619347_3361698.tif,8618621.890411712,3360359.8697056393
8619347_3361698.tif,8618927.63852481,3360359.8697056393
8619347_3361698.tif,8619233.386637907,3360359.8697056393
8619347_3361698.tif,8619539.134751005,3360359.8697056393
8619347_3361698.tif,8619844.882864103,3360359.8697056393
8619347_3361698.tif,8620150.630977202,3360359.8697056393
8619347_3361698.tif,8620456.3790903,3360359.8697056393
8619347_3361698.tif,8620685.690175124,3360359.8697056393
8619347_3364449.tif,8618010.394185515,3365786.898712878
8619347_3364449.tif,8618316.142298613,3365786.898712878
8619347_3364449.tif,8618621.890411712,3365786.898712878
8619347_3364449.tif,8618927.63852481,3365786.898712878
8619347_3364449.tif,8619233.386637907,3365786.898712878
8619347_3364449.tif,8619539.134751005,3365786.898712878
8619347_3364449.tif,8619844.882864103,3365786.898712878
8619347_3364449.tif,8620150.630977202,3365786.898712878
8619347_3364449.tif,8620456.3790903,3365786.898712878
8619347_3364449.tif,8620685.690175124,3365786.898712878
8619347_3364449.tif,8618010.394185515,3365481.1505998066
8619347_3364449.tif,8618316.142298613,3365481.1505998066
8619347_3364449.tif,8618621.890411712,3365481.1505998066
8619347_3364449.tif,8618927.63852481,3365481.1505998066
8619347_3364449.tif,8619233.386637907,3365481.1505998066
8619347_3364449.tif,8619539.134751005,3365481.1505998066
8619347_3364449.tif,8619844.882864103,3365481.1505998066
8619347_3364449.tif,8620150.630977202,3365481.1505998066
8619347_3364449.tif,8620456.3790903,3365481.1505998066
8619347_3364449.tif,8620685.690175124,3365481.1505998066
8619347_3364449.tif,8618010.394185515,3365175.402486736
8619347_3364449.tif,8618316.142298613,3365175.402486736
8619347_3364449.tif,8618621.890411712,3365175.402486736
8619347_3364449.tif,8618927.63852481,3365175.402486736
8619347_3364449.tif,8619233.386637907,3365175.402486736
8619347_3364449.tif,8619539.134751005,3365175.402486736
8619347_3364449.tif,8619844.882864103,3365175.402486736
8619347_3364449.tif,8620150.630977202,3365175.402486736
8619347_3364449.tif,8620456.3790903,3365175.402486736
8619347_3364449.tif,8620685.690175124,3365175.402486736
8619347_3364449.tif,8618010.394185515,3364869.6543736644
8619347_3364449.tif,8618316.142298613,3364869.6543736644
8619347_3364449.tif,8618621.890411712,3364869.6543736644
8619347_3364449.tif,8618927.63852481,3364869.6543736644
8619347_3364449.tif,8619233.386637907,3364869.6543736644
8619347_3364449.tif,8619539.134751005,3364869.6543736644
8619347_3364449.tif,8619844.882864103,3364869.6543736644
8619347_3364449.tif,8620150.630977202,3364869.6543736644
8619347_3364449.tif,8620456.3790903,3364869.6543736644
8619347_3364449.tif,8620685.690175124,3364869.6543736644
8619347_3364449.tif,8618010.394185515,3364563.906260594
8619347_3364449.tif,8618316.142298613,3364563.906260594
8619347_3364449.tif,8618621.890411712,3364563.906260594
8619347_3364449.tif,8618927.63852481,3364563.906260594
8619347_3364449.tif,8619233.386637907,3364563.906260594
8619347_3364449.tif,8619539.134751005,3364563.906260594
8619347_3364449.tif,8619844.882864103,3364563.906260594
8619347_3364449.tif,8620150.630977202,3364563.906260594
8619347_3364449.tif,8620456.3790903,3364563.906260594
8619347_3364449.tif,8620685.690175124,3364563.906260594
8619347_3364449.tif,8618010.394185515,3364258.1581475222
8619347_3364449.tif,8618316.142298613,3364258.1581475222
8619347_3364449.tif,8618621.890411712,3364258.1581475222
8619347_3364449.tif,8618927.63852481,3364258.1581475222
8619347_3364449.tif,8619233.386637907,3364258.1581475222
8619347_3364449.tif,8619539.134751005,3364258.1581475222
8619347_3364449.tif,8619844.882864103,3364258.1581475222
8619347_3364449.tif,8620150.630977202,3364258.1581475222
8619347_3364449.tif,8620456.3790903,3364258.1581475222
8619347_3364449.tif,8620685.690175124,3364258.1581475222
8619347_3364449.tif,8618010.394185515,3363952.4100344516
8619347_3364449.tif,8618316.142298613,3363952.4100344516
8619347_3364449.tif,8618621.890411712,3363952.4100344516
8619347_3364449.tif,8618927.63852481,3363952.4100344516
8619347_3364449.tif,8619233.386637907,3363952.4100344516
8619347_3364449.tif,8619539.134751005,3363952.4100344516
8619347_3364449.tif,8619844.882864103,3363952.4100344516
8619347_3364449.tif,8620150.630977202,3363952.4100344516
8619347_3364449.tif,8620456.3790903,3363952.4100344516
8619347_3364449.tif,8620685.690175124,3363952.4100344516
8619347_3364449.tif,8618010.394185515,3363646.66192138
8619347_3364449.tif,8618316.142298613,3363646.66192138
8619347_3364449.tif,8618621.890411712,3363646.66192138
8619347_3364449.tif,8618927.63852481,3363646.66192138
8619347_3364449.tif,8619233.386637907,3363646.66192138
8619347_3364449.tif,8619539.134751005,3363646.66192138
8619347_3364449.tif,8619844.882864103,3363646.66192138
8619347_3364449.tif,8620150.630977202,3363646.66192138
8619347_3364449.tif,8620456.3790903,3363646.66192138
8619347_3364449.tif,8620685.690175124,3363646.66192138
8619347_3364449.tif,8618010.394185515,3363340.9138083095
8619347_3364449.tif,8618316.142298613,3363340.9138083095
8619347_3364449.tif,8618621.890411712,3363340.9138083095
8619347_3364449.tif,8618927.63852481,3363340.9138083095
8619347_3364449.tif,8619233.386637907,3363340.9138083095
8619347_3364449.tif,8619539.134751005,3363340.9138083095
8619347_3364449.tif,8619844.882864103,3363340.9138083095
8619347_3364449.tif,8620150.630977202,3363340.9138083095
8619347_3364449.tif,8620456.3790903,3363340.9138083095
8619347_3364449.tif,8620685.690175124,3363340.9138083095
8619347_3364449.tif,8618010.394185515,3363111.6027235063
8619347_3364449.tif,8618316.142298613,3363111.6027235063
8619347_3364449.tif,8618621.890411712,3363111.6027235063
8619347_3364449.tif,8618927.63852481,3363111.6027235063
8619347_3364449.tif,8619233.386637907,3363111.6027235063
8619347_3364449.tif,8619539.134751005,3363111.6027235063
8619347_3364449.tif,8619844.882864103,3363111.6027235063
8619347_3364449.tif,8620150.630977202,3363111.6027235063
8619347_3364449.tif,8620456.3790903,3363111.6027235063
8619347_3364449.tif,8620685.690175124,3363111.6027235063
8619347_3367201.tif,8618010.394185515,3368538.6317307577
8619347_3367201.tif,8618316.142298613,3368538.6317307577
8619347_3367201.tif,8618621.890411712,3368538.6317307577
8619347_3367201.tif,8618927.63852481,3368538.6317307577
8619347_3367201.tif,8619233.386637907,3368538.6317307577
8619347_3367201.tif,8619539.134751005,3368538.6317307577
8619347_3367201.tif,8619844.882864103,3368538.6317307577
8619347_3367201.tif,8620150.630977202,3368538.6317307577
8619347_3367201.tif,8620456.3790903,3368538.6317307577
8619347_3367201.tif,8620685.690175124,3368538.6317307577
8619347_3367201.tif,8618010.394185515,3368232.883617686
8619347_3367201.tif,8618316.142298613,3368232.883617686
8619347_3367201.tif,8618621.890411712,3368232.883617686
8619347_3367201.tif,8618927.63852481,3368232.883617686
8619347_3367201.tif,8619233.386637907,3368232.883617686
8619347_3367201.tif,8619539.134751005,3368232.883617686
8619347_3367201.tif,8619844.882864103,3368232.883617686
8619347_3367201.tif,8620150.630977202,3368232.883617686
8619347_3367201.tif,8620456.3790903,3368232.883617686
8619347_3367201.tif,8620685.690175124,3368232.883617686
8619347_3367201.tif,8618010.394185515,3367927.135504615
8619347_3367201.tif,8618316.142298613,3367927.135504615
8619347_3367201.tif,8618621.890411712,3367927.135504615
8619347_3367201.tif,8618927.63852481,3367927.135504615
8619347_3367201.tif,8619233.386637907,3367927.135504615
8619347_3367201.tif,8619539.134751005,3367927.135504615
8619347_3367201.tif,8619844.882864103,3367927.135504615
8619347_3367201.tif,8620150.630977202,3367927.135504615
8619347_3367201.tif,8620456.3790903,3367927.135504615
8619347_3367201.tif,8620685.690175124,3367927.135504615
8619347_3367201.tif,8618010.394185515,3367621.387391544
8619347_3367201.tif,8618316.142298613,3367621.387391544
8619347_3367201.tif,8618621.890411712,3367621.387391544
8619347_3367201.tif,8618927.63852481,3367621.387391544
8619347_3367201.tif,8619233.386637907,3367621.387391544
8619347_3367201.tif,8619539.134751005,3367621.387391544
8619347_3367201.tif,8619844.882864103,3367621.387391544
8619347_3367201.tif,8620150.630977202,3367621.387391544
8619347_3367201.tif,8620456.3790903,3367621.387391544
8619347_3367201.tif,8620685.690175124,3367621.387391544
8619347_3367201.tif,8618010.394185515,3367315.6392784724
8619347_3367201.tif,8618316.142298613,3367315.6392784724
8619347_3367201.tif,8618621.890411712,3367315.6392784724
8619347_3367201.tif,8618927.63852481,3367315.6392784724
8619347_3367201.tif,8619233.386637907,3367315.6392784724
8619347_3367201.tif,8619539.134751005,3367315.6392784724
8619347_3367201.tif,8619844.882864103,3367315.6392784724
8619347_3367201.tif,8620150.630977202,3367315.6392784724
8619347_3367201.tif,8620456.3790903,3367315.6392784724
8619347_3367201.tif,8620685.690175124,3367315.6392784724
8619347_3367201.tif,8618010.394185515,3367009.891165402
8619347_3367201.tif,8618316.142298613,3367009.891165402
8619347_3367201.tif,8618621.890411712,3367009.891165402
8619347_3367201.tif,8618927.63852481,3367009.891165402
8619347_3367201.tif,8619233.386637907,3367009.891165402
8619347_3367201.tif,8619539.134751005,3367009.891165402
8619347_3367201.tif,8619844.882864103,3367009.891165402
8619347_3367201.tif,8620150.630977202,3367009.891165402
8619347_3367201.tif,8620456.3790903,3367009.891165402
8619347_3367201.tif,8620685.690175124,3367009.891165402
8619347_3367201.tif,8618010.394185515,3366704.1430523302
8619347_3367201.tif,8618316.142298613,3366704.1430523302
8619347_3367201.tif,8618621.890411712,3366704.1430523302
8619347_3367201.tif,8618927.63852481,3366704.1430523302
8619347_3367201.tif,8619233.386637907,3366704.1430523302
8619347_3367201.tif,8619539.134751005,3366704.1430523302
8619347_3367201.tif,8619844.882864103,3366704.1430523302
8619347_3367201.tif,8620150.630977202,3366704.1430523302
8619347_3367201.tif,8620456.3790903,3366704.1430523302
8619347_3367201.tif,8620685.690175124,3366704.1430523302
8619347_3367201.tif,8618010.394185515,3366398.394939259
8619347_3367201.tif,8618316.142298613,3366398.394939259
8619347_3367201.tif,8618621.890411712,3366398.394939259
8619347_3367201.tif,8618927.63852481,3366398.394939259
8619347_3367201.tif,8619233.386637907,3366398.394939259
8619347_3367201.tif,8619539.134751005,3366398.394939259
8619347_3367201.tif,8619844.882864103,3366398.394939259
8619347_3367201.tif,8620150.630977202,3366398.394939259
8619347_3367201.tif,8620456.3790903,3366398.394939259
8619347_3367201.tif,8620685.690175124,3366398.394939259
8619347_3367201.tif,8618010.394185515,3366092.646826188
8619347_3367201.tif,8618316.142298613,3366092.646826188
8619347_3367201.tif,8618621.890411712,3366092.646826188
8619347_3367201.tif,8618927.63852481,3366092.646826188
8619347_3367201.tif,8619233.386637907,3366092.646826188
8619347_3367201.tif,8619539.134751005,3366092.646826188
8619347_3367201.tif,8619844.882864103,3366092.646826188
8619347_3367201.tif,8620150.630977202,3366092.646826188
8619347_3367201.tif,8620456.3790903,3366092.646826188
8619347_3367201.tif,8620685.690175124,3366092.646826188
8619347_3367201.tif,8618010.394185515,3365863.335741385
8619347_3367201.tif,8618316.142298613,3365863.335741385
8619347_3367201.tif,8618621.890411712,3365863.335741385
8619347_3367201.tif,8618927.63852481,3365863.335741385
8619347_3367201.tif,8619233.386637907,3365863.335741385
8619347_3367201.tif,8619539.134751005,3365863.335741385
8619347_3367201.tif,8619844.882864103,3365863.335741385
8619347_3367201.tif,8620150.630977202,3365863.335741385
8619347_3367201.tif,8620456.3790903,3365863.335741385
8619347_3367201.tif,8620685.690175124,3365863.335741385
8619347_3369953.tif,8618010.394185515,3371290.364748624
8619347_3369953.tif,8618316.142298613,3371290.364748624
8619347_3369953.tif,8618621.890411712,3371290.364748624
8619347_3369953.tif,8618927.63852481,3371290.364748624
8619347_3369953.tif,8619233.386637907,3371290.364748624
8619347_3369953.tif,8619539.134751005,3371290.364748624
8619347_3369953.tif,8619844.882864103,3371290.364748624
8619347_3369953.tif,8620150.630977202,3371290.364748624
8619347_3369953.tif,8620456.3790903,3371290.364748624
8619347_3369953.tif,8620685.690175124,3371290.364748624
8619347_3369953.tif,8618010.394185515,3370984.6166355265
8619347_3369953.tif,8618316.142298613,3370984.6166355265
8619347_3369953.tif,8618621.890411712,3370984.6166355265
8619347_3369953.tif,8618927.63852481,3370984.6166355265
8619347_3369953.tif,8619233.386637907,3370984.6166355265
8619347_3369953.tif,8619539.134751005,3370984.6166355265
8619347_3369953.tif,8619844.882864103,3370984.6166355265
8619347_3369953.tif,8620150.630977202,3370984.6166355265
8619347_3369953.tif,8620456.3790903,3370984.6166355265
8619347_3369953.tif,8620685.690175124,3370984.6166355265
8619347_3369953.tif,8618010.394185515,3370678.8685224284
8619347_3369953.tif,8618316.142298613,3370678.8685224284
8619347_3369953.tif,8618621.890411712,3370678.8685224284
8619347_3369953.tif,8618927.63852481,3370678.8685224284
8619347_3369953.tif,8619233.386637907,3370678.8685224284
8619347_3369953.tif,8619539.134751005,3370678.8685224284
8619347_3369953.tif,8619844.882864103,3370678.8685224284
8619347_3369953.tif,8620150.630977202,3370678.8685224284
8619347_3369953.tif,8620456.3790903,3370678.8685224284
8619347_3369953.tif,8620685.690175124,3370678.8685224284
8619347_3369953.tif,8618010.394185515,3370373.1204093304
8619347_3369953.tif,8618316.142298613,3370373.1204093304
8619347_3369953.tif,8618621.890411712,3370373.1204093304
8619347_3369953.tif,8618927.63852481,3370373.1204093304
8619347_3369953.tif,8619233.386637907,3370373.1204093304
8619347_3369953.tif,8619539.134751005,3370373.1204093304
8619347_3369953.tif,8619844.882864103,3370373.1204093304
8619347_3369953.tif,8620150.630977202,3370373.1204093304
8619347_3369953.tif,8620456.3790903,3370373.1204093304
8619347_3369953.tif,8620685.690175124,3370373.1204093304
8619347_3369953.tif,8618010.394185515,3370067.3722962327
8619347_3369953.tif,8618316.142298613,3370067.3722962327
8619347_3369953.tif,8618621.890411712,3370067.3722962327
8619347_3369953.tif,8618927.63852481,3370067.3722962327
8619347_3369953.tif,8619233.386637907,3370067.3722962327
8619347_3369953.tif,8619539.134751005,3370067.3722962327
8619347_3369953.tif,8619844.882864103,3370067.3722962327
8619347_3369953.tif,8620150.630977202,3370067.3722962327
8619347_3369953.tif,8620456.3790903,3370067.3722962327
8619347_3369953.tif,8620685.690175124,3370067.3722962327
8619347_3369953.tif,8618010.394185515,3369761.6241831346
8619347_3369953.tif,8618316.142298613,3369761.6241831346
8619347_3369953.tif,8618621.890411712,3369761.6241831346
8619347_3369953.tif,8618927.63852481,3369761.6241831346
8619347_3369953.tif,8619233.386637907,3369761.6241831346
8619347_3369953.tif,8619539.134751005,3369761.6241831346
8619347_3369953.tif,8619844.882864103,3369761.6241831346
8619347_3369953.tif,8620150.630977202,3369761.6241831346
8619347_3369953.tif,8620456.3790903,3369761.6241831346
8619347_3369953.tif,8620685.690175124,3369761.6241831346
8619347_3369953.tif,8618010.394185515,3369455.8760700366
8619347_3369953.tif,8618316.142298613,3369455.8760700366
8619347_3369953.tif,8618621.890411712,3369455.8760700366
8619347_3369953.tif,8618927.63852481,3369455.8760700366
8619347_3369953.tif,8619233.386637907,3369455.8760700366
8619347_3369953.tif,8619539.134751005,3369455.8760700366
8619347_3369953.tif,8619844.882864103,3369455.8760700366
8619347_3369953.tif,8620150.630977202,3369455.8760700366
8619347_3369953.tif,8620456.3790903,3369455.8760700366
8619347_3369953.tif,8620685.690175124,3369455.8760700366
8619347_3369953.tif,8618010.394185515,3369150.127956939
8619347_3369953.tif,8618316.142298613,3369150.127956939
8619347_3369953.tif,8618621.890411712,3369150.127956939
8619347_3369953.tif,8618927.63852481,3369150.127956939
8619347_3369953.tif,8619233.386637907,3369150.127956939
8619347_3369953.tif,8619539.134751005,3369150.127956939
8619347_3369953.tif,8619844.882864103,3369150.127956939
8619347_3369953.tif,8620150.630977202,3369150.127956939
8619347_3369953.tif,8620456.3790903,3369150.127956939
8619347_3369953.tif,8620685.690175124,3369150.127956939
8619347_3369953.tif,8618010.394185515,3368844.3798438404
8619347_3369953.tif,8618316.142298613,3368844.3798438404
8619347_3369953.tif,8618621.890411712,3368844.3798438404
8619347_3369953.tif,8618927.63852481,3368844.3798438404
8619347_3369953.tif,8619233.386637907,3368844.3798438404
8619347_3369953.tif,8619539.134751005,3368844.3798438404
8619347_3369953.tif,8619844.882864103,3368844.3798438404
8619347_3369953.tif,8620150.630977202,3368844.3798438404
8619347_3369953.tif,8620456.3790903,3368844.3798438404
8619347_3369953.tif,8620685.690175124,3368844.3798438404
8619347_3369953.tif,8618010.394185515,3368615.068759017
8619347_3369953.tif,8618316.142298613,3368615.068759017
8619347_3369953.tif,8618621.890411712,3368615.068759017
8619347_3369953.tif,8618927.63852481,3368615.068759017
8619347_3369953.tif,8619233.386637907,3368615.068759017
8619347_3369953.tif,8619539.134751005,3368615.068759017
8619347_3369953.tif,8619844.882864103,3368615.068759017
8619347_3369953.tif,8620150.630977202,3368615.068759017
8619347_3369953.tif,8620456.3790903,3368615.068759017
8619347_3369953.tif,8620685.690175124,3368615.068759017
8619347_3372705.tif,8618010.394185515,3374042.097766505
8619347_3372705.tif,8618316.142298613,3374042.097766505
8619347_3372705.tif,8618621.890411712,3374042.097766505
8619347_3372705.tif,8618927.63852481,3374042.097766505
8619347_3372705.tif,8619233.386637907,3374042.097766505
8619347_3372705.tif,8619539.134751005,3374042.097766505
8619347_3372705.tif,8619844.882864103,3374042.097766505
8619347_3372705.tif,8620150.630977202,3374042.097766505
8619347_3372705.tif,8620456.3790903,3374042.097766505
8619347_3372705.tif,8620685.690175124,3374042.097766505
8619347_3372705.tif,8618010.394185515,3373736.349653407
8619347_3372705.tif,8618316.142298613,3373736.349653407
8619347_3372705.tif,8618621.890411712,3373736.349653407
8619347_3372705.tif,8618927.63852481,3373736.349653407
8619347_3372705.tif,8619233.386637907,3373736.349653407
8619347_3372705.tif,8619539.134751005,3373736.349653407
8619347_3372705.tif,8619844.882864103,3373736.349653407
8619347_3372705.tif,8620150.630977202,3373736.349653407
8619347_3372705.tif,8620456.3790903,3373736.349653407
8619347_3372705.tif,8620685.690175124,3373736.349653407
8619347_3372705.tif,8618010.394185515,3373430.6015403084
8619347_3372705.tif,8618316.142298613,3373430.6015403084
8619347_3372705.tif,8618621.890411712,3373430.6015403084
8619347_3372705.tif,8618927.63852481,3373430.6015403084
8619347_3372705.tif,8619233.386637907,3373430.6015403084
8619347_3372705.tif,8619539.134751005,3373430.6015403084
8619347_3372705.tif,8619844.882864103,3373430.6015403084
8619347_3372705.tif,8620150.630977202,3373430.6015403084
8619347_3372705.tif,8620456.3790903,3373430.6015403084
8619347_3372705.tif,8620685.690175124,3373430.6015403084
8619347_3372705.tif,8618010.394185515,3373124.8534272104
8619347_3372705.tif,8618316.142298613,3373124.8534272104
8619347_3372705.tif,8618621.890411712,3373124.8534272104
8619347_3372705.tif,8618927.63852481,3373124.8534272104
8619347_3372705.tif,8619233.386637907,3373124.8534272104
8619347_3372705.tif,8619539.134751005,3373124.8534272104
8619347_3372705.tif,8619844.882864103,3373124.8534272104
8619347_3372705.tif,8620150.630977202,3373124.8534272104
8619347_3372705.tif,8620456.3790903,3373124.8534272104
8619347_3372705.tif,8620685.690175124,3373124.8534272104
8619347_3372705.tif,8618010.394185515,3372819.105314112
8619347_3372705.tif,8618316.142298613,3372819.105314112
8619347_3372705.tif,8618621.890411712,3372819.105314112
8619347_3372705.tif,8618927.63852481,3372819.105314112
8619347_3372705.tif,8619233.386637907,3372819.105314112
8619347_3372705.tif,8619539.134751005,3372819.105314112
8619347_3372705.tif,8619844.882864103,3372819.105314112
8619347_3372705.tif,8620150.630977202,3372819.105314112
8619347_3372705.tif,8620456.3790903,3372819.105314112
8619347_3372705.tif,8620685.690175124,3372819.105314112
8619347_3372705.tif,8618010.394185515,3372513.3572010137
8619347_3372705.tif,8618316.142298613,3372513.3572010137
8619347_3372705.tif,8618621.890411712,3372513.3572010137
8619347_3372705.tif,8618927.63852481,3372513.3572010137
8619347_3372705.tif,8619233.386637907,3372513.3572010137
8619347_3372705.tif,8619539.134751005,3372513.3572010137
8619347_3372705.tif,8619844.882864103,3372513.3572010137
8619347_3372705.tif,8620150.630977202,3372513.3572010137
8619347_3372705.tif,8620456.3790903,3372513.3572010137
8619347_3372705.tif,8620685.690175124,3372513.3572010137
8619347_3372705.tif,8618010.394185515,3372207.609087915
8619347_3372705.tif,8618316.142298613,3372207.609087915
8619347_3372705.tif,8618621.890411712,3372207.609087915
8619347_3372705.tif,8618927.63852481,3372207.609087915
8619347_3372705.tif,8619233.386637907,3372207.609087915
8619347_3372705.tif,8619539.134751005,3372207.609087915
8619347_3372705.tif,8619844.882864103,3372207.609087915
8619347_3372705.tif,8620150.630977202,3372207.609087915
8619347_3372705.tif,8620456.3790903,3372207.609087915
8619347_3372705.tif,8620685.690175124,3372207.609087915
8619347_3372705.tif,8618010.394185515,3371901.860974817
8619347_3372705.tif,8618316.142298613,3371901.860974817
8619347_3372705.tif,8618621.890411712,3371901.860974817
8619347_3372705.tif,8618927.63852481,3371901.860974817
8619347_3372705.tif,8619233.386637907,3371901.860974817
8619347_3372705.tif,8619539.134751005,3371901.860974817
8619347_3372705.tif,8619844.882864103,3371901.860974817
8619347_3372705.tif,8620150.630977202,3371901.860974817
8619347_3372705.tif,8620456.3790903,3371901.860974817
8619347_3372705.tif,8620685.690175124,3371901.860974817
8619347_3372705.tif,8618010.394185515,3371596.112861719
8619347_3372705.tif,8618316.142298613,3371596.112861719
8619347_3372705.tif,8618621.890411712,3371596.112861719
8619347_3372705.tif,8618927.63852481,3371596.112861719
8619347_3372705.tif,8619233.386637907,3371596.112861719
8619347_3372705.tif,8619539.134751005,3371596.112861719
8619347_3372705.tif,8619844.882864103,3371596.112861719
8619347_3372705.tif,8620150.630977202,3371596.112861719
8619347_3372705.tif,8620456.3790903,3371596.112861719
8619347_3372705.tif,8620685.690175124,3371596.112861719
8619347_3372705.tif,8618010.394185515,3371366.8017768953
8619347_3372705.tif,8618316.142298613,3371366.8017768953
8619347_3372705.tif,8618621.890411712,3371366.8017768953
8619347_3372705.tif,8618927.63852481,3371366.8017768953
8619347_3372705.tif,8619233.386637907,3371366.8017768953
8619347_3372705.tif,8619539.134751005,3371366.8017768953
8619347_3372705.tif,8619844.882864103,3371366.8017768953
8619347_3372705.tif,8620150.630977202,3371366.8017768953
8619347_3372705.tif,8620456.3790903,3371366.8017768953
8619347_3372705.tif,8620685.690175124,3371366.8017768953
